PartyId,CollisionId,PartyNumber,PartyType,IsAtFault,IsOnDutyEmergencyVehicle,IsHitAndRun,AirbagCode,AirbagDescription,SafetyEquipmentCode,SafetyEquipmentDescription,Special Information,Other Associate Factor,Inattention,DirectionOfTravel,StreetOrHighwayName,SpeedLimit,MovementPrecCollCode,MovementPrecCollDescription,SobrietyDrugPhysicalCode1,SobrietyDrugPhysicalDescription1,SobrietyDrugPhysicalCode2,SobrietyDrugPhysicalDescription2,GenderCode,GenderDescription,StatedAge,DriverLicenseClass,DriverLicenseStateCode,RaceCode,RaceDesc,Vehicle1TypeId, Vehicle1TypeDesc, Vehicle1Year,Vehicle1Make,Vehicle1Model,Vehicle1Color,V1IsVehicleTowed,Vehicle2TypeId, Vehicle2TypeDesc, Vehicle2Year,Vehicle2Make,Vehicle2Model,Vehicle2Color,V2IsVehicleTowed,Lane,ThruLanes,TotalLanes,IsDREConducted
2688760,1433672,1,Driver,True,False,False,M,AIR BAG NOT DEPLOYED,G,OCCUPANT LAP SHOULDER HARNESS USED,CELL PHONE NOT IN USE,NONE APPARENT,,S,SR-85,65.0,B,PROCEEDING STRAIGHT,A,HAD NOT BEEN DRINKING,,,M,MALE,34.0,C,CA,H,HISPANIC,22.0,PickupsAndPanels,2008.0,FORD,F-350,GRY,,,,,,,,,,,,
2688747,1433665,3,Driver,,False,False,L,AIR BAG DEPLOYED,G,OCCUPANT LAP SHOULDER HARNESS USED,CELL PHONE NOT IN USE,NONE APPARENT,,S,SR-85,65.0,H,SLOWING/STOPPING,A,HAD NOT BEEN DRINKING,,,M,MALE,30.0,C,CA,A,ASIAN,1.0,PassengerCarStationWagonJeep,2018.0,LEXUS,ES350,WHI,,,,,,,,,,,,
2688746,1433665,2,Driver,,False,False,M,AIR BAG NOT DEPLOYED,G,OCCUPANT LAP SHOULDER HARNESS USED,CELL PHONE NOT IN USE,NONE APPARENT,,S,SR-85,65.0,H,SLOWING/STOPPING,A,HAD NOT BEEN DRINKING,,,M,MALE,44.0,C,CA,H,HISPANIC,7.0,SportUtilityVehicle,1999.0,HONDA,Passport,SIL,,,,,,,,,,,,
2688745,1433665,1,Driver,True,False,False,L,AIR BAG DEPLOYED,G,OCCUPANT LAP SHOULDER HARNESS USED,CELL PHONE NOT IN USE,NONE APPARENT,,S,SR-85,65.0,H,SLOWING/STOPPING,A,HAD NOT BEEN DRINKING,,,M,MALE,43.0,C,CA,H,HISPANIC,7.0,SportUtilityVehicle,2018.0,FORD,Flex,BLK,,,,,,,,,,,,
2688744,1433664,1,Driver,True,False,False,M,AIR BAG NOT DEPLOYED,G,OCCUPANT LAP SHOULDER HARNESS USED,CELL PHONE NOT IN USE,NONE APPARENT,,S,I-880 S/B TO BASCOM AVE.,65.0,B,PROCEEDING STRAIGHT,A,HAD NOT BEEN DRINKING,,,M,MALE,38.0,C,CA,H,HISPANIC,1.0,PassengerCarStationWagonJeep,2017.0,HYUN,Accent,BLK,,,,,,,,,,,,
2688575,1433576,2,Driver,,False,False,M,AIR BAG NOT DEPLOYED,G,OCCUPANT LAP SHOULDER HARNESS USED,CELL PHONE NOT IN USE,ENTERING OR LEAVING RAMP,,N,I-280 TO STEVENS CREEK BLVD.,65.0,H,SLOWING/STOPPING,A,HAD NOT BEEN DRINKING,,,M,MALE,41.0,C,CA,W,WHITE,1.0,PassengerCarStationWagonJeep,2018.0,TESLA,  3,WHI,,,,,,,,,,,,
2688574,1433576,1,Driver,True,False,False,M,AIR BAG NOT DEPLOYED,G,OCCUPANT LAP SHOULDER HARNESS USED,CELL PHONE NOT IN USE,ENTERING OR LEAVING RAMP,,N,I-280 TO STEVENS CREEK BLVD.,65.0,B,PROCEEDING STRAIGHT,A,HAD NOT BEEN DRINKING,,,M,MALE,30.0,,,H,HISPANIC,22.0,PickupsAndPanels,2004.0,FORD,F150,WHT,,35.0,UtilityTrailer,2017.0,DIAM,,BLK,,,,,
2688557,1433566,2,Driver,,False,False,M,AIR BAG NOT DEPLOYED,G,OCCUPANT LAP SHOULDER HARNESS USED,CELL PHONE NOT IN USE,NONE APPARENT,,N,US-101,65.0,B,PROCEEDING STRAIGHT,A,HAD NOT BEEN DRINKING,,,M,MALE,22.0,C,CA,A,ASIAN,1.0,PassengerCarStationWagonJeep,2008.0,HONDA,Accord,BLK,,,,,,,,,,,,
2688556,1433566,1,Driver,True,False,True,B,UNKNOWN,B,OCCUPANT UNKNOWN,CELL PHONE NOT IN USE,NONE APPARENT,,N,US-101,65.0,R,OTHER,G,IMPAIRMENT_NOT_KNOWN,,,,,,,,,,99.0,OtherUnknownHitAndRunDriver,,,,,,,,,,,,,,,,
2688497,1433527,1,Driver,True,False,False,L,AIR BAG DEPLOYED,G,OCCUPANT LAP SHOULDER HARNESS USED,CELL PHONE NOT IN USE,ENTERING OR LEAVING RAMP,,N,SR-17 NB ,65.0,C,RAN OFF ROAD,A,HAD NOT BEEN DRINKING,,,M,MALE,33.0,C,CA,A,ASIAN,1.0,PassengerCarStationWagonJeep,2020.0,TOYO,Yaris,BLK,,,,,,,,,,,,
2688434,1433491,1,Driver,True,False,True,B,UNKNOWN,B,OCCUPANT UNKNOWN,CELL PHONE NOT IN USE,ENTERING OR LEAVING RAMP,,N,I-280,65.0,R,OTHER,G,IMPAIRMENT_NOT_KNOWN,,,,,,,,,,1.0,PassengerCarStationWagonJeep,2016.0,HYUN,Elantra,WHI,,,,,,,,,,,,
2688404,1433473,2,Driver,,False,False,M,AIR BAG NOT DEPLOYED,G,OCCUPANT LAP SHOULDER HARNESS USED,CELL PHONE NOT IN USE,NONE APPARENT,,N,SR-85,65.0,B,PROCEEDING STRAIGHT,A,HAD NOT BEEN DRINKING,,,M,MALE,50.0,C,CA,H,HISPANIC,22.0,PickupsAndPanels,2007.0,CHEV,Silverado,WHI,,,,,,,,,,,,
2688403,1433473,1,Driver,True,False,False,L,AIR BAG DEPLOYED,G,OCCUPANT LAP SHOULDER HARNESS USED,CELL PHONE NOT IN USE,VC SECTION VIOLATED - 22350,,N,SR-85,65.0,B,PROCEEDING STRAIGHT,B,HBD-UNDER INFLUENCE,,,M,MALE,27.0,C,CA,H,HISPANIC,1.0,PassengerCarStationWagonJeep,2017.0,TOYO,Camry,GRY,,,,,,,,,,,,
2688389,1433464,2,Driver,,False,True,B,UNKNOWN,B,OCCUPANT UNKNOWN,CELL PHONE NOT IN USE,NONE APPARENT,,S,I-680,65.0,B,PROCEEDING STRAIGHT,G,IMPAIRMENT_NOT_KNOWN,,,,,,,,,,1.0,PassengerCarStationWagonJeep,1998.0,HONDA,Accord,BLK,,,,,,,,,,,,
2688388,1433464,1,Driver,True,False,False,M,AIR BAG NOT DEPLOYED,G,OCCUPANT LAP SHOULDER HARNESS USED,CELL PHONE NOT IN USE,NONE APPARENT,,S,I-680,65.0,J,CHANGING LANES,A,HAD NOT BEEN DRINKING,,,M,MALE,44.0,C,CA,A,ASIAN,1.0,PassengerCarStationWagonJeep,2015.0,BMW,428i,BLK,,,,,,,,,,,,
2688352,1433443,2,Driver,,False,False,M,AIR BAG NOT DEPLOYED,G,OCCUPANT LAP SHOULDER HARNESS USED,CELL PHONE NOT IN USE,ENTERING OR LEAVING RAMP,,N,I-280 ,65.0,H,SLOWING/STOPPING,A,HAD NOT BEEN DRINKING,,,M,MALE,23.0,C,CA,W,WHITE,1.0,PassengerCarStationWagonJeep,2005.0,MAZD,Mazda 6,SIL,,,,,,,,,,,,
2688351,1433443,1,Driver,True,False,True,B,UNKNOWN,B,OCCUPANT UNKNOWN,CELL PHONE NOT IN USE,ENTERING OR LEAVING RAMP,,N,I-280 ,65.0,B,PROCEEDING STRAIGHT,G,IMPAIRMENT_NOT_KNOWN,,,,,,,,,,99.0,OtherUnknownHitAndRunDriver,,,,,,,,,,,,,,,,
2688330,1433431,2,Driver,,False,False,M,AIR BAG NOT DEPLOYED,G,OCCUPANT LAP SHOULDER HARNESS USED,CELL PHONE NOT IN USE,NONE APPARENT,,W,SR-237,65.0,B,PROCEEDING STRAIGHT,G,IMPAIRMENT_NOT_KNOWN,,,F,FEMALE,39.0,C,CA,O,OTHER,1.0,PassengerCarStationWagonJeep,2000.0,LEXS,GS300,BGE,,,,,,,,,,,,
2688329,1433431,1,Driver,True,False,False,M,AIR BAG NOT DEPLOYED,G,OCCUPANT LAP SHOULDER HARNESS USED,CELL PHONE NOT IN USE,NONE APPARENT,,W,SR-237,65.0,J,CHANGING LANES,A,HAD NOT BEEN DRINKING,,,F,FEMALE,53.0,C,CA,A,ASIAN,7.0,SportUtilityVehicle,2017.0,BMW,X3,GRY,,,,,,,,,,,,
2688302,1433416,1,Driver,True,False,False,L,AIR BAG DEPLOYED,G,OCCUPANT LAP SHOULDER HARNESS USED,CELL PHONE NOT IN USE,ENTERING OR LEAVING RAMP,,N,I-880,65.0,R,OTHER,A,HAD NOT BEEN DRINKING,,,F,FEMALE,28.0,C,CA,W,WHITE,7.0,SportUtilityVehicle,2011.0,FORD,Escape,GRY,,,,,,,,,,,,
2688297,1433414,2,Driver,,False,False,L,AIR BAG DEPLOYED,G,OCCUPANT LAP SHOULDER HARNESS USED,CELL PHONE NOT IN USE,NONE APPARENT,,E,SR-237,65.0,H,SLOWING/STOPPING,A,HAD NOT BEEN DRINKING,,,M,MALE,46.0,C,CA,H,HISPANIC,1.0,PassengerCarStationWagonJeep,2019.0,HOND,Accord,GRY,,,,,,,,,,,,
2688296,1433414,1,Driver,True,False,False,L,AIR BAG DEPLOYED,G,OCCUPANT LAP SHOULDER HARNESS USED,CELL PHONE NOT IN USE,NONE APPARENT,,E,SR-237,65.0,B,PROCEEDING STRAIGHT,A,HAD NOT BEEN DRINKING,,,M,MALE,30.0,C,CA,O,OTHER,1.0,PassengerCarStationWagonJeep,2012.0,VOLV,S80,BLK,,,,,,,,,,,,
2688278,1433404,2,Driver,,False,False,M,AIR BAG NOT DEPLOYED,G,OCCUPANT LAP SHOULDER HARNESS USED,CELL PHONE NOT IN USE,NONE APPARENT,,N,SR-87,65.0,B,PROCEEDING STRAIGHT,A,HAD NOT BEEN DRINKING,,,F,FEMALE,27.0,C,CA,W,WHITE,7.0,SportUtilityVehicle,2004.0,HONDA,CRV,MAR,,,,,,,,,,,,
2688277,1433404,1,Driver,True,False,False,M,AIR BAG NOT DEPLOYED,G,OCCUPANT LAP SHOULDER HARNESS USED,CELL PHONE NOT IN USE,STOP & GO TRAFFIC,,N,SR-87,65.0,J,CHANGING LANES,A,HAD NOT BEEN DRINKING,,,F,FEMALE,50.0,C,CA,A,ASIAN,1.0,PassengerCarStationWagonJeep,2001.0,MERB,SLK320 (coupe,BLK,,,,,,,,,,,,
2688081,1433301,3,Driver,,False,False,M,AIR BAG NOT DEPLOYED,G,OCCUPANT LAP SHOULDER HARNESS USED,CELL PHONE NOT IN USE,NONE APPARENT,,S,SR-85,65.0,H,SLOWING/STOPPING,A,HAD NOT BEEN DRINKING,,,F,FEMALE,40.0,C,CA,W,WHITE,7.0,SportUtilityVehicle,2018.0,TOYT,4RUNNER,GRY,,,,,,,,,,,,
2688080,1433301,2,Driver,,False,False,M,AIR BAG NOT DEPLOYED,G,OCCUPANT LAP SHOULDER HARNESS USED,CELL PHONE NOT IN USE,NONE APPARENT,,S,SR-85,65.0,A,STOPPED,A,HAD NOT BEEN DRINKING,,,F,FEMALE,25.0,C,CA,W,WHITE,1.0,PassengerCarStationWagonJeep,2007.0,TOYT,Prius,GRY,,,,,,,,,,,,
2688079,1433301,1,Driver,True,False,False,M,AIR BAG NOT DEPLOYED,G,OCCUPANT LAP SHOULDER HARNESS USED,CELL PHONE NOT IN USE,VC SECTION VIOLATED - 22350,,S,SR-85,65.0,B,PROCEEDING STRAIGHT,B,HBD-UNDER INFLUENCE,,,M,MALE,34.0,C,CA,H,HISPANIC,1.0,PassengerCarStationWagonJeep,1999.0,HOND,Accord,GRN,,,,,,,,,,,,
2687699,1433094,2,Pedestrian,True,False,False,P,NOT REQUIRED,P,NOT REQUIRED,CELL PHONE NOT IN USE,NONE APPARENT,,N,I-280,65.0,,,A,HAD NOT BEEN DRINKING,,,F,FEMALE,41.0,,,B,BLACK,60.0,Pedestrian,,,,,,,,,,,,,,,,
2687698,1433094,1,Driver,,False,False,M,AIR BAG NOT DEPLOYED,G,OCCUPANT LAP SHOULDER HARNESS USED,CELL PHONE NOT IN USE,NONE APPARENT,,N,I-280,65.0,H,SLOWING/STOPPING,A,HAD NOT BEEN DRINKING,,,M,MALE,38.0,C,CA,A,ASIAN,22.0,PickupsAndPanels,1997.0,FORD,F-350,WHI,,,,,,,,,,,,
2687624,1433053,1,Driver,True,False,False,L,AIR BAG DEPLOYED,G,OCCUPANT LAP SHOULDER HARNESS USED,CELL PHONE NOT IN USE,VC SECTION VIOLATED - 22107,,N,US101,65.0,R,OTHER,B,HBD-UNDER INFLUENCE,,,M,MALE,23.0,A,CA,O,OTHER,1.0,PassengerCarStationWagonJeep,2019.0,TOYO,Camry,WHI,,,,,,,,,,,,
2687446,1432954,2,Driver,,False,False,L,AIR BAG DEPLOYED,G,OCCUPANT LAP SHOULDER HARNESS USED,CELL PHONE NOT IN USE,VC SECTION VIOLATED - 23152(a),,N,SR-87,65.0,B,PROCEEDING STRAIGHT,B,HBD-UNDER INFLUENCE,,,M,MALE,30.0,C,CA,B,BLACK,1.0,PassengerCarStationWagonJeep,2007.0,HOND,Civic,BLK,,,,,,,,,,,,
2687445,1432954,1,Driver,True,False,False,L,AIR BAG DEPLOYED,G,OCCUPANT LAP SHOULDER HARNESS USED,CELL PHONE NOT IN USE,VC SECTION VIOLATED - 21651(b),,S,SR-87,65.0,Q,TRAVELLING WRONG WAY,B,HBD-UNDER INFLUENCE,,,M,MALE,22.0,,,H,HISPANIC,7.0,SportUtilityVehicle,2007.0,JEEP,Liberty,BLK,,,,,,,,,,,,
2687398,1432929,1,Driver,True,False,False,M,AIR BAG NOT DEPLOYED,G,OCCUPANT LAP SHOULDER HARNESS USED,CELL PHONE NOT IN USE,ENTERING OR LEAVING RAMP,,N,SR-87 FROM ALMADEN EXPRESSWAY,65.0,R,OTHER,G,IMPAIRMENT_NOT_KNOWN,,,F,FEMALE,25.0,U,CA,H,HISPANIC,1.0,PassengerCarStationWagonJeep,2008.0,DODG,Caliber,SIL,,,,,,,,,,,,
2687392,1432924,3,Driver,,False,False,M,AIR BAG NOT DEPLOYED,G,OCCUPANT LAP SHOULDER HARNESS USED,CELL PHONE NOT IN USE,NONE APPARENT,,S,US101,65.0,B,PROCEEDING STRAIGHT,A,HAD NOT BEEN DRINKING,,,F,FEMALE,34.0,C,CA,A,ASIAN,7.0,SportUtilityVehicle,2013.0,TOYO,RAV4,SIL,,,,,,,,,,,,
2687391,1432924,2,Driver,,False,False,M,AIR BAG NOT DEPLOYED,G,OCCUPANT LAP SHOULDER HARNESS USED,CELL PHONE NOT IN USE,NONE APPARENT,,S,US101,65.0,B,PROCEEDING STRAIGHT,A,HAD NOT BEEN DRINKING,,,M,MALE,57.0,C,CA,H,HISPANIC,7.0,SportUtilityVehicle,2020.0,HOND,CRV,GRY,,,,,,,,,,,,
2687390,1432924,1,Driver,True,False,False,L,AIR BAG DEPLOYED,G,OCCUPANT LAP SHOULDER HARNESS USED,CELL PHONE NOT IN USE,NONE APPARENT,,S,US101,65.0,B,PROCEEDING STRAIGHT,A,HAD NOT BEEN DRINKING,,,F,FEMALE,43.0,C,CA,W,WHITE,1.0,PassengerCarStationWagonJeep,2019.0,TESL,3 Litre,BLU,,,,,,,,,,,,
2686573,1432491,1,Driver,True,False,False,M,AIR BAG NOT DEPLOYED,G,OCCUPANT LAP SHOULDER HARNESS USED,CELL PHONE NOT IN USE,NONE APPARENT,,N,SR-87,65.0,G,BACKING,A,HAD NOT BEEN DRINKING,,,M,MALE,34.0,C,CA,H,HISPANIC,1.0,PassengerCarStationWagonJeep,2001.0,LEXUS,ES300,WHI,,,,,,,,,,,,
2686505,1432452,2,Driver,,False,False,L,AIR BAG DEPLOYED,G,OCCUPANT LAP SHOULDER HARNESS USED,CELL PHONE NOT IN USE,NONE APPARENT,,N,I-880,65.0,B,PROCEEDING STRAIGHT,A,HAD NOT BEEN DRINKING,,,F,FEMALE,41.0,C,CA,A,ASIAN,1.0,PassengerCarStationWagonJeep,2008.0,TOYT,Corolla,BLK,,,,,,,,,,,,
2686504,1432452,1,Driver,True,False,True,B,UNKNOWN,B,OCCUPANT UNKNOWN,CELL PHONE NOT IN USE,NONE APPARENT,,N,I-880,65.0,J,CHANGING LANES,G,IMPAIRMENT_NOT_KNOWN,,,,,,,,,,99.0,OtherUnknownHitAndRunDriver,,,,,,,,,,,,,,,,
2706568,1443523,3,Driver,,False,False,M,AIR BAG NOT DEPLOYED,G,OCCUPANT LAP SHOULDER HARNESS USED,CELL PHONE NOT IN USE,NONE APPARENT,,N,SR-85,65.0,H,SLOWING/STOPPING,A,HAD NOT BEEN DRINKING,,,M,MALE,,C,CA,H,HISPANIC,1.0,PassengerCarStationWagonJeep,2016.0,HOND,Civic,GRY,,,,,,,,,,,,
2706567,1443523,2,Driver,,False,False,M,AIR BAG NOT DEPLOYED,G,OCCUPANT LAP SHOULDER HARNESS USED,CELL PHONE NOT IN USE,NONE APPARENT,,N,SR-85,65.0,H,SLOWING/STOPPING,A,HAD NOT BEEN DRINKING,,,M,MALE,,C,CA,H,HISPANIC,22.0,PickupsAndPanels,2013.0,CHEV,1500,SIL,,,,,,,,,,,,
2706566,1443523,1,Driver,True,False,False,L,AIR BAG DEPLOYED,G,OCCUPANT LAP SHOULDER HARNESS USED,CELL PHONE NOT IN USE,NONE APPARENT,,N,SR-85,65.0,B,PROCEEDING STRAIGHT,A,HAD NOT BEEN DRINKING,,,F,FEMALE,26.0,C,CA,H,HISPANIC,1.0,PassengerCarStationWagonJeep,2014.0,TOYT,Corolla,BLK,,,,,,,,,,,,
2704123,1442243,2,Driver,,False,False,M,AIR BAG NOT DEPLOYED,G,OCCUPANT LAP SHOULDER HARNESS USED,CELL PHONE NOT IN USE,NONE APPARENT,,S,I-680,65.0,B,PROCEEDING STRAIGHT,A,HAD NOT BEEN DRINKING,,,M,MALE,79.0,C,CA,W,WHITE,1.0,PassengerCarStationWagonJeep,2008.0,BUICK,Lucerne,GOL,,,,,,,,,,,,
2704122,1442243,1,Driver,True,False,False,L,AIR BAG DEPLOYED,G,OCCUPANT LAP SHOULDER HARNESS USED,CELL PHONE NOT IN USE,NONE APPARENT,,S,I680,65.0,B,PROCEEDING STRAIGHT,A,HAD NOT BEEN DRINKING,,,M,MALE,33.0,C,CA,A,ASIAN,1.0,PassengerCarStationWagonJeep,2007.0,MERB,S55,WHI,,,,,,,,,,,,
2704115,1442239,1,Driver,True,False,False,M,AIR BAG NOT DEPLOYED,G,OCCUPANT LAP SHOULDER HARNESS USED,CELL PHONE NOT IN USE,NONE APPARENT,,S,I-880,65.0,R,OTHER,A,HAD NOT BEEN DRINKING,,,M,MALE,47.0,U,CA,H,HISPANIC,22.0,PickupsAndPanels,2001.0,GMC,Sierra,WHI,,,,,,,,,,,,
2704106,1442234,2,Driver,,False,False,M,AIR BAG NOT DEPLOYED,G,OCCUPANT LAP SHOULDER HARNESS USED,CELL PHONE NOT IN USE,NONE APPARENT,,N,I-680,65.0,H,SLOWING/STOPPING,A,HAD NOT BEEN DRINKING,,,F,FEMALE,23.0,C,CA,W,WHITE,7.0,SportUtilityVehicle,2015.0,FORD,Maxima,TAN,,,,,,,,,,,,
2704105,1442234,1,Driver,True,False,True,B,UNKNOWN,B,OCCUPANT UNKNOWN,CELL PHONE NOT IN USE,NONE APPARENT,,N,I-680,65.0,B,PROCEEDING STRAIGHT,A,HAD NOT BEEN DRINKING,,,,,,,,,,99.0,OtherUnknownHitAndRunDriver,,,,,,,,,,,,,,,,
2704037,1442205,1,Driver,True,False,False,B,UNKNOWN,G,OCCUPANT LAP SHOULDER HARNESS USED,CELL PHONE NOT IN USE,VC SECTION VIOLATED - 22350,,S,I-680,65.0,C,RAN OFF ROAD,B,HBD-UNDER INFLUENCE,,,F,FEMALE,30.0,C,CA,H,HISPANIC,1.0,PassengerCarStationWagonJeep,2014.0,SUBARU,Outback,WHI,,,,,,,,,,,,
2704036,1442204,2,Driver,,False,False,M,AIR BAG NOT DEPLOYED,G,OCCUPANT LAP SHOULDER HARNESS USED,CELL PHONE NOT IN USE,NONE APPARENT,,N,I-280,65.0,B,PROCEEDING STRAIGHT,A,HAD NOT BEEN DRINKING,,,M,MALE,49.0,C,CA,H,HISPANIC,8.0,MiniVan,2015.0,FORD,TRANSIT,WHI,,,,,,,,,,,,
2704035,1442204,1,Driver,True,False,True,B,UNKNOWN,B,OCCUPANT UNKNOWN,CELL PHONE NOT IN USE,NONE APPARENT,,N,I-280,65.0,R,OTHER,G,IMPAIRMENT_NOT_KNOWN,,,,,,,,,,99.0,OtherUnknownHitAndRunDriver,,,,,,,,,,,,,,,,
2704025,1442198,1,Driver,True,False,False,L,AIR BAG DEPLOYED,H,OCCUPANT LAP SHOULDER HARNESS NOT USED,CELL PHONE NOT IN USE,VC SECTION VIOLATED - 22107,,N,US101,65.0,R,OTHER,B,HBD-UNDER INFLUENCE,,,M,MALE,26.0,C,CA,H,HISPANIC,7.0,SportUtilityVehicle,2005.0,CHEV,Trail Blazer,GRY,,,,,,,,,,,,
2703958,1442157,2,Driver,,False,False,L,AIR BAG DEPLOYED,G,OCCUPANT LAP SHOULDER HARNESS USED,CELL PHONE NOT IN USE,NONE APPARENT,,S,US-101,65.0,B,PROCEEDING STRAIGHT,A,HAD NOT BEEN DRINKING,,,F,FEMALE,24.0,,,H,HISPANIC,1.0,PassengerCarStationWagonJeep,2000.0,HONDA,ACCORD ,SIL,,,,,,,,,,,,
2703957,1442157,1,Driver,True,False,True,B,UNKNOWN,B,OCCUPANT UNKNOWN,CELL PHONE NOT IN USE,NONE APPARENT,,S,US-101,65.0,B,PROCEEDING STRAIGHT,D,HBD-IMPAIRMENT UNKNOWN,,,,,,,,,,99.0,OtherUnknownHitAndRunDriver,,,,,,,,,,,,,,,,
2703853,1442103,2,Driver,,False,False,M,AIR BAG NOT DEPLOYED,G,OCCUPANT LAP SHOULDER HARNESS USED,CELL PHONE NOT IN USE,NONE APPARENT,,S,US101,65.0,B,PROCEEDING STRAIGHT,A,HAD NOT BEEN DRINKING,,,M,MALE,61.0,C,CA,H,HISPANIC,22.0,PickupsAndPanels,2006.0,TOYO,Tacoma,RED,,,,,,,,,,,,
2703852,1442103,1,Driver,True,False,False,M,AIR BAG NOT DEPLOYED,G,OCCUPANT LAP SHOULDER HARNESS USED,CELL PHONE NOT IN USE,NONE APPARENT,,S,US101,65.0,B,PROCEEDING STRAIGHT,G,IMPAIRMENT_NOT_KNOWN,,,F,FEMALE,34.0,C,CA,H,HISPANIC,1.0,PassengerCarStationWagonJeep,2020.0,HYUN,ionic,GRY,,,,,,,,,,,,
2703718,1442033,1,Driver,True,False,False,L,AIR BAG DEPLOYED,G,OCCUPANT LAP SHOULDER HARNESS USED,CELL PHONE NOT IN USE,NONE APPARENT,,S,US-101,65.0,R,OTHER,A,HAD NOT BEEN DRINKING,,,M,MALE,20.0,C,CA,H,HISPANIC,1.0,PassengerCarStationWagonJeep,2019.0,CHEV,Impala,BLK,,,,,,,,,,,,
2702457,1441380,2,Driver,,False,False,M,AIR BAG NOT DEPLOYED,G,OCCUPANT LAP SHOULDER HARNESS USED,CELL PHONE NOT IN USE,NONE APPARENT,,S,SR-87,65.0,B,PROCEEDING STRAIGHT,A,HAD NOT BEEN DRINKING,,,M,MALE,59.0,C,CA,W,WHITE,7.0,SportUtilityVehicle,2003.0,MERCEDES,X5,BLK,,,,,,,,,,,,
2702456,1441380,1,Driver,True,False,True,B,UNKNOWN,B,OCCUPANT UNKNOWN,CELL PHONE NOT IN USE,NONE APPARENT,,S,SR-87,65.0,J,CHANGING LANES,G,IMPAIRMENT_NOT_KNOWN,,,,,,,,,,1.0,PassengerCarStationWagonJeep,2017.0,CHEVROLE,Cruz,GRA,,,,,,,,,,,,
2702446,1441376,2,Driver,,False,False,L,AIR BAG DEPLOYED,G,OCCUPANT LAP SHOULDER HARNESS USED,CELL PHONE NOT IN USE,NONE APPARENT,,N,I-280,65.0,B,PROCEEDING STRAIGHT,A,HAD NOT BEEN DRINKING,,,F,FEMALE,46.0,C,CA,A,ASIAN,1.0,PassengerCarStationWagonJeep,2013.0,CHEVY,VOLT,BLK,,,,,,,,,,,,
2702445,1441376,1,Driver,True,False,False,L,AIR BAG DEPLOYED,G,OCCUPANT LAP SHOULDER HARNESS USED,CELL PHONE NOT IN USE,NONE APPARENT,,N,I-280,65.0,R,OTHER,A,HAD NOT BEEN DRINKING,,,F,FEMALE,30.0,,,H,HISPANIC,1.0,PassengerCarStationWagonJeep,2004.0,ACURA,TSX,LBL,,,,,,,,,,,,
2702439,1441372,2,Driver,,False,False,M,AIR BAG NOT DEPLOYED,G,OCCUPANT LAP SHOULDER HARNESS USED,CELL PHONE NOT IN USE,NONE APPARENT,,S,I-280,65.0,A,STOPPED,A,HAD NOT BEEN DRINKING,,,M,MALE,,C,CA,A,ASIAN,1.0,PassengerCarStationWagonJeep,2018.0,TSMR,Model 3,WHI,,,,,,,,,,,,
2702438,1441372,1,Driver,True,False,False,M,AIR BAG NOT DEPLOYED,G,OCCUPANT LAP SHOULDER HARNESS USED,CELL PHONE NOT IN USE,NONE APPARENT,,S,I-280,65.0,B,PROCEEDING STRAIGHT,A,HAD NOT BEEN DRINKING,,,M,MALE,41.0,,,H,HISPANIC,1.0,PassengerCarStationWagonJeep,1998.0,TOYT,Camry,GRY,,,,,,,,,,,,
2702437,1441371,2,Driver,,False,False,L,AIR BAG DEPLOYED,G,OCCUPANT LAP SHOULDER HARNESS USED,CELL PHONE NOT IN USE,NONE APPARENT,,N,SR-85,65.0,B,PROCEEDING STRAIGHT,A,HAD NOT BEEN DRINKING,,,F,FEMALE,25.0,C,CA,H,HISPANIC,1.0,PassengerCarStationWagonJeep,2011.0,DODG,Caliber,GRY,,,,,,,,,,,,
2702436,1441371,1,Driver,True,False,False,M,AIR BAG NOT DEPLOYED,G,OCCUPANT LAP SHOULDER HARNESS USED,CELL PHONE NOT IN USE,NONE APPARENT,,N,SR-85,65.0,J,CHANGING LANES,G,IMPAIRMENT_NOT_KNOWN,,,F,FEMALE,64.0,C,CA,W,WHITE,1.0,PassengerCarStationWagonJeep,2018.0,HONDA,Civic,SIL,,,,,,,,,,,,
2702433,1441369,2,Driver,True,False,False,L,AIR BAG DEPLOYED,G,OCCUPANT LAP SHOULDER HARNESS USED,CELL PHONE NOT IN USE,NONE APPARENT,,N,SR-85,65.0,B,PROCEEDING STRAIGHT,A,HAD NOT BEEN DRINKING,,,F,FEMALE,55.0,C,CA,H,HISPANIC,1.0,PassengerCarStationWagonJeep,1995.0,TOYT,Avalon,GRN,,,,,,,,,,,,
2702432,1441369,1,Driver,,False,True,B,UNKNOWN,B,OCCUPANT UNKNOWN,CELL PHONE NOT IN USE,NONE APPARENT,,N,SR-85,65.0,B,PROCEEDING STRAIGHT,G,IMPAIRMENT_NOT_KNOWN,,,,,,,,,,99.0,OtherUnknownHitAndRunDriver,,,,,,,,,,,,,,,,
2702423,1441363,2,Driver,,False,False,M,AIR BAG NOT DEPLOYED,G,OCCUPANT LAP SHOULDER HARNESS USED,CELL PHONE NOT IN USE,NONE APPARENT,,N,US101 N/B,65.0,A,STOPPED,A,HAD NOT BEEN DRINKING,,,F,FEMALE,38.0,C,CA,A,ASIAN,7.0,SportUtilityVehicle,2019.0,TOYOTA,Highlander,BLK,,,,,,,,,,,,