PartyId,CollisionId,PartyNumber,PartyType,IsAtFault,IsOnDutyEmergencyVehicle,IsHitAndRun,AirbagCode,AirbagDescription,SafetyEquipmentCode,SafetyEquipmentDescription,Special Information,Other Associate Factor,Inattention,DirectionOfTravel,StreetOrHighwayName,SpeedLimit,MovementPrecCollCode,MovementPrecCollDescription,SobrietyDrugPhysicalCode1,SobrietyDrugPhysicalDescription1,SobrietyDrugPhysicalCode2,SobrietyDrugPhysicalDescription2,GenderCode,GenderDescription,StatedAge,DriverLicenseClass,DriverLicenseStateCode,RaceCode,RaceDesc,Vehicle1TypeId, Vehicle1TypeDesc, Vehicle1Year,Vehicle1Make,Vehicle1Model,Vehicle1Color,V1IsVehicleTowed,Vehicle2TypeId, Vehicle2TypeDesc, Vehicle2Year,Vehicle2Make,Vehicle2Model,Vehicle2Color,V2IsVehicleTowed,Lane,ThruLanes,TotalLanes,IsDREConducted
2774658,1480090,1,Driver,True,False,,M,AIR BAG NOT DEPLOYED,B,OCCUPANT UNKNOWN,CELL PHONE NOT IN USE,VISION OBSCUREMENT,,W,LOS GATOS-ALMADEN RD,35.0,,,G,IMPAIRMENT_NOT_KNOWN,,,,,,,,,,12.0,NonCommercialBus,,VC Section 20002(a),,,,,,,,,,,,,,
2774510,1480010,2,Driver,False,False,False,M,AIR BAG NOT DEPLOYED,G,OCCUPANT LAP SHOULDER HARNESS USED,CELL PHONE NOT IN USE,ENTERING OR LEAVING RAMP,,N,SR-87 TO CURTNER AVE,65.0,A,STOPPED,A,HAD NOT BEEN DRINKING,,,F,FEMALE,50.0,C,CA,H,HISPANIC,1.0,PassengerCarStationWagonJeep,2007.0,TOYT,CAMRY,GRY,False,,,,,,,,RT,1.0,3.0,False
2774509,1480010,1,Driver,True,False,False,M,AIR BAG NOT DEPLOYED,G,OCCUPANT LAP SHOULDER HARNESS USED,CELL PHONE NOT IN USE,ENTERING OR LEAVING RAMP,,N,SR-87 TO CURTNER AVE,65.0,B,PROCEEDING STRAIGHT,A,HAD NOT BEEN DRINKING,,,M,MALE,29.0,C,CA,A,ASIAN,8.0,MiniVan,2006.0,HOND,ODYSSEY,GRY,False,,,,,,,,RT,1.0,3.0,False
2774093,1479781,1,Driver,True,False,False,L,AIR BAG DEPLOYED,G,OCCUPANT LAP SHOULDER HARNESS USED,CELL PHONE NOT IN USE,NONE APPARENT,,S,I-680,65.0,B,PROCEEDING STRAIGHT,A,HAD NOT BEEN DRINKING,,,M,MALE,23.0,C,CA,H,HISPANIC,1.0,PassengerCarStationWagonJeep,2017.0,NISS,MAXIMA,WHI,False,,,,,,,,1,4.0,4.0,False
2773753,1479586,2,Driver,False,False,False,M,AIR BAG NOT DEPLOYED,G,OCCUPANT LAP SHOULDER HARNESS USED,CELL PHONE NOT IN USE,NONE APPARENT,,N,US-101,65.0,H,SLOWING/STOPPING,A,HAD NOT BEEN DRINKING,,,M,MALE,59.0,C,CA,W,WHITE,22.0,PickupsAndPanels,1999.0,DODG,RAM 1500 PU,WHI,False,,,,,,,,N/B,5.0,5.0,False
2773752,1479586,1,Driver,True,False,False,L,AIR BAG DEPLOYED,G,OCCUPANT LAP SHOULDER HARNESS USED,CELL PHONE NOT IN USE,VC SECTION VIOLATED - VC 22350,,N,US-101,65.0,B,PROCEEDING STRAIGHT,B,HBD-UNDER INFLUENCE,,,F,FEMALE,23.0,C,CA,A,ASIAN,1.0,PassengerCarStationWagonJeep,2016.0,HOND,CIVIC,BLK,True,,,,,,,,N/B,5.0,5.0,False
2773711,1479565,1,Driver,True,False,False,L,AIR BAG DEPLOYED,G,OCCUPANT LAP SHOULDER HARNESS USED,CELL PHONE NOT IN USE,NONE APPARENT,,S,US-101,65.0,R,OTHER,G,IMPAIRMENT_NOT_KNOWN,,,,,,,,,,1.0,PassengerCarStationWagonJeep,2016.0,HONDA ,ACCORD ,RED,True,,,,,,,,S/B,5.0,5.0,False
2773137,1479269,2,Driver,False,False,False,M,AIR BAG NOT DEPLOYED,G,OCCUPANT LAP SHOULDER HARNESS USED,CELL PHONE NOT IN USE,NONE APPARENT,,S,I-880,65.0,B,PROCEEDING STRAIGHT,A,HAD NOT BEEN DRINKING,,,M,MALE,55.0,C,CA,H,HISPANIC,8.0,MiniVan,2017.0,RAM,PROMASTER 1500,WHI,False,,,,,,,,3,3.0,4.0,False
2773136,1479269,1,Driver,True,False,False,M,AIR BAG NOT DEPLOYED,G,OCCUPANT LAP SHOULDER HARNESS USED,CELL PHONE NOT IN USE,NONE APPARENT,,S,I-880,65.0,J,CHANGING LANES,A,HAD NOT BEEN DRINKING,,,M,MALE,69.0,C,CA,A,ASIAN,1.0,PassengerCarStationWagonJeep,2007.0,TOYT,PRIUS,BLK,False,,,,,,,,4,3.0,4.0,False
2772992,1479191,4,Driver,False,False,False,L,AIR BAG DEPLOYED,G,OCCUPANT LAP SHOULDER HARNESS USED,CELL PHONE NOT IN USE,NONE APPARENT,,S,I-280,65.0,A,STOPPED,A,HAD NOT BEEN DRINKING,,,M,MALE,24.0,C,CA,H,HISPANIC,1.0,PassengerCarStationWagonJeep,2013.0,DODG,CHARGER,WHI,True,,,,,,,,5,5.0,5.0,False
2772991,1479191,3,Driver,False,False,False,L,AIR BAG DEPLOYED,G,OCCUPANT LAP SHOULDER HARNESS USED,CELL PHONE NOT IN USE,NONE APPARENT,,S,I-280,65.0,A,STOPPED,A,HAD NOT BEEN DRINKING,,,M,MALE,38.0,C,CA,A,ASIAN,8.0,MiniVan,2017.0,CHRY,PACIFICA,WHI,False,,,,,,,,5,5.0,5.0,False
2772990,1479191,2,Driver,False,False,False,M,AIR BAG NOT DEPLOYED,G,OCCUPANT LAP SHOULDER HARNESS USED,CELL PHONE NOT IN USE,NONE APPARENT,,S,I-280,65.0,H,SLOWING/STOPPING,A,HAD NOT BEEN DRINKING,,,F,FEMALE,61.0,C,CA,O,OTHER,1.0,PassengerCarStationWagonJeep,2000.0,TOYT,CAMRY,GRN,True,,,,,,,,5,5.0,5.0,False
2772989,1479191,1,Driver,True,False,False,M,AIR BAG NOT DEPLOYED,G,OCCUPANT LAP SHOULDER HARNESS USED,CELL PHONE NOT IN USE,NONE APPARENT,,S,I-280,65.0,B,PROCEEDING STRAIGHT,A,HAD NOT BEEN DRINKING,,,M,MALE,17.0,C,CA,W,WHITE,22.0,PickupsAndPanels,2003.0,TOYT,TUNDRA,RED,False,,,,,,,,5,5.0,5.0,False
2772957,1479169,2,Driver,False,False,False,M,AIR BAG NOT DEPLOYED,G,OCCUPANT LAP SHOULDER HARNESS USED,CELL PHONE NOT IN USE,STOP & GO TRAFFIC,,S,SR-85,65.0,H,SLOWING/STOPPING,A,HAD NOT BEEN DRINKING,,,F,FEMALE,20.0,C,CA,W,WHITE,1.0,PassengerCarStationWagonJeep,2003.0,VOLK,BEETLE,RED,False,,,,,,,,1,3.0,3.0,False
2772956,1479169,1,Driver,True,False,False,B,UNKNOWN,B,OCCUPANT UNKNOWN,CELL PHONE NOT IN USE,STOP & GO TRAFFIC,,S,SR-85,65.0,B,PROCEEDING STRAIGHT,G,IMPAIRMENT_NOT_KNOWN,,,U,UNKNOWN,,,,,,99.0,OtherUnknownHitAndRunDriver,,,,,False,,,,,,,,1,3.0,3.0,False
2772901,1479133,3,Driver,False,False,False,M,AIR BAG NOT DEPLOYED,G,OCCUPANT LAP SHOULDER HARNESS USED,CELL PHONE NOT IN USE,NONE APPARENT,,N,US101,65.0,B,PROCEEDING STRAIGHT,A,HAD NOT BEEN DRINKING,,,M,MALE,33.0,C,CA,B,BLACK,22.0,PickupsAndPanels,2018.0,DODG,RAM 1500 PU,BLK,False,,,,,,,,3,6.0,6.0,False
2772900,1479133,2,Driver,False,False,False,M,AIR BAG NOT DEPLOYED,G,OCCUPANT LAP SHOULDER HARNESS USED,CELL PHONE NOT IN USE,NONE APPARENT,,N,US101,65.0,B,PROCEEDING STRAIGHT,A,HAD NOT BEEN DRINKING,,,F,FEMALE,42.0,C,CA,H,HISPANIC,1.0,PassengerCarStationWagonJeep,2020.0,HYUN,ELANTRA,BLK,False,,,,,,,,5,6.0,6.0,False
2772899,1479133,1,Driver,True,False,False,M,AIR BAG NOT DEPLOYED,G,OCCUPANT LAP SHOULDER HARNESS USED,CELL PHONE NOT IN USE,NONE APPARENT,,N,US101,65.0,B,PROCEEDING STRAIGHT,A,HAD NOT BEEN DRINKING,,,M,MALE,19.0,C,CA,H,HISPANIC,1.0,PassengerCarStationWagonJeep,2015.0,HOND,ACCORD,RED,False,,,,,,,,5,6.0,6.0,False
2772879,1479122,3,Driver,False,False,False,M,AIR BAG NOT DEPLOYED,G,OCCUPANT LAP SHOULDER HARNESS USED,CELL PHONE NOT IN USE,VC SECTION VIOLATED - 22350,,N,US-101 N/B,65.0,B,PROCEEDING STRAIGHT,A,HAD NOT BEEN DRINKING,,,F,FEMALE,35.0,F,SC,B,BLACK,1.0,PassengerCarStationWagonJeep,2021.0,HYUN,ACCENT,SIL,False,,,,,,,,EXIT,4.0,5.0,False
2772878,1479122,2,Driver,False,False,False,M,AIR BAG NOT DEPLOYED,G,OCCUPANT LAP SHOULDER HARNESS USED,CELL PHONE NOT IN USE,NONE APPARENT,,N,US-101 N/B,65.0,B,PROCEEDING STRAIGHT,A,HAD NOT BEEN DRINKING,,,M,MALE,26.0,C,CA,H,HISPANIC,7.0,SportUtilityVehicle,2016.0,HOND,CRV,BLK,False,,,,,,,,EXIT,4.0,5.0,False
2772877,1479122,1,Driver,True,False,False,M,AIR BAG NOT DEPLOYED,G,OCCUPANT LAP SHOULDER HARNESS USED,CELL PHONE NOT IN USE,NONE APPARENT,,N,US-101 N/B,65.0,J,CHANGING LANES,A,HAD NOT BEEN DRINKING,,,F,FEMALE,56.0,C,CA,O,OTHER,1.0,PassengerCarStationWagonJeep,2015.0,MAZD,MAZDA 6,BLK,False,,,,,,,,EXIT,4.0,5.0,False
2772872,1479119,2,Driver,False,False,False,M,AIR BAG NOT DEPLOYED,G,OCCUPANT LAP SHOULDER HARNESS USED,CELL PHONE NOT IN USE,NONE APPARENT,,N,US-101 N/B,65.0,B,PROCEEDING STRAIGHT,A,HAD NOT BEEN DRINKING,,,M,MALE,59.0,C,CA,W,WHITE,22.0,PickupsAndPanels,2012.0,FORD,F250,GRY,False,,,,,,,,4,4.0,5.0,False
2772871,1479119,1,Driver,False,False,False,M,AIR BAG NOT DEPLOYED,G,OCCUPANT LAP SHOULDER HARNESS USED,CELL PHONE NOT IN USE,NONE APPARENT,,N,US-101 N/B,65.0,J,CHANGING LANES,A,HAD NOT BEEN DRINKING,,,M,MALE,41.0,C,CA,A,ASIAN,1.0,PassengerCarStationWagonJeep,2012.0,TOYT,CAMRY,SIL,False,,,,,,,,4,4.0,5.0,False
2772866,1479116,2,Driver,False,False,False,M,AIR BAG NOT DEPLOYED,G,OCCUPANT LAP SHOULDER HARNESS USED,CELL PHONE NOT IN USE,NONE APPARENT,,N,US-101,65.0,H,SLOWING/STOPPING,A,HAD NOT BEEN DRINKING,,,F,FEMALE,41.0,C,CA,A,ASIAN,7.0,SportUtilityVehicle,2020.0,HOND,CRV,GRY,False,,,,,,,,AUX,5.0,6.0,False
2772865,1479116,1,Driver,True,False,False,M,AIR BAG NOT DEPLOYED,G,OCCUPANT LAP SHOULDER HARNESS USED,CELL PHONE NOT IN USE,NONE APPARENT,,N,US-101,65.0,B,PROCEEDING STRAIGHT,A,HAD NOT BEEN DRINKING,,,M,MALE,37.0,C,CA,W,WHITE,1.0,PassengerCarStationWagonJeep,1998.0,NISS,SENTRA,SIL,False,,,,,,,,AUX,5.0,6.0,False
2772550,1478950,1,Driver,True,False,False,L,AIR BAG DEPLOYED,G,OCCUPANT LAP SHOULDER HARNESS USED,CELL PHONE NOT IN USE,VC SECTION VIOLATED - VC 22107,,N,SR 17 ,65.0,R,OTHER,B,HBD-UNDER INFLUENCE,,,M,MALE,19.0,U,CA,H,HISPANIC,7.0,SportUtilityVehicle,2006.0,HOND,CRV,RED,True,,,,,,,,1,2.0,2.0,False
2772447,1478897,2,Driver,False,False,False,M,AIR BAG NOT DEPLOYED,G,OCCUPANT LAP SHOULDER HARNESS USED,CELL PHONE NOT IN USE,NONE APPARENT,,E,SR-237,65.0,B,PROCEEDING STRAIGHT,A,HAD NOT BEEN DRINKING,,,F,FEMALE,40.0,C,CA,H,HISPANIC,7.0,SportUtilityVehicle,2021.0,LEXS,NX300,WHI,False,,,,,,,,1,3.0,3.0,False
2772446,1478897,1,Driver,True,False,False,M,AIR BAG NOT DEPLOYED,G,OCCUPANT LAP SHOULDER HARNESS USED,CELL PHONE USE UNKNOWN,NONE APPARENT,,E,SR-237,65.0,J,CHANGING LANES,G,IMPAIRMENT_NOT_KNOWN,,,M,MALE,51.0,C,CA,H,HISPANIC,22.0,PickupsAndPanels,2004.0,DODG,RAM 1500 PU,GRY/BLK,False,,,,,,,,2,3.0,3.0,False
2772296,1478809,2,Driver,False,False,False,M,AIR BAG NOT DEPLOYED,G,OCCUPANT LAP SHOULDER HARNESS USED,CELL PHONE NOT IN USE,NONE APPARENT,,N,SR-87,65.0,B,PROCEEDING STRAIGHT,A,HAD NOT BEEN DRINKING,,,M,MALE,28.0,C,CA,H,HISPANIC,7.0,SportUtilityVehicle,2021.0,FORD,TRANSIT 350,WHI,False,,,,,,,,N/B,3.0,4.0,False
2772295,1478809,1,Driver,True,False,True,B,UNKNOWN,B,OCCUPANT UNKNOWN,CELL PHONE USE UNKNOWN,NONE APPARENT,,N,SR-87,65.0,R,OTHER,G,IMPAIRMENT_NOT_KNOWN,,,,,,,,,,99.0,OtherUnknownHitAndRunDriver,,20002(A)1 CVC,,,False,,,,,,,,N/B,3.0,4.0,False
2772292,1478807,2,Driver,False,False,False,M,AIR BAG NOT DEPLOYED,G,OCCUPANT LAP SHOULDER HARNESS USED,CELL PHONE USE UNKNOWN,NONE APPARENT,,S,SR-85,65.0,B,PROCEEDING STRAIGHT,A,HAD NOT BEEN DRINKING,,,M,MALE,38.0,C,CA,W,WHITE,1.0,PassengerCarStationWagonJeep,2012.0,VOLK,JETTA,RED,False,,,,,,,,1,3.0,3.0,False
2772291,1478807,1,Driver,True,False,True,B,UNKNOWN,B,OCCUPANT UNKNOWN,CELL PHONE USE UNKNOWN,NONE APPARENT,,S,SR-85,65.0,R,OTHER,G,IMPAIRMENT_NOT_KNOWN,,,,,,,,,,99.0,OtherUnknownHitAndRunDriver,,,,,False,,,,,,,,LT-SHLD,3.0,3.0,False
2771532,1478424,2,Driver,False,False,False,M,AIR BAG NOT DEPLOYED,G,OCCUPANT LAP SHOULDER HARNESS USED,CELL PHONE USE UNKNOWN,NONE APPARENT,,S,US-101,65.0,B,PROCEEDING STRAIGHT,A,HAD NOT BEEN DRINKING,,,M,MALE,24.0,U,CA,H,HISPANIC,7.0,SportUtilityVehicle,2020.0,HOND,CRV,BLK,False,,,,,,,,6,6.0,6.0,False
2771531,1478424,1,Driver,True,False,False,M,AIR BAG NOT DEPLOYED,G,OCCUPANT LAP SHOULDER HARNESS USED,CELL PHONE USE UNKNOWN,NONE APPARENT,,S,US-101,65.0,R,OTHER,G,IMPAIRMENT_NOT_KNOWN,,,F,FEMALE,39.0,U,CA,B,BLACK,99.0,OtherUnknownHitAndRunDriver,2014.0,NISS,370Z,ONG,False,,,,,,,,5,6.0,6.0,False
2771190,1478225,2,Driver,False,False,False,M,AIR BAG NOT DEPLOYED,G,OCCUPANT LAP SHOULDER HARNESS USED,CELL PHONE NOT IN USE,NONE APPARENT,,N,I-280,65.0,A,STOPPED,A,HAD NOT BEEN DRINKING,,,F,FEMALE,36.0,C,CA,H,HISPANIC,8.0,MiniVan,2005.0,DODG,GRAND CARAVAN,SIL,False,,,,,,,,EXIT-1,2.0,2.0,False
2771189,1478225,1,Driver,True,False,False,M,AIR BAG NOT DEPLOYED,G,OCCUPANT LAP SHOULDER HARNESS USED,CELL PHONE NOT IN USE,NONE APPARENT,,N,I-280 N/B ,65.0,B,PROCEEDING STRAIGHT,G,IMPAIRMENT_NOT_KNOWN,,,M,MALE,47.0,U,,H,HISPANIC,22.0,PickupsAndPanels,2002.0,CHEV,SILVERADO,GRN,False,,,,,,,,EXIT-1,2.0,2.0,False
2771120,1478187,2,Driver,False,False,False,M,AIR BAG NOT DEPLOYED,G,OCCUPANT LAP SHOULDER HARNESS USED,CELL PHONE NOT IN USE,STOP & GO TRAFFIC,,S,SR-85,65.0,H,SLOWING/STOPPING,A,HAD NOT BEEN DRINKING,,,M,MALE,48.0,C,CA,W,WHITE,22.0,PickupsAndPanels,2017.0,FORD,F-250,WHI,False,,,,,,,,2,4.0,4.0,False
2771119,1478187,1,Driver,True,False,False,M,AIR BAG NOT DEPLOYED,G,OCCUPANT LAP SHOULDER HARNESS USED,CELL PHONE NOT IN USE,STOP & GO TRAFFIC,,S,SR-85,65.0,B,PROCEEDING STRAIGHT,A,HAD NOT BEEN DRINKING,,,M,MALE,42.0,C,CA,W,WHITE,8.0,MiniVan,2019.0,FORD,TRANSIT,BLK,False,,,,,,,,2,4.0,4.0,False
2771087,1478170,2,Driver,False,False,False,M,AIR BAG NOT DEPLOYED,G,OCCUPANT LAP SHOULDER HARNESS USED,CELL PHONE NOT IN USE,STOP & GO TRAFFIC,,S,SR-85,65.0,H,SLOWING/STOPPING,A,HAD NOT BEEN DRINKING,,,M,MALE,76.0,C,CA,A,ASIAN,7.0,SportUtilityVehicle,2018.0,ACUR,MDX,WHI,False,,,,,,,,1,3.0,3.0,False
2771086,1478170,1,Driver,True,False,False,M,AIR BAG NOT DEPLOYED,G,OCCUPANT LAP SHOULDER HARNESS USED,CELL PHONE NOT IN USE,STOP & GO TRAFFIC,,S,SR-85,65.0,B,PROCEEDING STRAIGHT,A,HAD NOT BEEN DRINKING,,,M,MALE,20.0,C,CA,H,HISPANIC,7.0,SportUtilityVehicle,2011.0,CHEV,TRAVERSE,BLU,False,,,,,,,,1,3.0,3.0,False
2771044,1478147,2,Driver,False,False,False,M,AIR BAG NOT DEPLOYED,G,OCCUPANT LAP SHOULDER HARNESS USED,CELL PHONE NOT IN USE,NONE APPARENT,,S,SR-85,65.0,A,STOPPED,A,HAD NOT BEEN DRINKING,,,F,FEMALE,31.0,C,CA,A,ASIAN,1.0,PassengerCarStationWagonJeep,2018.0,TOYT,COROLLA,WHI,False,,,,,,,,RT-3,1.0,3.0,False
2771043,1478147,1,Driver,True,False,False,M,AIR BAG NOT DEPLOYED,G,OCCUPANT LAP SHOULDER HARNESS USED,CELL PHONE NOT IN USE,NONE APPARENT,,S,SR-85,65.0,B,PROCEEDING STRAIGHT,A,HAD NOT BEEN DRINKING,,,M,MALE,38.0,C,CA,W,WHITE,7.0,SportUtilityVehicle,2019.0,FORD,F150,WHI,False,,,,,,,,RT-3,1.0,3.0,False
2792080,1489785,1,Driver,True,False,False,P,NOT REQUIRED,W,MOTOR BICYCLE DRIVER WITH HELMET,CELL PHONE NOT IN USE,ENTERING OR LEAVING RAMP,,N,US-101,65.0,C,RAN OFF ROAD,A,HAD NOT BEEN DRINKING,,,M,MALE,48.0,U,CA,H,HISPANIC,2.0,Motorcycle,1998.0,KAWK,NINJA ZX-9R,BLU/BLK,True,,,,,,,,AUX,1.0,1.0,False
2791584,1489516,2,Driver,True,False,False,M,AIR BAG NOT DEPLOYED,G,OCCUPANT LAP SHOULDER HARNESS USED,CELL PHONE NOT IN USE,NONE APPARENT,,S,SR-85,65.0,H,SLOWING/STOPPING,A,HAD NOT BEEN DRINKING,,,M,MALE,24.0,C,CA,H,HISPANIC,26.0,TwoAxleTruck,2013.0,INTERNATIONAL  TRUCK ,4300,YEL/BLU,False,,,,,,,,RT,1.0,3.0,False
2791583,1489516,1,Driver,False,False,False,M,AIR BAG NOT DEPLOYED,G,OCCUPANT LAP SHOULDER HARNESS USED,CELL PHONE NOT IN USE,NONE APPARENT,,S,SR-85,65.0,A,STOPPED,A,HAD NOT BEEN DRINKING,,,F,FEMALE,37.0,C,CA,H,HISPANIC,22.0,PickupsAndPanels,2019.0,CHEV,SILVERADO,TEA,False,,,,,,,,RT,1.0,3.0,False
2791579,1489514,2,Driver,False,False,False,M,AIR BAG NOT DEPLOYED,G,OCCUPANT LAP SHOULDER HARNESS USED,CELL PHONE NOT IN USE,ENTERING OR LEAVING RAMP,,N,I-280 N/B TO SARATOGA AVE.,65.0,B,PROCEEDING STRAIGHT,A,HAD NOT BEEN DRINKING,,,M,MALE,25.0,C,CA,W,WHITE,8.0,MiniVan,2010.0,CHEV,EXPRESS,WHI,False,,,,,,,,UNK,0.0,2.0,False
2791578,1489514,1,Driver,False,False,False,M,AIR BAG NOT DEPLOYED,G,OCCUPANT LAP SHOULDER HARNESS USED,CELL PHONE NOT IN USE,ENTERING OR LEAVING RAMP,,N,I-280 N/B TO SARATOGA AVE.,65.0,B,PROCEEDING STRAIGHT,A,HAD NOT BEEN DRINKING,,,M,MALE,24.0,C,CA,H,HISPANIC,1.0,PassengerCarStationWagonJeep,2016.0,CHEV,CRUZE,WHI,False,,,,,,,,UNK,0.0,2.0,False
2791363,1489391,2,Driver,False,False,False,M,AIR BAG NOT DEPLOYED,G,OCCUPANT LAP SHOULDER HARNESS USED,CELL PHONE NOT IN USE,NONE APPARENT,,S,I-280,65.0,A,STOPPED,A,HAD NOT BEEN DRINKING,,,M,MALE,31.0,C,CA,H,HISPANIC,7.0,SportUtilityVehicle,2019.0,CHEV,TAHOE,SIL,False,,,,,,,,1,4.0,4.0,False
2791362,1489391,1,Driver,True,False,False,M,AIR BAG NOT DEPLOYED,G,OCCUPANT LAP SHOULDER HARNESS USED,CELL PHONE NOT IN USE,VC SECTION VIOLATED - VC 22350,,S,I-280,65.0,B,PROCEEDING STRAIGHT,B,HBD-UNDER INFLUENCE,,,M,MALE,35.0,U,,H,HISPANIC,1.0,PassengerCarStationWagonJeep,2001.0,TOYT,COROLLA,SIL,True,,,,,,,,1,4.0,4.0,False
2790499,1488930,2,Driver,False,False,False,M,AIR BAG NOT DEPLOYED,G,OCCUPANT LAP SHOULDER HARNESS USED,CELL PHONE NOT IN USE,NONE APPARENT,,S,I-880,55.0,A,STOPPED,A,HAD NOT BEEN DRINKING,,,M,MALE,45.0,A,CA,H,HISPANIC,27.0,ThreeOrMoreAxleTruck,2019.0,VOLV,VHD,YEL,False,,,,,,,,2,4.0,4.0,False
2790498,1488930,1,Driver,True,False,False,M,AIR BAG NOT DEPLOYED,G,OCCUPANT LAP SHOULDER HARNESS USED,CELL PHONE NOT IN USE,NONE APPARENT,,S,I-880,65.0,B,PROCEEDING STRAIGHT,A,HAD NOT BEEN DRINKING,,,F,FEMALE,72.0,C,CA,W,WHITE,1.0,PassengerCarStationWagonJeep,2014.0,MAZD,MAZDA 2,GRY,True,,,,,,,,2,4.0,4.0,False
2790410,1488887,3,Driver,False,False,False,M,AIR BAG NOT DEPLOYED,G,OCCUPANT LAP SHOULDER HARNESS USED,CELL PHONE NOT IN USE,NONE APPARENT,,N,I-680,65.0,A,STOPPED,A,HAD NOT BEEN DRINKING,,,F,FEMALE,62.0,U,,H,HISPANIC,8.0,MiniVan,2003.0,TOYT,SIENNA,GLD,False,,,,,,,,4,4.0,5.0,False
2790409,1488887,2,Driver,False,False,False,M,AIR BAG NOT DEPLOYED,G,OCCUPANT LAP SHOULDER HARNESS USED,CELL PHONE NOT IN USE,VC SECTION VIOLATED - VC 22350,,N,I-680,65.0,B,PROCEEDING STRAIGHT,A,HAD NOT BEEN DRINKING,,,M,MALE,63.0,C,CA,A,ASIAN,1.0,PassengerCarStationWagonJeep,2000.0,TOYT,CAMRY,GLD,False,,,,,,,,4,4.0,5.0,False
2790408,1488887,1,Driver,True,False,False,M,AIR BAG NOT DEPLOYED,G,OCCUPANT LAP SHOULDER HARNESS USED,CELL PHONE NOT IN USE,NONE APPARENT,,N,I-680,65.0,B,PROCEEDING STRAIGHT,A,HAD NOT BEEN DRINKING,,,M,MALE,52.0,C,CA,A,ASIAN,1.0,PassengerCarStationWagonJeep,2007.0,HONA,ACCORD,GRY,False,,,,,,,,4,4.0,5.0,False
2789960,1488659,2,Driver,False,False,False,M,AIR BAG NOT DEPLOYED,G,OCCUPANT LAP SHOULDER HARNESS USED,CELL PHONE NOT IN USE,ENTERING OR LEAVING RAMP,,N,I-880 N/B TO BASCOM AVE,65.0,B,PROCEEDING STRAIGHT,A,HAD NOT BEEN DRINKING,,,F,FEMALE,64.0,C,CA,W,WHITE,7.0,SportUtilityVehicle,2014.0,SUBA,FORESTER,GRY,False,,,,,,,,EXIT,0.0,1.0,False
2789959,1488659,1,Driver,True,False,False,M,AIR BAG NOT DEPLOYED,G,OCCUPANT LAP SHOULDER HARNESS USED,CELL PHONE NOT IN USE,ENTERING OR LEAVING RAMP,,N,I-880 N/B TO BASCOM AVE,65.0,B,PROCEEDING STRAIGHT,A,HAD NOT BEEN DRINKING,,,F,FEMALE,37.0,C,CA,A,ASIAN,1.0,PassengerCarStationWagonJeep,2003.0,HOND,ACCORD,SIL,True,,,,,,,,EXIT,0.0,1.0,False
2789780,1488566,2,Driver,False,False,False,M,AIR BAG NOT DEPLOYED,G,OCCUPANT LAP SHOULDER HARNESS USED,CELL PHONE NOT IN USE,NONE APPARENT,,S,I-880 S/B,65.0,B,PROCEEDING STRAIGHT,A,HAD NOT BEEN DRINKING,,,F,FEMALE,64.0,C,CA,A,ASIAN,7.0,SportUtilityVehicle,2021.0,BUIC,ENVISION,RED,False,,,,,,,,1,4.0,4.0,False
2789779,1488566,1,Driver,True,False,False,M,AIR BAG NOT DEPLOYED,G,OCCUPANT LAP SHOULDER HARNESS USED,CELL PHONE NOT IN USE,NONE APPARENT,,S,I-880 S/B,65.0,J,CHANGING LANES,A,HAD NOT BEEN DRINKING,,,M,MALE,50.0,C,CA,A,ASIAN,7.0,SportUtilityVehicle,2018.0,JEEP,WRANGLER,BLK,False,,,,,,,,2,4.0,4.0,False
2789637,1488488,1,Driver,True,False,False,P,NOT REQUIRED,W,MOTOR BICYCLE DRIVER WITH HELMET,CELL PHONE NOT IN USE,ENTERING OR LEAVING RAMP,,S,US101,65.0,C,RAN OFF ROAD,A,HAD NOT BEEN DRINKING,,,M,MALE,20.0,U,CA,H,HISPANIC,2.0,Motorcycle,2003.0,YAMA,YZF R6,RED/BLK,True,,,,,,,,LT,0.0,4.0,False
2789448,1488399,2,Driver,False,False,False,L,AIR BAG DEPLOYED,G,OCCUPANT LAP SHOULDER HARNESS USED,CELL PHONE NOT IN USE,NONE APPARENT,,E,LIVE OAK AVE,45.0,B,PROCEEDING STRAIGHT,A,HAD NOT BEEN DRINKING,,,M,MALE,26.0,U,CA,H,HISPANIC,1.0,PassengerCarStationWagonJeep,2009.0,HYUN,ACCENT,SIL,True,,,,,,,,E/B,1.0,1.0,False
2789447,1488399,1,Driver,True,False,False,L,AIR BAG DEPLOYED,G,OCCUPANT LAP SHOULDER HARNESS USED,CELL PHONE NOT IN USE,NONE APPARENT,,S,DOUGHTERY AVE,45.0,B,PROCEEDING STRAIGHT,A,HAD NOT BEEN DRINKING,,,F,FEMALE,28.0,C,CA,H,HISPANIC,22.0,PickupsAndPanels,2017.0,NISS,SENTRA,WHI,True,,,,,,,,S/B,1.0,1.0,False