PartyId,CollisionId,PartyNumber,PartyType,IsAtFault,IsOnDutyEmergencyVehicle,IsHitAndRun,AirbagCode,AirbagDescription,SafetyEquipmentCode,SafetyEquipmentDescription,Special Information,Other Associate Factor,Inattention,DirectionOfTravel,StreetOrHighwayName,SpeedLimit,MovementPrecCollCode,MovementPrecCollDescription,SobrietyDrugPhysicalCode1,SobrietyDrugPhysicalDescription1,SobrietyDrugPhysicalCode2,SobrietyDrugPhysicalDescription2,GenderCode,GenderDescription,StatedAge,DriverLicenseClass,DriverLicenseStateCode,RaceCode,RaceDesc,Vehicle1TypeId, Vehicle1TypeDesc, Vehicle1Year,Vehicle1Make,Vehicle1Model,Vehicle1Color,V1IsVehicleTowed,Vehicle2TypeId, Vehicle2TypeDesc, Vehicle2Year,Vehicle2Make,Vehicle2Model,Vehicle2Color,V2IsVehicleTowed,Lane,ThruLanes,TotalLanes,IsDREConducted
2800365,1494157,1,Driver,True,False,False,M,AIR BAG NOT DEPLOYED,G,OCCUPANT LAP SHOULDER HARNESS USED,SCHOOL BUS RELATED,NONE APPARENT,,N,US-101,65.0,R,OTHER,A,HAD NOT BEEN DRINKING,,,M,MALE,29.0,C,CA,W,WHITE,22.0,PickupsAndPanels,2018.0,CHEV,SILVERADO,WHI,False,,,,,,,,4,4.0,5.0,False
2798634,1493237,1,Driver,True,False,False,L,AIR BAG DEPLOYED,G,OCCUPANT LAP SHOULDER HARNESS USED,CELL PHONE NOT IN USE,NONE APPARENT,,S,I-880,65.0,M,OTHER UNSAFE TURNING,A,HAD NOT BEEN DRINKING,,,M,MALE,19.0,U,,H,HISPANIC,1.0,PassengerCarStationWagonJeep,2006.0,HOND,CIVIC,BLK,True,,,,,,,,1,3.0,3.0,False
2798633,1493236,1,Driver,True,False,False,M,AIR BAG NOT DEPLOYED,G,OCCUPANT LAP SHOULDER HARNESS USED,CELL PHONE NOT IN USE,NONE APPARENT,,N,101 NB,65.0,R,OTHER,A,HAD NOT BEEN DRINKING,,,F,FEMALE,38.0,C,CA,H,HISPANIC,1.0,PassengerCarStationWagonJeep,2013.0,TOYT,COROLLA,GRN,False,,,,,,,,3,4.0,5.0,False
2798617,1493227,2,Driver,False,False,True,B,UNKNOWN,B,OCCUPANT UNKNOWN,CELL PHONE USE UNKNOWN,ENTERING OR LEAVING RAMP,,N,SR-87 (FROM SANTA TERESA BLVD),65.0,B,PROCEEDING STRAIGHT,G,IMPAIRMENT_NOT_KNOWN,,,,,,,,,,99.0,OtherUnknownHitAndRunDriver,,UNKNOWN,,,False,,,,,,,,1,1.0,1.0,False
2798616,1493227,1,Driver,True,False,False,M,AIR BAG NOT DEPLOYED,G,OCCUPANT LAP SHOULDER HARNESS USED,CELL PHONE NOT IN USE,ENTERING OR LEAVING RAMP,,N,SR-87 ,65.0,R,OTHER,A,HAD NOT BEEN DRINKING,,,M,MALE,35.0,C,CA,A,ASIAN,1.0,PassengerCarStationWagonJeep,2019.0,MNNI,S,WHI,False,,,,,,,,1,1.0,1.0,False
2798605,1493220,2,Driver,False,False,False,M,AIR BAG NOT DEPLOYED,G,OCCUPANT LAP SHOULDER HARNESS USED,CELL PHONE NOT IN USE,NONE APPARENT,,S,US-101,65.0,B,PROCEEDING STRAIGHT,A,HAD NOT BEEN DRINKING,,,M,MALE,29.0,C,CA,O,OTHER,1.0,PassengerCarStationWagonJeep,2019.0,TOYT,CAMRY,BLU,True,,,,,,,,2,3.0,4.0,False
2798604,1493220,1,Driver,True,False,False,M,AIR BAG NOT DEPLOYED,G,OCCUPANT LAP SHOULDER HARNESS USED,CELL PHONE NOT IN USE,NONE APPARENT,,S,US-101,65.0,J,CHANGING LANES,A,HAD NOT BEEN DRINKING,,,M,MALE,32.0,C,CA,H,HISPANIC,22.0,PickupsAndPanels,2007.0,CHEV,2500C,WHI,False,,,,,,,,1,3.0,4.0,False
2798597,1493216,2,Driver,False,False,False,M,AIR BAG NOT DEPLOYED,G,OCCUPANT LAP SHOULDER HARNESS USED,CELL PHONE NOT IN USE,NONE APPARENT,,N,SR-85,65.0,B,PROCEEDING STRAIGHT,A,HAD NOT BEEN DRINKING,,,M,MALE,44.0,C,CA,A,ASIAN,1.0,PassengerCarStationWagonJeep,2015.0,MAZD,MAZDA 6,BLK,False,,,,,,,,1,3.0,3.0,False
2798596,1493216,1,Driver,True,False,False,M,AIR BAG NOT DEPLOYED,G,OCCUPANT LAP SHOULDER HARNESS USED,CELL PHONE NOT IN USE,NONE APPARENT,,N,SR-85,65.0,J,CHANGING LANES,A,HAD NOT BEEN DRINKING,,,F,FEMALE,83.0,C,CA,B,BLACK,1.0,PassengerCarStationWagonJeep,2008.0,STRN,SKY,YEL,False,,,,,,,,2,3.0,3.0,False
2798591,1493213,2,Driver,False,False,False,M,AIR BAG NOT DEPLOYED,G,OCCUPANT LAP SHOULDER HARNESS USED,CELL PHONE NOT IN USE,NONE APPARENT,,S,US-101,65.0,H,SLOWING/STOPPING,A,HAD NOT BEEN DRINKING,,,M,MALE,41.0,F,OK,W,WHITE,22.0,PickupsAndPanels,2020.0,RAM,3500,GRY,False,35.0,UtilityTrailer,2021.0,KAUFMAN,TRAILER,BLK,,3,4.0,5.0,False
2798590,1493213,1,Driver,True,False,False,M,AIR BAG NOT DEPLOYED,G,OCCUPANT LAP SHOULDER HARNESS USED,CELL PHONE NOT IN USE,NONE APPARENT,,S,US-101,65.0,J,CHANGING LANES,A,HAD NOT BEEN DRINKING,,,M,MALE,28.0,C,CA,H,HISPANIC,1.0,PassengerCarStationWagonJeep,2013.0,SUBA,LEGACY,SIL,False,,,,,,,,AUX,4.0,5.0,False
2798483,1493155,2,Driver,False,False,False,M,AIR BAG NOT DEPLOYED,G,OCCUPANT LAP SHOULDER HARNESS USED,CELL PHONE USE UNKNOWN,NONE APPARENT,,E,SR-237,65.0,B,PROCEEDING STRAIGHT,A,HAD NOT BEEN DRINKING,,,F,FEMALE,27.0,C,CA,A,ASIAN,1.0,PassengerCarStationWagonJeep,2015.0,FORD,MUSTANG,WHI,False,,,,,,,,2,3.0,3.0,False
2798482,1493155,1,Driver,True,False,True,B,UNKNOWN,B,OCCUPANT UNKNOWN,CELL PHONE USE UNKNOWN,NONE APPARENT,,E,SR-237,65.0,J,CHANGING LANES,G,IMPAIRMENT_NOT_KNOWN,,,,,,,,,,99.0,OtherUnknownHitAndRunDriver,,,,,False,,,,,,,,3,3.0,3.0,False
2798084,1492941,2,Driver,False,False,False,M,AIR BAG NOT DEPLOYED,G,OCCUPANT LAP SHOULDER HARNESS USED,CELL PHONE NOT IN USE,NONE APPARENT,,N,I-280 N/B,55.0,B,PROCEEDING STRAIGHT,A,HAD NOT BEEN DRINKING,,,M,MALE,30.0,A,CA,H,HISPANIC,27.0,ThreeOrMoreAxleTruck,2020.0,KW,T880,WHI/RED,False,32.0,PullTrailer,1999.0,Wesco,Dump trailer,RED,,2,4.0,5.0,False
2798083,1492941,1,Driver,True,False,True,L,AIR BAG DEPLOYED,B,OCCUPANT UNKNOWN,CELL PHONE USE UNKNOWN,NONE APPARENT,,N,I-280 N/B,65.0,B,PROCEEDING STRAIGHT,G,IMPAIRMENT_NOT_KNOWN,,,,,,,,,,7.0,SportUtilityVehicle,2016.0,VOLV,XC90,BLK,True,,,,,,,,2,4.0,5.0,False
2798020,1492908,2,Driver,False,False,False,M,AIR BAG NOT DEPLOYED,G,OCCUPANT LAP SHOULDER HARNESS USED,CELL PHONE NOT IN USE,NONE APPARENT,,S,SR-87,65.0,H,SLOWING/STOPPING,A,HAD NOT BEEN DRINKING,,,M,MALE,54.0,C,CA,A,ASIAN,1.0,PassengerCarStationWagonJeep,2006.0,HOND,ACCORD,BLK,False,,,,,,,,HOV,2.0,3.0,False
2798019,1492908,1,Driver,True,False,False,M,AIR BAG NOT DEPLOYED,G,OCCUPANT LAP SHOULDER HARNESS USED,CELL PHONE NOT IN USE,NONE APPARENT,,S,SR-87,65.0,B,PROCEEDING STRAIGHT,A,HAD NOT BEEN DRINKING,,,M,MALE,22.0,C,CA,H,HISPANIC,22.0,PickupsAndPanels,1998.0,DODG,RAM 1500 PU,WHI,False,,,,,,,,HOV,2.0,3.0,False
2797972,1492883,3,Driver,False,False,False,M,AIR BAG NOT DEPLOYED,G,OCCUPANT LAP SHOULDER HARNESS USED,CELL PHONE NOT IN USE,NONE APPARENT,,S,SR-87,65.0,A,STOPPED,A,HAD NOT BEEN DRINKING,,,M,MALE,39.0,C,CA,A,ASIAN,22.0,PickupsAndPanels,2018.0,CHEV,COLORADO,WHI,False,,,,,,,,EXIT,2.0,4.0,False
2797971,1492883,2,Driver,False,False,False,M,AIR BAG NOT DEPLOYED,G,OCCUPANT LAP SHOULDER HARNESS USED,CELL PHONE NOT IN USE,NONE APPARENT,,S,SR-87,65.0,A,STOPPED,A,HAD NOT BEEN DRINKING,,,F,FEMALE,72.0,C,CA,H,HISPANIC,7.0,SportUtilityVehicle,2016.0,GMC,TERRAIN,WHI,False,,,,,,,,EXIT,2.0,4.0,False
2797970,1492883,1,Driver,True,False,False,M,AIR BAG NOT DEPLOYED,G,OCCUPANT LAP SHOULDER HARNESS USED,CELL PHONE NOT IN USE,NONE APPARENT,,S,SR-87,65.0,B,PROCEEDING STRAIGHT,G,IMPAIRMENT_NOT_KNOWN,,,M,MALE,27.0,U,CA,B,BLACK,1.0,PassengerCarStationWagonJeep,2016.0,FORD,C-MAX,GRY,False,,,,,,,,EXIT,2.0,4.0,False
2797920,1492858,1,Driver,True,False,False,M,AIR BAG NOT DEPLOYED,G,OCCUPANT LAP SHOULDER HARNESS USED,CELL PHONE NOT IN USE,NONE APPARENT,,S,I-280 TO US-101,65.0,R,OTHER,A,HAD NOT BEEN DRINKING,,,M,MALE,39.0,C,CA,B,BLACK,1.0,PassengerCarStationWagonJeep,1997.0,PONT,TRANS AM,BLK,True,,,,,,,,4,4.0,6.0,False
2796818,1492278,2,Driver,,False,False,M,AIR BAG NOT DEPLOYED,G,OCCUPANT LAP SHOULDER HARNESS USED,CELL PHONE NOT IN USE,NONE APPARENT,,S,I-280,65.0,J,CHANGING LANES,A,HAD NOT BEEN DRINKING,,,M,MALE,28.0,C,CA,H,HISPANIC,1.0,PassengerCarStationWagonJeep,2002.0,ACUR,3.2TL,BLK,False,,,,,,,,3,5.0,5.0,False
2796817,1492278,1,Driver,,False,True,B,UNKNOWN,B,OCCUPANT UNKNOWN,CELL PHONE NOT IN USE,NONE APPARENT,,S,I-280 ,65.0,J,CHANGING LANES,G,IMPAIRMENT_NOT_KNOWN,,,M,MALE,,,,,,1.0,PassengerCarStationWagonJeep,2004.0,UNKOWN,,,False,,,,,,,,1,5.0,5.0,False
2796807,1492272,2,Driver,False,False,False,M,AIR BAG NOT DEPLOYED,G,OCCUPANT LAP SHOULDER HARNESS USED,CELL PHONE NOT IN USE,NONE APPARENT,,N,I-280,65.0,B,PROCEEDING STRAIGHT,A,HAD NOT BEEN DRINKING,,,M,MALE,45.0,C,CA,O,OTHER,7.0,SportUtilityVehicle,2014.0,ACUR,MDX,SIL,False,,,,,,,,2,5.0,5.0,False
2796806,1492272,1,Driver,True,False,False,B,UNKNOWN,B,OCCUPANT UNKNOWN,CELL PHONE USE UNKNOWN,NONE APPARENT,,N,I-280,65.0,B,PROCEEDING STRAIGHT,G,IMPAIRMENT_NOT_KNOWN,,,,,,,,,,99.0,OtherUnknownHitAndRunDriver,,,,,False,,,,,,,,1,5.0,5.0,False
2796798,1492267,3,Driver,False,False,False,M,AIR BAG NOT DEPLOYED,G,OCCUPANT LAP SHOULDER HARNESS USED,CELL PHONE NOT IN USE,NONE APPARENT,,S,I-880,65.0,A,STOPPED,A,HAD NOT BEEN DRINKING,,,M,MALE,32.0,C,CA,W,WHITE,22.0,PickupsAndPanels,2006.0,DODG,RAM 3500 PU,WHI,False,,,,,,,,4,4.0,4.0,False
2796797,1492267,2,Driver,False,False,False,M,AIR BAG NOT DEPLOYED,G,OCCUPANT LAP SHOULDER HARNESS USED,CELL PHONE NOT IN USE,NONE APPARENT,,S,I-880,65.0,A,STOPPED,A,HAD NOT BEEN DRINKING,,,M,MALE,27.0,C,CA,W,WHITE,22.0,PickupsAndPanels,2017.0,FORD,F350,BLK,False,,,,,,,,4,4.0,4.0,False
2796796,1492267,1,Driver,True,False,False,L,AIR BAG DEPLOYED,G,OCCUPANT LAP SHOULDER HARNESS USED,CELL PHONE NOT IN USE,NONE APPARENT,,S,I-880,65.0,B,PROCEEDING STRAIGHT,A,HAD NOT BEEN DRINKING,,,M,MALE,36.0,C,CA,H,HISPANIC,8.0,MiniVan,2008.0,FORD,E250,WHI,False,,,,,,,,4,4.0,4.0,False
2796585,1492155,2,Driver,False,False,False,M,AIR BAG NOT DEPLOYED,G,OCCUPANT LAP SHOULDER HARNESS USED,CELL PHONE NOT IN USE,NONE APPARENT,,N,US 101,65.0,A,STOPPED,A,HAD NOT BEEN DRINKING,,,M,MALE,62.0,C,CA,B,BLACK,7.0,SportUtilityVehicle,2019.0,FORD,EDGE,SIL,False,,,,,,,,1,4.0,5.0,False
2796584,1492155,1,Driver,True,False,False,M,AIR BAG NOT DEPLOYED,G,OCCUPANT LAP SHOULDER HARNESS USED,CELL PHONE NOT IN USE,NONE APPARENT,,N,US 101,65.0,B,PROCEEDING STRAIGHT,A,HAD NOT BEEN DRINKING,,,F,FEMALE,28.0,C,CA,O,OTHER,1.0,PassengerCarStationWagonJeep,2011.0,HOND,ACCORD,WHI,False,,,,,,,,1,4.0,5.0,False
2796496,1492112,2,Driver,False,False,False,M,AIR BAG NOT DEPLOYED,G,OCCUPANT LAP SHOULDER HARNESS USED,CELL PHONE NOT IN USE,NONE APPARENT,,S,US-101,65.0,B,PROCEEDING STRAIGHT,A,HAD NOT BEEN DRINKING,,,F,FEMALE,39.0,C,CA,A,ASIAN,1.0,PassengerCarStationWagonJeep,2013.0,HYUN,SONATA,WHI,False,,,,,,,,3,5.0,6.0,False
2796495,1492112,1,Driver,True,False,True,B,UNKNOWN,B,OCCUPANT UNKNOWN,CELL PHONE USE UNKNOWN,NONE APPARENT,,S,US-101,65.0,B,PROCEEDING STRAIGHT,G,IMPAIRMENT_NOT_KNOWN,,,,,,,,,,99.0,OtherUnknownHitAndRunDriver,,,,,False,,,,,,,,3,5.0,6.0,False
2796132,1491909,2,Driver,False,False,False,M,AIR BAG NOT DEPLOYED,G,OCCUPANT LAP SHOULDER HARNESS USED,CELL PHONE NOT IN USE,NONE APPARENT,,S,I-880,65.0,H,SLOWING/STOPPING,A,HAD NOT BEEN DRINKING,,,F,FEMALE,48.0,C,CA,O,OTHER,7.0,SportUtilityVehicle,2012.0,MERZ,GLK,WHI,False,,,,,,,,3,3.0,3.0,False
2796131,1491909,1,Driver,True,False,False,M,AIR BAG NOT DEPLOYED,G,OCCUPANT LAP SHOULDER HARNESS USED,CELL PHONE NOT IN USE,NONE APPARENT,,S,I-880,65.0,B,PROCEEDING STRAIGHT,A,HAD NOT BEEN DRINKING,,,F,FEMALE,18.0,C,CA,W,WHITE,1.0,PassengerCarStationWagonJeep,2014.0,BMW,328DXI,BLU,False,,,,,,,,3,3.0,3.0,False
2796091,1491887,2,Driver,False,False,False,M,AIR BAG NOT DEPLOYED,G,OCCUPANT LAP SHOULDER HARNESS USED,CELL PHONE NOT IN USE,ENTERING OR LEAVING RAMP,,S,US-101 SB,65.0,A,STOPPED,A,HAD NOT BEEN DRINKING,,,M,MALE,21.0,C,CA,O,OTHER,1.0,PassengerCarStationWagonJeep,2020.0,HOND,CIVIC,BLU,True,,,,,,,,EXIT-1,2.0,2.0,False
2796090,1491887,1,Driver,True,False,False,L,AIR BAG DEPLOYED,G,OCCUPANT LAP SHOULDER HARNESS USED,CELL PHONE NOT IN USE,VC SECTION VIOLATED - VC 22350 / ENTERING OR LEAVING RAMP,,S,US-101,65.0,B,PROCEEDING STRAIGHT,B,HBD-UNDER INFLUENCE,,,F,FEMALE,28.0,C,CA,H,HISPANIC,1.0,PassengerCarStationWagonJeep,2015.0,NISS,ALTIMA,GRY,True,,,,,,,,EXIT-1,2.0,2.0,False
2795700,1491704,2,Driver,True,False,True,,,,,CELL PHONE USE UNKNOWN,NONE APPARENT,,S,I-880,65.0,J,CHANGING LANES,G,IMPAIRMENT_NOT_KNOWN,,,,,,,,,,1.0,PassengerCarStationWagonJeep,,HOND,,BLU,False,,,,,,,,3,4.0,4.0,False
2795699,1491704,1,Driver,False,False,False,L,AIR BAG DEPLOYED,G,OCCUPANT LAP SHOULDER HARNESS USED,CELL PHONE NOT IN USE,NONE APPARENT,,S,I-880,65.0,B,PROCEEDING STRAIGHT,A,HAD NOT BEEN DRINKING,,,F,FEMALE,17.0,U,CA,W,WHITE,1.0,PassengerCarStationWagonJeep,2004.0,ACUR,INTEGRA,RED,True,,,,,,,,2,4.0,4.0,False
2795021,1491353,2,Driver,,False,False,M,AIR BAG NOT DEPLOYED,G,OCCUPANT LAP SHOULDER HARNESS USED,CELL PHONE NOT IN USE,NONE APPARENT,,N,US-101,65.0,B,PROCEEDING STRAIGHT,A,HAD NOT BEEN DRINKING,,,F,FEMALE,50.0,C,CA,A,ASIAN,7.0,SportUtilityVehicle,2005.0,ACUR,MDX,BLU,False,,,,,,,,4,4.0,4.0,False
2795020,1491353,1,Driver,,False,False,M,AIR BAG NOT DEPLOYED,G,OCCUPANT LAP SHOULDER HARNESS USED,CELL PHONE NOT IN USE,NONE APPARENT,,N,US-101,65.0,B,PROCEEDING STRAIGHT,A,HAD NOT BEEN DRINKING,,,M,MALE,68.0,C,CA,A,ASIAN,1.0,PassengerCarStationWagonJeep,2017.0,NISS,SENTRA,BRO,False,,,,,,,,4,4.0,4.0,False
2795003,1491344,2,Driver,False,False,False,M,AIR BAG NOT DEPLOYED,G,OCCUPANT LAP SHOULDER HARNESS USED,CELL PHONE NOT IN USE,NONE APPARENT,,S,US-101,65.0,B,PROCEEDING STRAIGHT,A,HAD NOT BEEN DRINKING,,,F,FEMALE,48.0,C,CA,A,ASIAN,1.0,PassengerCarStationWagonJeep,2018.0,BMW,530E,WHI,False,,,,,,,,1,3.0,3.0,False
2795002,1491344,1,Driver,True,False,False,M,AIR BAG NOT DEPLOYED,G,OCCUPANT LAP SHOULDER HARNESS USED,CELL PHONE NOT IN USE,NONE APPARENT,,S,US-101,65.0,B,PROCEEDING STRAIGHT,A,HAD NOT BEEN DRINKING,,,M,MALE,32.0,C,CA,H,HISPANIC,22.0,PickupsAndPanels,2001.0,DODG,1500,WHI,False,,,,,,,,1,3.0,3.0,False
2794904,1491293,2,Driver,False,False,False,M,AIR BAG NOT DEPLOYED,G,OCCUPANT LAP SHOULDER HARNESS USED,CELL PHONE NOT IN USE,NONE APPARENT,,S,SR-87 S/B,65.0,B,PROCEEDING STRAIGHT,A,HAD NOT BEEN DRINKING,,,M,MALE,41.0,C,CA,H,HISPANIC,1.0,PassengerCarStationWagonJeep,2006.0,ACUR,TL,SIL,False,,,,,,,,3,3.0,3.0,False
2794903,1491293,1,Driver,True,False,False,M,AIR BAG NOT DEPLOYED,G,OCCUPANT LAP SHOULDER HARNESS USED,CELL PHONE NOT IN USE,NONE APPARENT,,S,SR-87 S/B,65.0,J,CHANGING LANES,A,HAD NOT BEEN DRINKING,,,M,MALE,46.0,C,CA,A,ASIAN,1.0,PassengerCarStationWagonJeep,2019.0,TOYT,CAMRY,WHI,False,,,,,,,,2,3.0,3.0,False
2794887,1491282,1,Driver,True,False,False,L,AIR BAG DEPLOYED,G,OCCUPANT LAP SHOULDER HARNESS USED,CELL PHONE NOT IN USE,NONE APPARENT,,S,I-880,65.0,R,OTHER,A,HAD NOT BEEN DRINKING,,,M,MALE,25.0,C,CA,W,WHITE,1.0,PassengerCarStationWagonJeep,2006.0,MNNI,COOPER S,RED,True,,,,,,,,3,3.0,3.0,False
2794820,1491244,2,Driver,False,False,False,L,AIR BAG DEPLOYED,G,OCCUPANT LAP SHOULDER HARNESS USED,CELL PHONE NOT IN USE,NONE APPARENT,,N,I-280,65.0,B,PROCEEDING STRAIGHT,A,HAD NOT BEEN DRINKING,,,M,MALE,29.0,C,CA,A,ASIAN,1.0,PassengerCarStationWagonJeep,2016.0,MAZD,3,WHI,True,,,,,,,,5,6.0,6.0,False
2794819,1491244,1,Driver,True,False,False,L,AIR BAG DEPLOYED,G,OCCUPANT LAP SHOULDER HARNESS USED,CELL PHONE NOT IN USE,NONE APPARENT,,N,I-280,65.0,R,OTHER,A,HAD NOT BEEN DRINKING,,,M,MALE,24.0,C,CA,H,HISPANIC,1.0,PassengerCarStationWagonJeep,2020.0,KIA,FORTE,BLK,True,,,,,,,,2,6.0,6.0,False
2794807,1491237,1,Driver,True,False,False,L,AIR BAG DEPLOYED,G,OCCUPANT LAP SHOULDER HARNESS USED,CELL PHONE NOT IN USE,VC SECTION VIOLATED - VC 22107,,S,I-880 S/B,65.0,R,OTHER,B,HBD-UNDER INFLUENCE,,,M,MALE,40.0,U,CA,O,OTHER,1.0,PassengerCarStationWagonJeep,2016.0,BMW,I8,SIL,True,,,,,,,,S/B,1.0,1.0,False
2794769,1491211,2,Driver,False,False,False,M,AIR BAG NOT DEPLOYED,H,OCCUPANT LAP SHOULDER HARNESS NOT USED,CELL PHONE NOT IN USE,STOP & GO TRAFFIC,,S,I-280,65.0,A,STOPPED,A,HAD NOT BEEN DRINKING,,,F,FEMALE,39.0,C,CA,H,HISPANIC,1.0,PassengerCarStationWagonJeep,2008.0,TOYT,COROLLA,SIL,True,,,,,,,,4,3.0,4.0,False
2794768,1491211,1,Driver,True,False,False,M,AIR BAG NOT DEPLOYED,G,OCCUPANT LAP SHOULDER HARNESS USED,CELL PHONE NOT IN USE,STOP & GO TRAFFIC,,S,I-280 S/B,65.0,B,PROCEEDING STRAIGHT,A,HAD NOT BEEN DRINKING,,,M,MALE,24.0,C,CA,H,HISPANIC,7.0,SportUtilityVehicle,2006.0,PORS,CAYENNE S,GRY,True,,,,,,,,4,3.0,4.0,False
2794746,1491197,1,Driver,False,False,False,M,AIR BAG NOT DEPLOYED,G,OCCUPANT LAP SHOULDER HARNESS USED,CELL PHONE NOT IN USE,NONE APPARENT,,N,I-680,65.0,B,PROCEEDING STRAIGHT,A,HAD NOT BEEN DRINKING,,,M,MALE,35.0,C,CA,H,HISPANIC,1.0,PassengerCarStationWagonJeep,2012.0,TOYT,CAMRY,RED,False,,,,,,,,4,4.0,4.0,False
2794488,1491052,1,Driver,True,False,True,M,AIR BAG NOT DEPLOYED,B,OCCUPANT UNKNOWN,CELL PHONE USE UNKNOWN,ENTERING OR LEAVING RAMP,,S,US-101 SB,65.0,B,PROCEEDING STRAIGHT,G,IMPAIRMENT_NOT_KNOWN,,,,,,,,,,1.0,PassengerCarStationWagonJeep,2010.0,HOND,FIT,BLU,True,,,,,,,,EXIT,2.0,2.0,False
2794236,1490919,2,Driver,False,False,False,M,AIR BAG NOT DEPLOYED,G,OCCUPANT LAP SHOULDER HARNESS USED,CELL PHONE NOT IN USE,ENTERING OR LEAVING RAMP / NONE APPARENT,,S,BIRD AVENUE,65.0,A,STOPPED,A,HAD NOT BEEN DRINKING,,,F,FEMALE,37.0,C,CA,O,OTHER,7.0,SportUtilityVehicle,2013.0,TOYT,HIGHLANDER,BLK,False,,,,,,,,2,1.0,3.0,False
2794235,1490919,1,Driver,True,False,True,P,NOT REQUIRED,P,NOT REQUIRED,CELL PHONE USE UNKNOWN,ENTERING OR LEAVING RAMP / NONE APPARENT,,S,BIRD AVE,65.0,B,PROCEEDING STRAIGHT,G,IMPAIRMENT_NOT_KNOWN,,,,,,,,,,99.0,OtherUnknownHitAndRunDriver,,,,,False,,,,,,,,2,1.0,3.0,False
2793954,1490778,2,Driver,False,False,False,M,AIR BAG NOT DEPLOYED,G,OCCUPANT LAP SHOULDER HARNESS USED,CELL PHONE NOT IN USE,NONE APPARENT,,N,I-680,65.0,B,PROCEEDING STRAIGHT,A,HAD NOT BEEN DRINKING,,,F,FEMALE,41.0,C,CA,A,ASIAN,7.0,SportUtilityVehicle,2018.0,HOND,CRV,SIL,False,,,,,,,,2,4.0,4.0,False
2793953,1490778,1,Driver,True,False,False,B,UNKNOWN,B,OCCUPANT UNKNOWN,CELL PHONE NOT IN USE,NONE APPARENT,,N,I-680,65.0,J,CHANGING LANES,G,IMPAIRMENT_NOT_KNOWN,,,U,UNKNOWN,,,,,,99.0,OtherUnknownHitAndRunDriver,,,,,False,,,,,,,,1,4.0,4.0,False
2793803,1490698,2,Driver,False,False,False,M,AIR BAG NOT DEPLOYED,G,OCCUPANT LAP SHOULDER HARNESS USED,CELL PHONE NOT IN USE,NONE APPARENT,,N,SR-87,65.0,B,PROCEEDING STRAIGHT,A,HAD NOT BEEN DRINKING,,,M,MALE,45.0,C,CA,H,HISPANIC,1.0,PassengerCarStationWagonJeep,2014.0,NISS,SENTRA,BLU,True,,,,,,,,3,3.0,3.0,False
2793802,1490698,1,Driver,True,False,False,M,AIR BAG NOT DEPLOYED,G,OCCUPANT LAP SHOULDER HARNESS USED,CELL PHONE NOT IN USE,NONE APPARENT,,N,SR-87,65.0,B,PROCEEDING STRAIGHT,A,HAD NOT BEEN DRINKING,,,F,FEMALE,17.0,C,CA,A,ASIAN,8.0,MiniVan,2015.0,TOYT,SIENNA,WHI,False,,,,,,,,3,3.0,3.0,False
2793667,1490620,1,Driver,True,False,False,M,AIR BAG NOT DEPLOYED,G,OCCUPANT LAP SHOULDER HARNESS USED,CELL PHONE NOT IN USE,ENTERING OR LEAVING RAMP,,S,SR85,65.0,B,PROCEEDING STRAIGHT,A,HAD NOT BEEN DRINKING,,,M,MALE,17.0,C,CA,H,HISPANIC,22.0,PickupsAndPanels,2011.0,NISS,FRONTIER,BLK,True,,,,,,,,EXIT,1.0,1.0,False
2793655,1490613,1,Driver,True,False,False,L,AIR BAG DEPLOYED,G,OCCUPANT LAP SHOULDER HARNESS USED,CELL PHONE NOT IN USE,VC SECTION VIOLATED - VC 22350,,N,I-880,65.0,C,RAN OFF ROAD,B,HBD-UNDER INFLUENCE,,,M,MALE,25.0,C,CA,H,HISPANIC,1.0,PassengerCarStationWagonJeep,2015.0,SUBA,STI,SIL,True,,,,,,,,EXIT,1.0,1.0,False
2793367,1490457,1,Driver,True,False,False,L,AIR BAG DEPLOYED,G,OCCUPANT LAP SHOULDER HARNESS USED,CELL PHONE NOT IN USE,NONE APPARENT,,N,SR-87,65.0,B,PROCEEDING STRAIGHT,A,HAD NOT BEEN DRINKING,,,M,MALE,43.0,C,CA,B,BLACK,1.0,PassengerCarStationWagonJeep,2007.0,STRN,SI-1,WHI,True,,,,,,,,2,3.0,3.0,False
2793338,1490440,2,Driver,False,False,False,M,AIR BAG NOT DEPLOYED,G,OCCUPANT LAP SHOULDER HARNESS USED,CELL PHONE NOT IN USE,NONE APPARENT,,S,I-280,65.0,B,PROCEEDING STRAIGHT,A,HAD NOT BEEN DRINKING,,,M,MALE,24.0,F,VA,W,WHITE,7.0,SportUtilityVehicle,2020.0,MITS,OUTLANDER,SIL,False,,,,,,,,5,5.0,5.0,False