PartyId,CollisionId,PartyNumber,PartyType,IsAtFault,IsOnDutyEmergencyVehicle,IsHitAndRun,AirbagCode,AirbagDescription,SafetyEquipmentCode,SafetyEquipmentDescription,Special Information,Other Associate Factor,Inattention,DirectionOfTravel,StreetOrHighwayName,SpeedLimit,MovementPrecCollCode,MovementPrecCollDescription,SobrietyDrugPhysicalCode1,SobrietyDrugPhysicalDescription1,SobrietyDrugPhysicalCode2,SobrietyDrugPhysicalDescription2,GenderCode,GenderDescription,StatedAge,DriverLicenseClass,DriverLicenseStateCode,RaceCode,RaceDesc,Vehicle1TypeId, Vehicle1TypeDesc, Vehicle1Year,Vehicle1Make,Vehicle1Model,Vehicle1Color,V1IsVehicleTowed,Vehicle2TypeId, Vehicle2TypeDesc, Vehicle2Year,Vehicle2Make,Vehicle2Model,Vehicle2Color,V2IsVehicleTowed,Lane,ThruLanes,TotalLanes,IsDREConducted
2815453,1502026,1,Driver,True,False,False,M,AIR BAG NOT DEPLOYED,G,OCCUPANT LAP SHOULDER HARNESS USED,CELL PHONE NOT IN USE,NONE APPARENT,,S,TONY P SANTOS STREET,25.0,D,MAKING RIGHT TURN,G,IMPAIRMENT_NOT_KNOWN,,,F,FEMALE,51.0,B,CA,H,HISPANIC,13.0,SchoolBusPublicTypeI,2015.0,BLUEBIRD,SCHOOL BUS,YEL,False,,,,,,,,S/B,0.0,1.0,False
2815404,1501999,1,Driver,True,False,False,M,AIR BAG NOT DEPLOYED,G,OCCUPANT LAP SHOULDER HARNESS USED,CELL PHONE NOT IN USE,NONE APPARENT,,S,I-680,65.0,B,PROCEEDING STRAIGHT,G,IMPAIRMENT_NOT_KNOWN,,,M,MALE,47.0,U,CA,H,HISPANIC,1.0,PassengerCarStationWagonJeep,2001.0,AUDI,A4,BLK,True,,,,,,,,3,4.0,4.0,False
2814718,1501644,1,Driver,True,False,False,L,AIR BAG DEPLOYED,G,OCCUPANT LAP SHOULDER HARNESS USED,CELL PHONE NOT IN USE,ENTERING OR LEAVING RAMP,,W,SR-237 W/B,65.0,C,RAN OFF ROAD,A,HAD NOT BEEN DRINKING,,,M,MALE,42.0,C,CA,A,ASIAN,7.0,SportUtilityVehicle,2021.0,TOYT,RAV4,BLU,True,,,,,,,,EXIT-1,0.0,2.0,False
2814652,1501609,2,Driver,False,False,False,M,AIR BAG NOT DEPLOYED,G,OCCUPANT LAP SHOULDER HARNESS USED,CELL PHONE NOT IN USE,NONE APPARENT,,N,US-101,65.0,H,SLOWING/STOPPING,A,HAD NOT BEEN DRINKING,,,F,FEMALE,53.0,C,CA,W,WHITE,7.0,SportUtilityVehicle,2014.0,HOND,CRV,BLK,False,,,,,,,,5,5.0,5.0,False
2814651,1501609,1,Driver,True,False,True,B,UNKNOWN,B,OCCUPANT UNKNOWN,CELL PHONE USE UNKNOWN,NONE APPARENT,,N,US-101,65.0,B,PROCEEDING STRAIGHT,G,IMPAIRMENT_NOT_KNOWN,,,,,,,,,,99.0,OtherUnknownHitAndRunDriver,,,,,False,,,,,,,,5,5.0,5.0,False
2814464,1501518,1,Driver,True,False,False,L,AIR BAG DEPLOYED,G,OCCUPANT LAP SHOULDER HARNESS USED,CELL PHONE NOT IN USE,ENTERING OR LEAVING RAMP,,N,I-880,65.0,B,PROCEEDING STRAIGHT,A,HAD NOT BEEN DRINKING,,,F,FEMALE,45.0,C,CA,A,ASIAN,7.0,SportUtilityVehicle,2016.0,HOND,CRV,SIL,False,,,,,,,,EXIT,0.0,1.0,False
2814444,1501504,2,Driver,False,False,False,M,AIR BAG NOT DEPLOYED,G,OCCUPANT LAP SHOULDER HARNESS USED,CELL PHONE NOT IN USE,NONE APPARENT,,S,SR-85,65.0,B,PROCEEDING STRAIGHT,A,HAD NOT BEEN DRINKING,,,M,MALE,51.0,C,CA,O,OTHER,1.0,PassengerCarStationWagonJeep,2004.0,LEXS,IS300,GRY,False,,,,,,,,2,3.0,3.0,False
2814443,1501504,1,Driver,True,False,False,M,AIR BAG NOT DEPLOYED,G,OCCUPANT LAP SHOULDER HARNESS USED,CELL PHONE NOT IN USE,NONE APPARENT,,S,SR-85,65.0,J,CHANGING LANES,A,HAD NOT BEEN DRINKING,,,F,FEMALE,23.0,C,CA,H,HISPANIC,1.0,PassengerCarStationWagonJeep,2019.0,HOND,ACCORD,GRY,False,,,,,,,,3,3.0,3.0,False
2814435,1501498,4,Driver,False,False,False,M,AIR BAG NOT DEPLOYED,G,OCCUPANT LAP SHOULDER HARNESS USED,CELL PHONE NOT IN USE,NONE APPARENT,,E,SR-237,65.0,A,STOPPED,A,HAD NOT BEEN DRINKING,,,M,MALE,53.0,C,CA,H,HISPANIC,1.0,PassengerCarStationWagonJeep,2017.0,TOYT,PRIUS,WHI,False,,,,,,,,1,3.0,4.0,False
2814434,1501498,3,Driver,False,False,False,M,AIR BAG NOT DEPLOYED,G,OCCUPANT LAP SHOULDER HARNESS USED,CELL PHONE NOT IN USE,NONE APPARENT,,E,SR-237,65.0,A,STOPPED,A,HAD NOT BEEN DRINKING,,,M,MALE,65.0,C,CA,A,ASIAN,1.0,PassengerCarStationWagonJeep,2011.0,TOYT,CAMRY,GRY,False,,,,,,,,1,3.0,4.0,False
2814433,1501498,2,Driver,False,False,False,M,AIR BAG NOT DEPLOYED,G,OCCUPANT LAP SHOULDER HARNESS USED,CELL PHONE NOT IN USE,NONE APPARENT,,E,SR-237,65.0,H,SLOWING/STOPPING,A,HAD NOT BEEN DRINKING,,,M,MALE,34.0,C,CA,H,HISPANIC,22.0,PickupsAndPanels,2012.0,DODG,RAM 1500 PU,GRY,False,,,,,,,,1,3.0,4.0,False
2814432,1501498,1,Driver,True,False,False,L,AIR BAG DEPLOYED,G,OCCUPANT LAP SHOULDER HARNESS USED,CELL PHONE NOT IN USE,NONE APPARENT,,E,SR-237,65.0,B,PROCEEDING STRAIGHT,A,HAD NOT BEEN DRINKING,,,M,MALE,75.0,C,CA,O,OTHER,1.0,PassengerCarStationWagonJeep,2010.0,SUBA,OUTBACK,GRY,True,,,,,,,,1,3.0,4.0,False
2814423,1501493,4,Driver,False,False,True,B,UNKNOWN,B,OCCUPANT UNKNOWN,CELL PHONE USE UNKNOWN,NONE APPARENT,,S,US-101,65.0,A,STOPPED,G,IMPAIRMENT_NOT_KNOWN,,,,,,,,,,99.0,OtherUnknownHitAndRunDriver,,,,,False,,,,,,,,3,4.0,4.0,False
2814422,1501493,3,Driver,False,False,False,M,AIR BAG NOT DEPLOYED,G,OCCUPANT LAP SHOULDER HARNESS USED,CELL PHONE NOT IN USE,NONE APPARENT,,S,US-101,65.0,A,STOPPED,A,HAD NOT BEEN DRINKING,,,F,FEMALE,24.0,C,CA,A,ASIAN,1.0,PassengerCarStationWagonJeep,2015.0,TOYT,COROLLA,RED,False,,,,,,,,3,4.0,4.0,False
2814421,1501493,2,Driver,False,False,False,M,AIR BAG NOT DEPLOYED,G,OCCUPANT LAP SHOULDER HARNESS USED,CELL PHONE NOT IN USE,NONE APPARENT,,S,US-101,65.0,A,STOPPED,A,HAD NOT BEEN DRINKING,,,M,MALE,23.0,U,CA,H,HISPANIC,1.0,PassengerCarStationWagonJeep,2005.0,TOYT,COROLLA,GRY,True,,,,,,,,3,4.0,4.0,False
2814420,1501493,1,Driver,True,False,False,M,AIR BAG NOT DEPLOYED,G,OCCUPANT LAP SHOULDER HARNESS USED,CELL PHONE HANDSFREE IN USE,NONE APPARENT,,N,US-101,65.0,B,PROCEEDING STRAIGHT,A,HAD NOT BEEN DRINKING,,,M,MALE,49.0,C,CA,A,ASIAN,1.0,PassengerCarStationWagonJeep,2018.0,JEEP,WRANGLER,GRY,False,,,,,,,,3,4.0,4.0,False
2814412,1501488,4,Driver,False,False,False,M,AIR BAG NOT DEPLOYED,G,OCCUPANT LAP SHOULDER HARNESS USED,CELL PHONE NOT IN USE,NONE APPARENT,,S,I-280,65.0,A,STOPPED,A,HAD NOT BEEN DRINKING,,,F,FEMALE,25.0,C,CA,O,OTHER,1.0,PassengerCarStationWagonJeep,2021.0,LEXS,IS 300,BLK,False,,,,,,,,HOV,5.0,5.0,False
2814411,1501488,3,Driver,False,False,False,M,AIR BAG NOT DEPLOYED,G,OCCUPANT LAP SHOULDER HARNESS USED,CELL PHONE NOT IN USE,NONE APPARENT,,S,I-280,65.0,A,STOPPED,A,HAD NOT BEEN DRINKING,,,F,FEMALE,37.0,C,CA,O,OTHER,1.0,PassengerCarStationWagonJeep,2020.0,TESL,MODEL 3,WHI,False,,,,,,,,HOV,5.0,5.0,False
2814410,1501488,2,Driver,False,False,False,M,AIR BAG NOT DEPLOYED,G,OCCUPANT LAP SHOULDER HARNESS USED,CELL PHONE NOT IN USE,VC SECTION VIOLATED - VC 22350,,S,I-280,65.0,B,PROCEEDING STRAIGHT,A,HAD NOT BEEN DRINKING,,,M,MALE,27.0,C,CA,O,OTHER,1.0,PassengerCarStationWagonJeep,2021.0,TESL,MODEL Y,WHI,False,,,,,,,,HOV,5.0,5.0,False
2814409,1501488,1,Driver,True,False,False,M,AIR BAG NOT DEPLOYED,G,OCCUPANT LAP SHOULDER HARNESS USED,CELL PHONE NOT IN USE,NONE APPARENT,,S,I-280,65.0,B,PROCEEDING STRAIGHT,A,HAD NOT BEEN DRINKING,,,M,MALE,39.0,C,CA,H,HISPANIC,1.0,PassengerCarStationWagonJeep,2014.0,LEXS,CADENZA,SIL,False,,,,,,,,HOV,5.0,5.0,False
2813065,1500803,3,Driver,False,False,False,M,AIR BAG NOT DEPLOYED,G,OCCUPANT LAP SHOULDER HARNESS USED,CELL PHONE NOT IN USE,NONE APPARENT,,N,SR-87,65.0,A,STOPPED,A,HAD NOT BEEN DRINKING,,,F,FEMALE,34.0,C,CA,W,WHITE,1.0,PassengerCarStationWagonJeep,2012.0,NISS,ALTIMA,SIL,True,,,,,,,,1,3.0,3.0,False
2813064,1500803,2,Driver,False,False,False,M,AIR BAG NOT DEPLOYED,G,OCCUPANT LAP SHOULDER HARNESS USED,CELL PHONE NOT IN USE,NONE APPARENT,,N,SR-87,65.0,H,SLOWING/STOPPING,A,HAD NOT BEEN DRINKING,,,F,FEMALE,69.0,C,CA,H,HISPANIC,7.0,SportUtilityVehicle,2011.0,TOYT,HIGHLANDER,SIL,True,,,,,,,,1,3.0,3.0,False
2813063,1500803,1,Driver,True,False,False,L,AIR BAG DEPLOYED,G,OCCUPANT LAP SHOULDER HARNESS USED,CELL PHONE NOT IN USE,NONE APPARENT,,N,SR-87,65.0,H,SLOWING/STOPPING,A,HAD NOT BEEN DRINKING,,,M,MALE,17.0,C,CA,O,OTHER,1.0,PassengerCarStationWagonJeep,2008.0,NISS,ALTIMA,RED,True,,,,,,,,1,3.0,3.0,False
2833404,1511308,2,Driver,False,False,False,M,AIR BAG NOT DEPLOYED,G,OCCUPANT LAP SHOULDER HARNESS USED,CELL PHONE NOT IN USE,NONE APPARENT,,S,I-280,65.0,B,PROCEEDING STRAIGHT,A,HAD NOT BEEN DRINKING,,,M,MALE,21.0,F,AZ,W,WHITE,1.0,PassengerCarStationWagonJeep,2012.0,FORD,FUSION,GRY,False,,,,,,,,2,5.0,5.0,False
2833403,1511308,1,Driver,True,False,False,L,AIR BAG DEPLOYED,G,OCCUPANT LAP SHOULDER HARNESS USED,CELL PHONE NOT IN USE,VC SECTION VIOLATED - VC 22350 / NONE APPARENT,,S,I-280,65.0,B,PROCEEDING STRAIGHT,B,HBD-UNDER INFLUENCE,,,M,MALE,19.0,C,CA,O,OTHER,1.0,PassengerCarStationWagonJeep,2007.0,BMW,328I,WHI,True,,,,,,,,2,5.0,5.0,False
2833198,1511208,2,Driver,False,False,False,P,NOT REQUIRED,W,MOTOR BICYCLE DRIVER WITH HELMET,CELL PHONE NOT IN USE,STOP & GO TRAFFIC,,N,I-280,65.0,B,PROCEEDING STRAIGHT,A,HAD NOT BEEN DRINKING,,,M,MALE,32.0,M1,CA,W,WHITE,2.0,Motorcycle,2020.0,SUZI,SV360,BLU,True,,,,,,,,1,3.0,3.0,False
2833197,1511208,1,Driver,True,False,False,M,AIR BAG NOT DEPLOYED,G,OCCUPANT LAP SHOULDER HARNESS USED,CELL PHONE NOT IN USE,STOP & GO TRAFFIC,,N,I-280,65.0,J,CHANGING LANES,A,HAD NOT BEEN DRINKING,,,F,FEMALE,26.0,U,CA,H,HISPANIC,1.0,PassengerCarStationWagonJeep,2002.0,TOYT,CAMRY,WHI,False,,,,,,,,2,3.0,3.0,False
2833189,1511203,2,Driver,False,False,False,M,AIR BAG NOT DEPLOYED,G,OCCUPANT LAP SHOULDER HARNESS USED,CELL PHONE NOT IN USE,NONE APPARENT,,S,I-880,65.0,A,STOPPED,A,HAD NOT BEEN DRINKING,,,F,FEMALE,36.0,C,CA,O,OTHER,1.0,PassengerCarStationWagonJeep,2020.0,HOND,FIT,SIL,False,,,,,,,,2,3.0,3.0,False
2833188,1511203,1,Driver,True,False,False,L,AIR BAG DEPLOYED,G,OCCUPANT LAP SHOULDER HARNESS USED,CELL PHONE NOT IN USE,NONE APPARENT,,S,I-880,65.0,H,SLOWING/STOPPING,A,HAD NOT BEEN DRINKING,,,M,MALE,25.0,C,CA,A,ASIAN,7.0,SportUtilityVehicle,2009.0,TOYT,HIGHLANDER,RED,False,,,,,,,,2,3.0,3.0,False
2833047,1511135,2,Driver,False,False,False,M,AIR BAG NOT DEPLOYED,G,OCCUPANT LAP SHOULDER HARNESS USED,CELL PHONE NOT IN USE,NONE APPARENT,,N,SR-87,65.0,B,PROCEEDING STRAIGHT,G,IMPAIRMENT_NOT_KNOWN,,,M,MALE,69.0,C,CA,W,WHITE,22.0,PickupsAndPanels,2021.0,GMC,SIERRA,GRY,False,,,,,,,,HOV,2.0,3.0,False
2833046,1511135,1,Driver,True,False,False,M,AIR BAG NOT DEPLOYED,G,OCCUPANT LAP SHOULDER HARNESS USED,CELL PHONE NOT IN USE,NONE APPARENT,,N,SR-87,65.0,J,CHANGING LANES,G,IMPAIRMENT_NOT_KNOWN,,,F,FEMALE,19.0,U,,H,HISPANIC,1.0,PassengerCarStationWagonJeep,2011.0,VOLK,JETTA,GRY,False,,,,,,,,1,2.0,3.0,False
2833004,1511115,2,Driver,False,False,False,M,AIR BAG NOT DEPLOYED,G,OCCUPANT LAP SHOULDER HARNESS USED,CELL PHONE NOT IN USE,NONE APPARENT,,E,SR-237,65.0,B,PROCEEDING STRAIGHT,A,HAD NOT BEEN DRINKING,,,M,MALE,32.0,C,CA,W,WHITE,22.0,PickupsAndPanels,2021.0,FORD,F150,WHI,True,,,,,,,,1,2.0,3.0,False
2833003,1511115,1,Driver,True,False,True,B,UNKNOWN,B,OCCUPANT UNKNOWN,CELL PHONE USE UNKNOWN,NONE APPARENT,,E,SR-237,65.0,B,PROCEEDING STRAIGHT,G,IMPAIRMENT_NOT_KNOWN,,,,,,,,,,1.0,PassengerCarStationWagonJeep,1990.0,HOND,ACCORD,GRY,True,,,,,,,,1,2.0,3.0,False
2832743,1510977,1,Driver,True,False,False,P,NOT REQUIRED,W,MOTOR BICYCLE DRIVER WITH HELMET,CELL PHONE NOT IN USE,NONE APPARENT,,S,I-880,65.0,J,CHANGING LANES,A,HAD NOT BEEN DRINKING,,,M,MALE,38.0,U,CA,W,WHITE,2.0,Motorcycle,2005.0,SUZI,GSX,RED/BLK,False,,,,,,,,1,3.0,3.0,False
2831333,1510245,4,Driver,False,False,False,M,AIR BAG NOT DEPLOYED,G,OCCUPANT LAP SHOULDER HARNESS USED,CELL PHONE NOT IN USE,NONE APPARENT,,N,US 101,65.0,A,STOPPED,A,HAD NOT BEEN DRINKING,,,M,MALE,34.0,C,CA,A,ASIAN,1.0,PassengerCarStationWagonJeep,2021.0,HYUN,SONATA,BLK,False,,,,,,,,1,3.0,4.0,False
2831332,1510245,3,Driver,False,False,False,M,AIR BAG NOT DEPLOYED,G,OCCUPANT LAP SHOULDER HARNESS USED,CELL PHONE NOT IN USE,NONE APPARENT,,N,US 101,65.0,A,STOPPED,A,HAD NOT BEEN DRINKING,,,M,MALE,28.0,C,CA,H,HISPANIC,1.0,PassengerCarStationWagonJeep,1986.0,HOND,PRELUDE,SIL,False,,,,,,,,1,3.0,4.0,False
2831331,1510245,2,Driver,False,False,False,L,AIR BAG DEPLOYED,G,OCCUPANT LAP SHOULDER HARNESS USED,CELL PHONE NOT IN USE,VC SECTION VIOLATED - VC 22350,,N,US 101,65.0,B,PROCEEDING STRAIGHT,A,HAD NOT BEEN DRINKING,,,F,FEMALE,34.0,C,CA,W,WHITE,8.0,MiniVan,2017.0,DODG,CARAVAN,GRY,False,,,,,,,,1,3.0,4.0,False
2831330,1510245,1,Driver,True,False,False,M,AIR BAG NOT DEPLOYED,G,OCCUPANT LAP SHOULDER HARNESS USED,CELL PHONE NOT IN USE,NONE APPARENT,,N,US 101,65.0,B,PROCEEDING STRAIGHT,A,HAD NOT BEEN DRINKING,,,M,MALE,29.0,C,CA,W,WHITE,1.0,PassengerCarStationWagonJeep,2012.0,TOYT,SCION XB,PLE,False,,,,,,,,1,3.0,4.0,False
2831125,1510142,2,Driver,False,False,False,M,AIR BAG NOT DEPLOYED,G,OCCUPANT LAP SHOULDER HARNESS USED,CELL PHONE NOT IN USE,ENTERING OR LEAVING RAMP,,S,I-880,65.0,B,PROCEEDING STRAIGHT,A,HAD NOT BEEN DRINKING,,,F,FEMALE,29.0,U,CA,H,HISPANIC,1.0,PassengerCarStationWagonJeep,2000.0,HOND,CRV,SIL,False,,,,,,,,EXIT-2,0.0,2.0,False
2831124,1510142,1,Driver,True,False,False,M,AIR BAG NOT DEPLOYED,G,OCCUPANT LAP SHOULDER HARNESS USED,CELL PHONE NOT IN USE,ENTERING OR LEAVING RAMP,,S,I-880,65.0,B,PROCEEDING STRAIGHT,A,HAD NOT BEEN DRINKING,,,M,MALE,64.0,C,CA,W,WHITE,1.0,PassengerCarStationWagonJeep,2019.0,CHEV,BOLT,RED,False,,,,,,,,EXIT-2,0.0,2.0,False
2831076,1510120,1,Driver,True,False,False,P,NOT REQUIRED,W,MOTOR BICYCLE DRIVER WITH HELMET,CELL PHONE NOT IN USE,ENTERING OR LEAVING RAMP,,S,US-101,65.0,M,OTHER UNSAFE TURNING,G,IMPAIRMENT_NOT_KNOWN,,,M,MALE,42.0,M1,CA,W,WHITE,2.0,Motorcycle,1986.0,HOND,ELITE 150 ,BLU,True,,,,,,,,EXIT,1.0,1.0,False
2830950,1510049,2,Driver,False,False,False,M,AIR BAG NOT DEPLOYED,G,OCCUPANT LAP SHOULDER HARNESS USED,CELL PHONE NOT IN USE,NONE APPARENT,,N,US-101,65.0,B,PROCEEDING STRAIGHT,A,HAD NOT BEEN DRINKING,,,F,FEMALE,35.0,U,CA,A,ASIAN,7.0,SportUtilityVehicle,2019.0,LEXS,NX300H,GRY,False,,,,,,,,2,4.0,4.0,False
2830949,1510049,1,Driver,True,False,False,M,AIR BAG NOT DEPLOYED,G,OCCUPANT LAP SHOULDER HARNESS USED,CELL PHONE NOT IN USE,NONE APPARENT,,N,US-101,65.0,J,CHANGING LANES,A,HAD NOT BEEN DRINKING,,,M,MALE,18.0,C,CA,H,HISPANIC,22.0,PickupsAndPanels,1999.0,CHEV,SILVERADO,SIL,True,,,,,,,,1,4.0,4.0,False
2830649,1509901,3,Driver,False,False,False,M,AIR BAG NOT DEPLOYED,G,OCCUPANT LAP SHOULDER HARNESS USED,CELL PHONE NOT IN USE,NONE APPARENT,,S,US-101,65.0,H,SLOWING/STOPPING,A,HAD NOT BEEN DRINKING,,,M,MALE,40.0,C,CA,W,WHITE,1.0,PassengerCarStationWagonJeep,2020.0,NISS,SENTRA,WHI,False,,,,,,,,1,4.0,4.0,False
2830648,1509901,2,Driver,False,False,False,M,AIR BAG NOT DEPLOYED,G,OCCUPANT LAP SHOULDER HARNESS USED,CELL PHONE NOT IN USE,NONE APPARENT,,S,US-101,65.0,H,SLOWING/STOPPING,A,HAD NOT BEEN DRINKING,,,M,MALE,74.0,C,CA,W,WHITE,7.0,SportUtilityVehicle,2006.0,JEEP,COMMANDER,WHI,False,,,,,,,,3,4.0,4.0,False
2830647,1509901,1,Driver,True,False,False,M,AIR BAG NOT DEPLOYED,G,OCCUPANT LAP SHOULDER HARNESS USED,CELL PHONE NOT IN USE,NONE APPARENT,,S,US-101,65.0,M,OTHER UNSAFE TURNING,A,HAD NOT BEEN DRINKING,,,M,MALE,55.0,U,,H,HISPANIC,1.0,PassengerCarStationWagonJeep,2008.0,HOND,CIVIC,WHI,False,,,,,,,,2,4.0,4.0,False
2830611,1509882,1,Driver,True,False,False,P,NOT REQUIRED,W,MOTOR BICYCLE DRIVER WITH HELMET,CELL PHONE NOT IN USE,NONE APPARENT,,S,SR-85,65.0,B,PROCEEDING STRAIGHT,A,HAD NOT BEEN DRINKING,,,M,MALE,26.0,M1,CA,W,WHITE,2.0,Motorcycle,2008.0,HD,MOTORCYCLE,BLK,False,,,,,,,,1,4.0,4.0,False
2830512,1509830,2,Driver,False,False,False,M,AIR BAG NOT DEPLOYED,G,OCCUPANT LAP SHOULDER HARNESS USED,CELL PHONE NOT IN USE,NONE APPARENT,,N,I-880,65.0,B,PROCEEDING STRAIGHT,A,HAD NOT BEEN DRINKING,,,M,MALE,36.0,C,CA,O,OTHER,1.0,PassengerCarStationWagonJeep,2016.0,NISS,MAXIMA,GRY,False,,,,,,,,1,4.0,4.0,False
2830511,1509830,1,Driver,True,False,False,B,UNKNOWN,B,OCCUPANT UNKNOWN,CELL PHONE USE UNKNOWN,NONE APPARENT,,N,I-880,65.0,M,OTHER UNSAFE TURNING,G,IMPAIRMENT_NOT_KNOWN,,,,,,,,,,99.0,OtherUnknownHitAndRunDriver,,UNKNOWN,,,False,,,,,,,,2,4.0,4.0,False
2830204,1509673,1,Driver,True,False,False,L,AIR BAG DEPLOYED,G,OCCUPANT LAP SHOULDER HARNESS USED,CELL PHONE NOT IN USE,VC SECTION VIOLATED - VC 22107,,N,SR-87 N/B TO I-280 N/B,65.0,M,OTHER UNSAFE TURNING,B,HBD-UNDER INFLUENCE,,,F,FEMALE,25.0,U,CA,H,HISPANIC,1.0,PassengerCarStationWagonJeep,2008.0,LEXS,IS250,GRY,True,,,,,,,,2,2.0,2.0,False
2830045,1509592,1,Driver,True,False,False,L,AIR BAG DEPLOYED,H,OCCUPANT LAP SHOULDER HARNESS NOT USED,CELL PHONE NOT IN USE,VC SECTION VIOLATED - VC 22350,,S,SR-87 S/B,65.0,M,OTHER UNSAFE TURNING,B,HBD-UNDER INFLUENCE,,,F,FEMALE,25.0,C,CA,H,HISPANIC,7.0,SportUtilityVehicle,2003.0,HOND,CRV,SIL,True,,,,,,,,3,3.0,3.0,False
2829559,1509337,2,Driver,False,False,False,M,AIR BAG NOT DEPLOYED,G,OCCUPANT LAP SHOULDER HARNESS USED,CELL PHONE NOT IN USE,NONE APPARENT,,S,I-880,65.0,H,SLOWING/STOPPING,A,HAD NOT BEEN DRINKING,,,F,FEMALE,31.0,C,CA,W,WHITE,1.0,PassengerCarStationWagonJeep,2014.0,TOYT,CAMRY,GLD,True,,,,,,,,4,4.0,4.0,False
2829558,1509337,1,Driver,True,False,False,M,AIR BAG NOT DEPLOYED,G,OCCUPANT LAP SHOULDER HARNESS USED,CELL PHONE NOT IN USE,NONE APPARENT,,S,I-880,65.0,B,PROCEEDING STRAIGHT,A,HAD NOT BEEN DRINKING,,,F,FEMALE,47.0,C,CA,W,WHITE,8.0,MiniVan,2001.0,FORD,EXPLORER,WHI,False,,,,,,,,4,4.0,4.0,False
2829535,1509325,2,Driver,False,False,False,M,AIR BAG NOT DEPLOYED,G,OCCUPANT LAP SHOULDER HARNESS USED,CELL PHONE NOT IN USE,NONE APPARENT,,S,I-880,65.0,H,SLOWING/STOPPING,A,HAD NOT BEEN DRINKING,,,M,MALE,67.0,C,CA,A,ASIAN,8.0,MiniVan,2016.0,DODG,CARAVAN,GRY,False,,,,,,,,4,5.0,5.0,False
2829534,1509325,1,Driver,True,False,False,M,AIR BAG NOT DEPLOYED,G,OCCUPANT LAP SHOULDER HARNESS USED,CELL PHONE NOT IN USE,NONE APPARENT,,S,I-880,65.0,B,PROCEEDING STRAIGHT,A,HAD NOT BEEN DRINKING,,,M,MALE,22.0,C,CA,W,WHITE,7.0,SportUtilityVehicle,2015.0,JEEP,GRAND CHEROKEE,GRY,False,,,,,,,,4,5.0,5.0,False
2829487,1509302,2,Driver,False,False,False,M,AIR BAG NOT DEPLOYED,G,OCCUPANT LAP SHOULDER HARNESS USED,CELL PHONE NOT IN USE,NONE APPARENT,,S,US-101,65.0,H,SLOWING/STOPPING,A,HAD NOT BEEN DRINKING,,,M,MALE,29.0,C,CA,H,HISPANIC,22.0,PickupsAndPanels,2020.0,FORD,RANGER,GRY,False,,,,,,,,2,4.0,4.0,False
2829486,1509302,1,Driver,True,False,False,M,AIR BAG NOT DEPLOYED,G,OCCUPANT LAP SHOULDER HARNESS USED,CELL PHONE NOT IN USE,NONE APPARENT,,S,US-101,65.0,B,PROCEEDING STRAIGHT,A,HAD NOT BEEN DRINKING,,,M,MALE,48.0,C,CA,W,WHITE,8.0,MiniVan,2012.0,TOYT,SIENNA,BLU,True,,,,,,,,2,4.0,4.0,False
2829415,1509262,2,Driver,False,False,False,M,AIR BAG NOT DEPLOYED,G,OCCUPANT LAP SHOULDER HARNESS USED,CELL PHONE NOT IN USE,STOP & GO TRAFFIC,,S,US-101,65.0,A,STOPPED,A,HAD NOT BEEN DRINKING,,,M,MALE,80.0,C,CA,W,WHITE,1.0,PassengerCarStationWagonJeep,2014.0,CADI,AT5,BLK,False,,,,,,,,2,4.0,4.0,False
2829414,1509262,1,Driver,True,False,False,M,AIR BAG NOT DEPLOYED,G,OCCUPANT LAP SHOULDER HARNESS USED,CELL PHONE NOT IN USE,STOP & GO TRAFFIC,,S,US-101,65.0,H,SLOWING/STOPPING,A,HAD NOT BEEN DRINKING,,,M,MALE,31.0,C,CA,H,HISPANIC,7.0,SportUtilityVehicle,2017.0,DODG,DURANGO,RED,False,,,,,,,,2,4.0,4.0,False
2829412,1509260,3,Driver,False,False,False,M,AIR BAG NOT DEPLOYED,G,OCCUPANT LAP SHOULDER HARNESS USED,CELL PHONE NOT IN USE,VC SECTION VIOLATED - VC 22350 / NONE APPARENT,,N,SR-87,65.0,B,PROCEEDING STRAIGHT,A,HAD NOT BEEN DRINKING,,,F,FEMALE,54.0,C,CA,W,WHITE,1.0,PassengerCarStationWagonJeep,2019.0,AUDI,S5 QUATTRO,SIL,False,,,,,,,,2,3.0,3.0,False
2829411,1509260,2,Driver,True,False,False,L,AIR BAG DEPLOYED,G,OCCUPANT LAP SHOULDER HARNESS USED,CELL PHONE NOT IN USE,NONE APPARENT,,N,SR-87,65.0,B,PROCEEDING STRAIGHT,A,HAD NOT BEEN DRINKING,,,M,MALE,30.0,C,CA,W,WHITE,8.0,MiniVan,2019.0,FORD,TRANSIT,WHI,True,,,,,,,,2,3.0,3.0,False
2829410,1509260,1,Driver,False,False,False,L,AIR BAG DEPLOYED,G,OCCUPANT LAP SHOULDER HARNESS USED,CELL PHONE NOT IN USE,OTHER - DEBRIS IN ROADW / NONE APPARENT,,N,SR-87,65.0,A,STOPPED,A,HAD NOT BEEN DRINKING,,,M,MALE,53.0,C,CA,W,WHITE,7.0,SportUtilityVehicle,2018.0,GMC,ACADIA,WHI,True,,,,,,,,2,3.0,3.0,False