PartyId,CollisionId,PartyNumber,PartyType,IsAtFault,IsOnDutyEmergencyVehicle,IsHitAndRun,AirbagCode,AirbagDescription,SafetyEquipmentCode,SafetyEquipmentDescription,Special Information,Other Associate Factor,Inattention,DirectionOfTravel,StreetOrHighwayName,SpeedLimit,MovementPrecCollCode,MovementPrecCollDescription,SobrietyDrugPhysicalCode1,SobrietyDrugPhysicalDescription1,SobrietyDrugPhysicalCode2,SobrietyDrugPhysicalDescription2,GenderCode,GenderDescription,StatedAge,DriverLicenseClass,DriverLicenseStateCode,RaceCode,RaceDesc,Vehicle1TypeId, Vehicle1TypeDesc, Vehicle1Year,Vehicle1Make,Vehicle1Model,Vehicle1Color,V1IsVehicleTowed,Vehicle2TypeId, Vehicle2TypeDesc, Vehicle2Year,Vehicle2Make,Vehicle2Model,Vehicle2Color,V2IsVehicleTowed,Lane,ThruLanes,TotalLanes,IsDREConducted
2844370,1516961,1,Driver,True,False,False,M,AIR BAG NOT DEPLOYED,G,OCCUPANT LAP SHOULDER HARNESS USED,CELL PHONE NOT IN USE,NONE APPARENT,,S,I-280,65.0,B,PROCEEDING STRAIGHT,A,HAD NOT BEEN DRINKING,,,F,FEMALE,22.0,C,CA,H,HISPANIC,1.0,PassengerCarStationWagonJeep,2019.0,DODG,CHARGER,WHI,False,,,,,,,,4,5.0,5.0,False
2844332,1516940,1,Driver,True,False,False,P,NOT REQUIRED,W,MOTOR BICYCLE DRIVER WITH HELMET,CELL PHONE NOT IN USE,ENTERING OR LEAVING RAMP,,S,SR-85,65.0,B,PROCEEDING STRAIGHT,A,HAD NOT BEEN DRINKING,,,M,MALE,25.0,U,CA,H,HISPANIC,2.0,Motorcycle,2007.0,SUZI,LS650,RED/BLU,True,,,,,,,,EXIT,0.0,3.0,False
2844238,1516892,2,Driver,False,False,False,M,AIR BAG NOT DEPLOYED,G,OCCUPANT LAP SHOULDER HARNESS USED,CELL PHONE NOT IN USE,NONE APPARENT,,N,SR-85,65.0,H,SLOWING/STOPPING,A,HAD NOT BEEN DRINKING,,,M,MALE,21.0,C,CA,W,WHITE,22.0,PickupsAndPanels,2012.0,TOYT,TACOMA,GRN,False,,,,,,,,4,4.0,4.0,False
2844237,1516892,1,Driver,True,False,False,M,AIR BAG NOT DEPLOYED,G,OCCUPANT LAP SHOULDER HARNESS USED,CELL PHONE NOT IN USE,NONE APPARENT,,N,SR-85,65.0,J,CHANGING LANES,A,HAD NOT BEEN DRINKING,,,M,MALE,62.0,F,HI,W,WHITE,1.0,PassengerCarStationWagonJeep,1998.0,BMW,M3,WHI,True,,,,,,,,4,4.0,4.0,False
2935538,1527604,3,Driver,,False,,,,G,OCCUPANT LAP SHOULDER HARNESS USED,CELL PHONE NOT IN USE,NONE APPARENT,,N,LOS GATOS BLVD,35.0,E,MAKING LEFT TURN,A,HAD NOT BEEN DRINKING,,,F,FEMALE,45.0,C,CA,,,1.0,PassengerCarStationWagonJeep,2014.0,TOYT,COROLLA,SIL,,,,,,,,,,,,
2935537,1527604,2,Driver,,False,,,,G,OCCUPANT LAP SHOULDER HARNESS USED,CELL PHONE NOT IN USE,NONE APPARENT,,S,LOS GATOS BLVD,35.0,E,MAKING LEFT TURN,A,HAD NOT BEEN DRINKING,,,F,FEMALE,62.0,C,CA,O,OTHER,1.0,PassengerCarStationWagonJeep,2005.0,HOND,CRV,BLU,,,,,,,,,,,,
2935536,1527604,1,Driver,True,False,,M,AIR BAG NOT DEPLOYED,G,OCCUPANT LAP SHOULDER HARNESS USED,CELL PHONE NOT IN USE,NONE APPARENT,,S,LOS GATOS BLVD,35.0,B,PROCEEDING STRAIGHT,A,HAD NOT BEEN DRINKING,,,F,FEMALE,79.0,C,CA,O,OTHER,1.0,PassengerCarStationWagonJeep,2019.0,LEXS,NX300 AND NX,BLK,,,,,,,,,,,,
2935022,1527326,3,Driver,False,False,False,L,AIR BAG DEPLOYED,G,OCCUPANT LAP SHOULDER HARNESS USED,CELL PHONE NOT IN USE,NONE APPARENT,,S,SR-85 S/B,65.0,B,PROCEEDING STRAIGHT,A,HAD NOT BEEN DRINKING,,,F,FEMALE,23.0,F,MA,W,WHITE,1.0,PassengerCarStationWagonJeep,2018.0,MAZD,616,WHI,True,,,,,,,,2,3.0,3.0,False
2935021,1527326,2,Driver,False,False,False,M,AIR BAG NOT DEPLOYED,G,OCCUPANT LAP SHOULDER HARNESS USED,CELL PHONE NOT IN USE,NONE APPARENT,,S,SR-85,65.0,B,PROCEEDING STRAIGHT,A,HAD NOT BEEN DRINKING,,,M,MALE,45.0,C,CA,A,ASIAN,1.0,PassengerCarStationWagonJeep,2020.0,CHEV,BOLT,GRY,True,,,,,,,,3,3.0,3.0,False
2935020,1527326,1,Driver,True,False,False,M,AIR BAG NOT DEPLOYED,G,OCCUPANT LAP SHOULDER HARNESS USED,CELL PHONE NOT IN USE,NONE APPARENT,,S,SR-85,65.0,B,PROCEEDING STRAIGHT,A,HAD NOT BEEN DRINKING,,,F,FEMALE,28.0,C,CA,W,WHITE,7.0,SportUtilityVehicle,2011.0,HOND,CRV,BLU,False,,,,,,,,3,3.0,3.0,False
2934167,1526864,1,Driver,True,False,False,L,AIR BAG DEPLOYED,G,OCCUPANT LAP SHOULDER HARNESS USED,CELL PHONE NOT IN USE,ENTERING OR LEAVING RAMP,,N,I-880,65.0,B,PROCEEDING STRAIGHT,A,HAD NOT BEEN DRINKING,,,M,MALE,25.0,C,CA,H,HISPANIC,1.0,PassengerCarStationWagonJeep,1995.0,MAZD,MIATA,WHI,True,,,,,,,,1,1.0,1.0,False
2934051,1526805,1,Driver,True,False,True,L,AIR BAG DEPLOYED,B,OCCUPANT UNKNOWN,CELL PHONE USE UNKNOWN,NONE APPARENT,,N,I-680 N/B,65.0,M,OTHER UNSAFE TURNING,G,IMPAIRMENT_NOT_KNOWN,,,,,,,,,,1.0,PassengerCarStationWagonJeep,2021.0,MERZ,CLA250,RED,True,,,,,,,,2,4.0,4.0,False
2933887,1526717,2,Driver,True,False,False,M,AIR BAG NOT DEPLOYED,G,OCCUPANT LAP SHOULDER HARNESS USED,CELL PHONE NOT IN USE,NONE APPARENT,,N,I-680,65.0,B,PROCEEDING STRAIGHT,A,HAD NOT BEEN DRINKING,,,M,MALE,19.0,F,IT,H,HISPANIC,1.0,PassengerCarStationWagonJeep,2007.0,TOYT,YARIS,BLU,False,,,,,,,,4,4.0,4.0,False
2933886,1526717,1,Driver,False,False,False,M,AIR BAG NOT DEPLOYED,G,OCCUPANT LAP SHOULDER HARNESS USED,CELL PHONE NOT IN USE,NONE APPARENT,,N,I-680,65.0,B,PROCEEDING STRAIGHT,A,HAD NOT BEEN DRINKING,,,F,FEMALE,30.0,C,CA,A,ASIAN,1.0,PassengerCarStationWagonJeep,2017.0,HOND,ACCORD,WHI,False,,,,,,,,4,4.0,4.0,False
2933735,1526644,2,Driver,True,False,False,M,AIR BAG NOT DEPLOYED,G,OCCUPANT LAP SHOULDER HARNESS USED,CELL PHONE NOT IN USE,NONE APPARENT,,S,US 101,65.0,J,CHANGING LANES,A,HAD NOT BEEN DRINKING,,,M,MALE,43.0,C,CA,A,ASIAN,1.0,PassengerCarStationWagonJeep,2013.0,HOND,CIVIC,WHI,False,,,,,,,,5,6.0,6.0,False
2933734,1526644,1,Driver,False,False,False,B,UNKNOWN,B,OCCUPANT UNKNOWN,CELL PHONE USE UNKNOWN,NONE APPARENT,,S,US 101,65.0,B,PROCEEDING STRAIGHT,G,IMPAIRMENT_NOT_KNOWN,,,,,,,,,,99.0,OtherUnknownHitAndRunDriver,,,,,False,,,,,,,,4,6.0,6.0,False
2933617,1526584,3,Driver,False,False,False,M,AIR BAG NOT DEPLOYED,G,OCCUPANT LAP SHOULDER HARNESS USED,CELL PHONE NOT IN USE,NONE APPARENT,,N,US 101,65.0,B,PROCEEDING STRAIGHT,A,HAD NOT BEEN DRINKING,,,M,MALE,73.0,C,CA,H,HISPANIC,8.0,MiniVan,2005.0,TOYT,SIENNA,BLU,False,,,,,,,,2,5.0,5.0,False
2933616,1526584,2,Driver,False,False,False,M,AIR BAG NOT DEPLOYED,G,OCCUPANT LAP SHOULDER HARNESS USED,CELL PHONE NOT IN USE,NONE APPARENT,,N,US 101,65.0,B,PROCEEDING STRAIGHT,A,HAD NOT BEEN DRINKING,,,M,MALE,15.0,U,,H,HISPANIC,7.0,SportUtilityVehicle,2004.0,INFI,FX35,BLK,False,,,,,,,,3,5.0,5.0,False
2933615,1526584,1,Driver,True,False,False,L,AIR BAG DEPLOYED,G,OCCUPANT LAP SHOULDER HARNESS USED,CELL PHONE NOT IN USE,NONE APPARENT,,N,US 101,65.0,J,CHANGING LANES,A,HAD NOT BEEN DRINKING,,,M,MALE,17.0,C,CA,O,OTHER,1.0,PassengerCarStationWagonJeep,2017.0,SUBA,BRZ,SIL,False,,,,,,,,4,5.0,5.0,False
2862050,1526355,2,Driver,False,False,False,M,AIR BAG NOT DEPLOYED,G,OCCUPANT LAP SHOULDER HARNESS USED,CELL PHONE NOT IN USE,NONE APPARENT,,S,SR-85 S/B,65.0,B,PROCEEDING STRAIGHT,A,HAD NOT BEEN DRINKING,,,M,MALE,36.0,C,CA,O,OTHER,22.0,PickupsAndPanels,2014.0,CHEV,SILVERADO,WHI,False,,,,,,,,1,2.0,3.0,False
2862049,1526355,1,Driver,True,False,False,L,AIR BAG DEPLOYED,G,OCCUPANT LAP SHOULDER HARNESS USED,CELL PHONE NOT IN USE,NONE APPARENT,,S,SR-85 S/B,65.0,B,PROCEEDING STRAIGHT,A,HAD NOT BEEN DRINKING,,,F,FEMALE,24.0,C,CA,O,OTHER,1.0,PassengerCarStationWagonJeep,2008.0,MERZ,CLK550,BLU,False,,,,,,,,1,2.0,3.0,False
2862028,1526343,1,Driver,True,False,False,L,AIR BAG DEPLOYED,G,OCCUPANT LAP SHOULDER HARNESS USED,CELL PHONE USE UNKNOWN,NONE APPARENT,,N,I-880 N/B,65.0,M,OTHER UNSAFE TURNING,G,IMPAIRMENT_NOT_KNOWN,,,M,MALE,23.0,C,CA,O,OTHER,7.0,SportUtilityVehicle,2012.0,INFI,QX56,SIL,True,,,,,,,,1,4.0,4.0,False
2861847,1526239,2,Driver,True,False,True,B,UNKNOWN,B,OCCUPANT UNKNOWN,CELL PHONE USE UNKNOWN,NONE APPARENT,,S,SR-85,65.0,B,PROCEEDING STRAIGHT,G,IMPAIRMENT_NOT_KNOWN,,,,,,,,,,99.0,OtherUnknownHitAndRunDriver,,,,,False,,,,,,,,3,3.0,3.0,False
2861846,1526239,1,Driver,False,False,False,M,AIR BAG NOT DEPLOYED,G,OCCUPANT LAP SHOULDER HARNESS USED,CELL PHONE NOT IN USE,NONE APPARENT,,S,SR-85,65.0,B,PROCEEDING STRAIGHT,A,HAD NOT BEEN DRINKING,,,F,FEMALE,53.0,C,CA,W,WHITE,1.0,PassengerCarStationWagonJeep,2004.0,TOYT,COROLLA,SIL,True,,,,,,,,3,3.0,3.0,False
2861150,1525841,2,Driver,False,False,False,M,AIR BAG NOT DEPLOYED,G,OCCUPANT LAP SHOULDER HARNESS USED,CELL PHONE NOT IN USE,NONE APPARENT,,N,US 101,65.0,A,STOPPED,A,HAD NOT BEEN DRINKING,,,M,MALE,30.0,C,CA,H,HISPANIC,22.0,PickupsAndPanels,2004.0,CHEV,COLORADO,BLK,False,,,,,,,,2,3.0,4.0,False
2861149,1525841,1,Driver,True,False,False,M,AIR BAG NOT DEPLOYED,G,OCCUPANT LAP SHOULDER HARNESS USED,CELL PHONE NOT IN USE,NONE APPARENT,,N,US 101,65.0,B,PROCEEDING STRAIGHT,A,HAD NOT BEEN DRINKING,,,M,MALE,29.0,C,CA,H,HISPANIC,22.0,PickupsAndPanels,1997.0,FORD,F150,SIL,False,,,,,,,,2,3.0,4.0,False
2861083,1525804,3,Driver,False,False,False,M,AIR BAG NOT DEPLOYED,G,OCCUPANT LAP SHOULDER HARNESS USED,CELL PHONE NOT IN USE,NONE APPARENT,,N,SR-87,65.0,B,PROCEEDING STRAIGHT,A,HAD NOT BEEN DRINKING,,,M,MALE,35.0,C,CA,O,OTHER,7.0,SportUtilityVehicle,2018.0,ALFA,STELVIO,RED,False,,,,,,,,1,2.0,3.0,False
2861082,1525804,2,Driver,False,False,False,M,AIR BAG NOT DEPLOYED,G,OCCUPANT LAP SHOULDER HARNESS USED,CELL PHONE NOT IN USE,NONE APPARENT,,N,SR-87,65.0,B,PROCEEDING STRAIGHT,A,HAD NOT BEEN DRINKING,,,M,MALE,32.0,B,CA,H,HISPANIC,1.0,PassengerCarStationWagonJeep,2013.0,TOYT,COROLLA,SIL,True,,,,,,,,HOV,2.0,3.0,False
2861081,1525804,1,Driver,True,False,False,M,AIR BAG NOT DEPLOYED,G,OCCUPANT LAP SHOULDER HARNESS USED,CELL PHONE NOT IN USE,NONE APPARENT,,N,SR-87,65.0,J,CHANGING LANES,A,HAD NOT BEEN DRINKING,,,M,MALE,49.0,C,CA,A,ASIAN,1.0,PassengerCarStationWagonJeep,2005.0,TOYT,COROLLA,GRY,False,,,,,,,,1,2.0,3.0,False
2860730,1525606,2,Driver,False,False,False,M,AIR BAG NOT DEPLOYED,G,OCCUPANT LAP SHOULDER HARNESS USED,CELL PHONE NOT IN USE,STOP & GO TRAFFIC,,S,I-680,65.0,B,PROCEEDING STRAIGHT,A,HAD NOT BEEN DRINKING,,,F,FEMALE,24.0,C,CA,H,HISPANIC,7.0,SportUtilityVehicle,2015.0,NISS,ROGUE,SIL,False,,,,,,,,4,6.0,6.0,False
2860729,1525606,1,Driver,True,False,False,L,AIR BAG DEPLOYED,G,OCCUPANT LAP SHOULDER HARNESS USED,CELL PHONE NOT IN USE,NONE APPARENT,,S,I-680,65.0,B,PROCEEDING STRAIGHT,A,HAD NOT BEEN DRINKING,,,F,FEMALE,22.0,C,CA,H,HISPANIC,1.0,PassengerCarStationWagonJeep,2010.0,HOND,FIT,BLU,True,,,,,,,,4,6.0,6.0,False
2860668,1525576,2,Driver,False,False,False,M,AIR BAG NOT DEPLOYED,G,OCCUPANT LAP SHOULDER HARNESS USED,CELL PHONE NOT IN USE,STOP & GO TRAFFIC,,S,US-101,65.0,H,SLOWING/STOPPING,A,HAD NOT BEEN DRINKING,,,M,MALE,27.0,C,CA,A,ASIAN,1.0,PassengerCarStationWagonJeep,2007.0,BMW,328I,SIL,False,,,,,,,,1,3.0,4.0,False
2860667,1525576,1,Driver,True,False,False,L,AIR BAG DEPLOYED,G,OCCUPANT LAP SHOULDER HARNESS USED,CELL PHONE NOT IN USE,STOP & GO TRAFFIC,,S,US-101,65.0,B,PROCEEDING STRAIGHT,A,HAD NOT BEEN DRINKING,,,F,FEMALE,18.0,C,CA,A,ASIAN,1.0,PassengerCarStationWagonJeep,2006.0,BMW,335I,SIL,False,,,,,,,,1,3.0,4.0,False
2860350,1525412,2,Driver,False,False,False,M,AIR BAG NOT DEPLOYED,G,OCCUPANT LAP SHOULDER HARNESS USED,CELL PHONE NOT IN USE,NONE APPARENT,,S,I-880,65.0,B,PROCEEDING STRAIGHT,A,HAD NOT BEEN DRINKING,,,M,MALE,62.0,C,CA,W,WHITE,7.0,SportUtilityVehicle,2008.0,ACUR,MDX,SIL,False,,,,,,,,3,3.0,3.0,False
2860349,1525412,1,Driver,True,False,True,B,UNKNOWN,B,OCCUPANT UNKNOWN,CELL PHONE NOT IN USE,NONE APPARENT,,S,I-880,65.0,B,PROCEEDING STRAIGHT,G,IMPAIRMENT_NOT_KNOWN,,,,,,,,,,99.0,OtherUnknownHitAndRunDriver,,,,,False,,,,,,,,3,3.0,3.0,False
2860242,1525358,1,Driver,True,False,False,M,AIR BAG NOT DEPLOYED,G,OCCUPANT LAP SHOULDER HARNESS USED,CELL PHONE NOT IN USE,VC SECTION VIOLATED - VC 22107,,N,I-680,65.0,M,OTHER UNSAFE TURNING,B,HBD-UNDER INFLUENCE,,,M,MALE,26.0,C,CA,A,ASIAN,1.0,PassengerCarStationWagonJeep,2019.0,VOLK,PASSAT,BLK,True,,,,,,,,4,4.0,4.0,False
2860234,1525354,1,Driver,True,False,False,L,AIR BAG DEPLOYED,G,OCCUPANT LAP SHOULDER HARNESS USED,CELL PHONE NOT IN USE,ENTERING OR LEAVING RAMP,,N,US-101,65.0,M,OTHER UNSAFE TURNING,A,HAD NOT BEEN DRINKING,,,M,MALE,33.0,U,CA,H,HISPANIC,8.0,MiniVan,2016.0,CHEV,EXPRESS,WHI,True,,,,,,,,6,5.0,6.0,False
2860212,1525342,2,Driver,False,False,False,M,AIR BAG NOT DEPLOYED,G,OCCUPANT LAP SHOULDER HARNESS USED,CELL PHONE NOT IN USE,NONE APPARENT,,N,I-880,65.0,A,STOPPED,A,HAD NOT BEEN DRINKING,,,F,FEMALE,59.0,C,CA,O,OTHER,7.0,SportUtilityVehicle,2015.0,TOYT,HIGHLANDER,RED,False,,,,,,,,1,4.0,4.0,False
2860211,1525342,1,Driver,True,False,False,M,AIR BAG NOT DEPLOYED,G,OCCUPANT LAP SHOULDER HARNESS USED,CELL PHONE NOT IN USE,NONE APPARENT,,N,I-880,65.0,B,PROCEEDING STRAIGHT,A,HAD NOT BEEN DRINKING,,,M,MALE,18.0,C,CA,H,HISPANIC,1.0,PassengerCarStationWagonJeep,2005.0,HOND,CIVIC,GRY,False,,,,,,,,1,4.0,4.0,False
2859478,1524944,2,Driver,False,False,False,M,AIR BAG NOT DEPLOYED,G,OCCUPANT LAP SHOULDER HARNESS USED,CELL PHONE NOT IN USE,NONE APPARENT,,N,I-880,65.0,H,SLOWING/STOPPING,A,HAD NOT BEEN DRINKING,,,M,MALE,36.0,C,CA,W,WHITE,7.0,SportUtilityVehicle,2018.0,VOLV,XC60,BLK,False,,,,,,,,1,4.0,4.0,False
2859477,1524944,1,Driver,True,False,True,,,,,CELL PHONE NOT IN USE,NONE APPARENT,,N,I-880,65.0,B,PROCEEDING STRAIGHT,G,IMPAIRMENT_NOT_KNOWN,,,,,,,,,,99.0,OtherUnknownHitAndRunDriver,,,,,False,,,,,,,,1,4.0,4.0,False
2859445,1524931,2,Driver,False,False,False,M,AIR BAG NOT DEPLOYED,G,OCCUPANT LAP SHOULDER HARNESS USED,CELL PHONE NOT IN USE,NONE APPARENT,,N,SR-85,65.0,B,PROCEEDING STRAIGHT,A,HAD NOT BEEN DRINKING,,,F,FEMALE,64.0,C,CA,A,ASIAN,1.0,PassengerCarStationWagonJeep,2012.0,LEXS,ES350,GLD,False,,,,,,,,1,3.0,3.0,False
2859444,1524931,1,Driver,True,False,False,M,AIR BAG NOT DEPLOYED,G,OCCUPANT LAP SHOULDER HARNESS USED,CELL PHONE NOT IN USE,NONE APPARENT,,N,SR-85,65.0,B,PROCEEDING STRAIGHT,A,HAD NOT BEEN DRINKING,,,F,FEMALE,21.0,C,CA,H,HISPANIC,1.0,PassengerCarStationWagonJeep,2011.0,CHEV,CRUZE,GRY,False,,,,,,,,1,3.0,3.0,False
2859233,1524812,3,Driver,False,False,False,M,AIR BAG NOT DEPLOYED,G,OCCUPANT LAP SHOULDER HARNESS USED,CELL PHONE NOT IN USE,NONE APPARENT,,S,I-680,55.0,B,PROCEEDING STRAIGHT,A,HAD NOT BEEN DRINKING,,,M,MALE,39.0,A,CA,H,HISPANIC,26.0,TwoAxleTruck,2013.0,FRHT,M2 106,WHI,False,,,,,,,,3,4.0,4.0,False
2859232,1524812,2,Driver,False,False,False,L,AIR BAG DEPLOYED,G,OCCUPANT LAP SHOULDER HARNESS USED,CELL PHONE NOT IN USE,NONE APPARENT,,S,I-680,65.0,B,PROCEEDING STRAIGHT,A,HAD NOT BEEN DRINKING,,,F,FEMALE,50.0,C,CA,A,ASIAN,1.0,PassengerCarStationWagonJeep,2019.0,TESL,MODEL 3,BLK,True,,,,,,,,3,4.0,4.0,False
2859231,1524812,1,Driver,True,False,False,L,AIR BAG DEPLOYED,G,OCCUPANT LAP SHOULDER HARNESS USED,CELL PHONE NOT IN USE,NONE APPARENT,,S,I-680,65.0,M,OTHER UNSAFE TURNING,A,HAD NOT BEEN DRINKING,,,M,MALE,24.0,C,CA,H,HISPANIC,1.0,PassengerCarStationWagonJeep,2005.0,INFI,G35,WHI,True,,,,,,,,1,4.0,4.0,False
2859225,1524809,2,Driver,False,False,False,M,AIR BAG NOT DEPLOYED,G,OCCUPANT LAP SHOULDER HARNESS USED,CELL PHONE NOT IN USE,ENTERING OR LEAVING RAMP,,S,I-680 TO ,65.0,B,PROCEEDING STRAIGHT,A,HAD NOT BEEN DRINKING,,,F,FEMALE,35.0,C,CA,H,HISPANIC,1.0,PassengerCarStationWagonJeep,2003.0,HOND,ACCORD,SIL,False,,,,,,,,EXIT-3,0.0,3.0,False
2859224,1524809,1,Driver,True,False,True,B,UNKNOWN,B,OCCUPANT UNKNOWN,CELL PHONE USE UNKNOWN,ENTERING OR LEAVING RAMP,,S,I-680,65.0,J,CHANGING LANES,D,HBD-IMPAIRMENT UNKNOWN,,,,,,,,,,99.0,OtherUnknownHitAndRunDriver,,,,,False,,,,,,,,EXIT-2,0.0,3.0,False
2858933,1524646,2,Driver,False,False,False,M,AIR BAG NOT DEPLOYED,G,OCCUPANT LAP SHOULDER HARNESS USED,CELL PHONE NOT IN USE,ENTERING OR LEAVING RAMP,,N,I-680 ,65.0,A,STOPPED,A,HAD NOT BEEN DRINKING,,,M,MALE,42.0,U,CA,W,WHITE,1.0,PassengerCarStationWagonJeep,1997.0,HOND,ACCORD,BLU,False,,,,,,,,AUX,0.0,1.0,False
2858932,1524646,1,Driver,True,False,False,M,AIR BAG NOT DEPLOYED,G,OCCUPANT LAP SHOULDER HARNESS USED,CELL PHONE NOT IN USE,ENTERING OR LEAVING RAMP,,N,I-680 ,65.0,B,PROCEEDING STRAIGHT,A,HAD NOT BEEN DRINKING,,,F,FEMALE,25.0,C,CA,A,ASIAN,1.0,PassengerCarStationWagonJeep,2014.0,HYUN,ELANTRA,BLK,False,,,,,,,,AUX,0.0,1.0,False
2857916,1524084,3,Driver,False,False,False,M,AIR BAG NOT DEPLOYED,G,OCCUPANT LAP SHOULDER HARNESS USED,CELL PHONE NOT IN USE,VC SECTION VIOLATED - VC 22350,,S,I680,65.0,B,PROCEEDING STRAIGHT,A,HAD NOT BEEN DRINKING,,,M,MALE,30.0,C,CA,O,OTHER,1.0,PassengerCarStationWagonJeep,2012.0,NISS,ALTIMA,BLK,False,,,,,,,,4,4.0,4.0,False
2857915,1524084,2,Driver,True,False,False,L,AIR BAG DEPLOYED,G,OCCUPANT LAP SHOULDER HARNESS USED,CELL PHONE USE UNKNOWN,INATTENTION,ELECTRONIC_EQUIPMENT,S,I680,65.0,B,PROCEEDING STRAIGHT,A,HAD NOT BEEN DRINKING,,,M,MALE,25.0,C,CA,H,HISPANIC,1.0,PassengerCarStationWagonJeep,2006.0,ACUR,TSX,BLU,True,,,,,,,,4,4.0,4.0,False
2857914,1524084,1,Driver,False,False,False,M,AIR BAG NOT DEPLOYED,G,OCCUPANT LAP SHOULDER HARNESS USED,CELL PHONE NOT IN USE,VC SECTION VIOLATED - VC 22400(a),,S,I680,65.0,A,STOPPED,B,HBD-UNDER INFLUENCE,,,M,MALE,38.0,U,CA,O,OTHER,7.0,SportUtilityVehicle,1999.0,FORD,EXPEDITION,TAN,True,,,,,,,,4,4.0,4.0,False
2857599,1523918,2,Driver,False,False,False,M,AIR BAG NOT DEPLOYED,G,OCCUPANT LAP SHOULDER HARNESS USED,CELL PHONE NOT IN USE,NONE APPARENT,,N,I-880,65.0,B,PROCEEDING STRAIGHT,A,HAD NOT BEEN DRINKING,,,F,FEMALE,77.0,C,CA,W,WHITE,1.0,PassengerCarStationWagonJeep,2010.0,TOYT,COROLLA,SIL,False,,,,,,,,2,3.0,3.0,False
2857598,1523918,1,Driver,True,False,True,,,,,CELL PHONE USE UNKNOWN,NONE APPARENT,,N,I-880,65.0,M,OTHER UNSAFE TURNING,G,IMPAIRMENT_NOT_KNOWN,,,,,,,,,,99.0,OtherUnknownHitAndRunDriver,,,,,False,,,,,,,,1,3.0,3.0,False
2857584,1523911,2,Driver,False,False,False,M,AIR BAG NOT DEPLOYED,G,OCCUPANT LAP SHOULDER HARNESS USED,CELL PHONE NOT IN USE,NONE APPARENT,,N,SR-85 N/B,65.0,B,PROCEEDING STRAIGHT,A,HAD NOT BEEN DRINKING,,,M,MALE,26.0,C,CA,,,1.0,PassengerCarStationWagonJeep,2014.0,TOYT,PRIUS,GRY,False,,,,,,,,2,3.0,3.0,False
2857583,1523911,1,Driver,True,False,True,,,B,OCCUPANT UNKNOWN,CELL PHONE USE UNKNOWN,NONE APPARENT,,N,SR-85 N/B,65.0,M,OTHER UNSAFE TURNING,G,IMPAIRMENT_NOT_KNOWN,,,,,,,,,,99.0,OtherUnknownHitAndRunDriver,,,,,False,,,,,,,,1,3.0,3.0,False
2857464,1523850,2,Driver,False,False,False,M,AIR BAG NOT DEPLOYED,G,OCCUPANT LAP SHOULDER HARNESS USED,CELL PHONE NOT IN USE,ENTERING OR LEAVING RAMP,,S,US-101,65.0,B,PROCEEDING STRAIGHT,A,HAD NOT BEEN DRINKING,,,F,FEMALE,54.0,C,CA,A,ASIAN,1.0,PassengerCarStationWagonJeep,2018.0,TOYT,COROLLA,SIL,True,,,,,,,,1,1.0,1.0,False
2857463,1523850,1,Driver,True,False,False,M,AIR BAG NOT DEPLOYED,G,OCCUPANT LAP SHOULDER HARNESS USED,CELL PHONE NOT IN USE,ENTERING OR LEAVING RAMP,,S,US-101,65.0,B,PROCEEDING STRAIGHT,A,HAD NOT BEEN DRINKING,,,M,MALE,47.0,C,CA,A,ASIAN,8.0,MiniVan,2005.0,TOYT,SIENNA,WHI,False,,,,,,,,1,1.0,1.0,False
2857253,1523743,2,Driver,False,False,False,L,AIR BAG DEPLOYED,G,OCCUPANT LAP SHOULDER HARNESS USED,CELL PHONE NOT IN USE,NONE APPARENT,,S,SR-87 S/B,65.0,H,SLOWING/STOPPING,A,HAD NOT BEEN DRINKING,,,F,FEMALE,53.0,C,CA,H,HISPANIC,7.0,SportUtilityVehicle,2003.0,NISS,MURANO,GRY,True,,,,,,,,2,2.0,3.0,False
2857252,1523743,1,Driver,True,False,False,M,AIR BAG NOT DEPLOYED,G,OCCUPANT LAP SHOULDER HARNESS USED,CELL PHONE NOT IN USE,NONE APPARENT,,S,SR-87 S/B,65.0,B,PROCEEDING STRAIGHT,A,HAD NOT BEEN DRINKING,,,M,MALE,42.0,C,CA,W,WHITE,8.0,MiniVan,2019.0,FORD,TRANSIT,WHI,False,,,,,,,,2,2.0,3.0,False
2856853,1523539,3,Driver,False,False,False,M,AIR BAG NOT DEPLOYED,G,OCCUPANT LAP SHOULDER HARNESS USED,CELL PHONE NOT IN USE,NONE APPARENT,,N,SR-85,65.0,B,PROCEEDING STRAIGHT,A,HAD NOT BEEN DRINKING,,,F,FEMALE,51.0,C,CA,A,ASIAN,7.0,SportUtilityVehicle,2018.0,HOND,CRV,SIL,False,,,,,,,,1,3.0,4.0,False