PartyId,CollisionId,PartyNumber,PartyType,IsAtFault,IsOnDutyEmergencyVehicle,IsHitAndRun,AirbagCode,AirbagDescription,SafetyEquipmentCode,SafetyEquipmentDescription,Special Information,Other Associate Factor,Inattention,DirectionOfTravel,StreetOrHighwayName,SpeedLimit,MovementPrecCollCode,MovementPrecCollDescription,SobrietyDrugPhysicalCode1,SobrietyDrugPhysicalDescription1,SobrietyDrugPhysicalCode2,SobrietyDrugPhysicalDescription2,GenderCode,GenderDescription,StatedAge,DriverLicenseClass,DriverLicenseStateCode,RaceCode,RaceDesc,Vehicle1TypeId, Vehicle1TypeDesc, Vehicle1Year,Vehicle1Make,Vehicle1Model,Vehicle1Color,V1IsVehicleTowed,Vehicle2TypeId, Vehicle2TypeDesc, Vehicle2Year,Vehicle2Make,Vehicle2Model,Vehicle2Color,V2IsVehicleTowed,Lane,ThruLanes,TotalLanes,IsDREConducted
2967554,1545399,1,Driver,True,False,False,L,AIR BAG DEPLOYED,G,OCCUPANT LAP SHOULDER HARNESS USED,CELL PHONE NOT IN USE,NONE APPARENT,,N,SAN FELIPE RD,35.0,B,PROCEEDING STRAIGHT,G,IMPAIRMENT_NOT_KNOWN,,,M,MALE,31.0,U,CA,H,HISPANIC,1.0,PassengerCarStationWagonJeep,2005.0,TOYT,COROLLA,GRY,True,,,,,,,,N/B,1.0,2.0,False
2967517,1545378,2,Driver,False,False,False,M,AIR BAG NOT DEPLOYED,G,OCCUPANT LAP SHOULDER HARNESS USED,CELL PHONE NOT IN USE,NONE APPARENT,,N,I-680,65.0,H,SLOWING/STOPPING,A,HAD NOT BEEN DRINKING,,,M,MALE,25.0,C,CA,A,ASIAN,1.0,PassengerCarStationWagonJeep,2017.0,MITS,LANCER,SIL,False,,,,,,,,6,6.0,6.0,False
2967516,1545378,1,Driver,True,False,False,M,AIR BAG NOT DEPLOYED,G,OCCUPANT LAP SHOULDER HARNESS USED,CELL PHONE NOT IN USE,NONE APPARENT,,N,I-680,65.0,B,PROCEEDING STRAIGHT,G,IMPAIRMENT_NOT_KNOWN,,,M,MALE,45.0,U,,H,HISPANIC,1.0,PassengerCarStationWagonJeep,1997.0,TOYT,COROLLA,WHI,False,,,,,,,,6,6.0,6.0,False
2967504,1545371,2,Driver,False,False,False,M,AIR BAG NOT DEPLOYED,G,OCCUPANT LAP SHOULDER HARNESS USED,CELL PHONE NOT IN USE,ENTERING OR LEAVING RAMP,,N,I-680 N/B,65.0,B,PROCEEDING STRAIGHT,A,HAD NOT BEEN DRINKING,,,M,MALE,38.0,C,CA,H,HISPANIC,1.0,PassengerCarStationWagonJeep,2017.0,HOND,ACCORD,WHI,False,,,,,,,,1,1.0,1.0,False
2967503,1545371,1,Pedestrian,True,False,False,P,NOT REQUIRED,P,NOT REQUIRED,CELL PHONE NOT IN USE,ENTERING OR LEAVING RAMP,,E,I-680 N/B FROM CAPITOL EXPY,65.0,,,A,HAD NOT BEEN DRINKING,,,M,MALE,47.0,,,H,HISPANIC,60.0,Pedestrian,,,,,False,,,,,,,,1,1.0,1.0,False
2967491,1545365,1,Driver,True,False,False,P,NOT REQUIRED,W,MOTOR BICYCLE DRIVER WITH HELMET,CELL PHONE NOT IN USE,NONE APPARENT,,N,I-280,65.0,B,PROCEEDING STRAIGHT,A,HAD NOT BEEN DRINKING,,,M,MALE,18.0,F,AZ,W,WHITE,2.0,Motorcycle,1996.0,HOND,MAGNA,BLK,False,,,,,,,,EXIT,1.0,1.0,False
2988469,1557196,2,Driver,,False,False,M,AIR BAG NOT DEPLOYED,G,OCCUPANT LAP SHOULDER HARNESS USED,CELL PHONE NOT IN USE,NONE APPARENT,,S,US101,65.0,B,PROCEEDING STRAIGHT,A,HAD NOT BEEN DRINKING,,,F,FEMALE,64.0,C,CA,A,ASIAN,22.0,PickupsAndPanels,2015.0,FORD,F150,GRY,,,,,,,,,,,,
2988468,1557196,1,Pedestrian,True,False,False,P,NOT REQUIRED,P,NOT REQUIRED,CELL PHONE NOT IN USE,NONE APPARENT,,W,US101,65.0,,,G,IMPAIRMENT_NOT_KNOWN,,,M,MALE,62.0,,,H,HISPANIC,60.0,Pedestrian,,,,,,,,,,,,,,,,
2988400,1557160,2,Driver,True,False,True,P,NOT REQUIRED,B,OCCUPANT UNKNOWN,CELL PHONE USE UNKNOWN,NONE APPARENT,,N,I-680,65.0,M,OTHER UNSAFE TURNING,G,IMPAIRMENT_NOT_KNOWN,,,,,,,,,,2.0,Motorcycle,2015.0,YAMA,R6,BLU,False,,,,,,,,4,4.0,5.0,False
2988399,1557160,1,Driver,False,False,False,M,AIR BAG NOT DEPLOYED,G,OCCUPANT LAP SHOULDER HARNESS USED,CELL PHONE NOT IN USE,NONE APPARENT,,N,I-680,65.0,B,PROCEEDING STRAIGHT,A,HAD NOT BEEN DRINKING,,,M,MALE,69.0,C,CA,H,HISPANIC,1.0,PassengerCarStationWagonJeep,2000.0,TOYT,AVALON,SIL,False,,,,,,,,5,4.0,5.0,False
2988334,1557129,2,Driver,False,False,False,M,AIR BAG NOT DEPLOYED,G,OCCUPANT LAP SHOULDER HARNESS USED,CELL PHONE NOT IN USE,NONE APPARENT,,N,I-880,65.0,A,STOPPED,A,HAD NOT BEEN DRINKING,,,F,FEMALE,29.0,C,CA,W,WHITE,1.0,PassengerCarStationWagonJeep,2009.0,TOYT,COROLLA,GRY,False,,,,,,,,1,3.0,4.0,False
2988333,1557129,1,Driver,True,False,False,M,AIR BAG NOT DEPLOYED,G,OCCUPANT LAP SHOULDER HARNESS USED,CELL PHONE USE UNKNOWN,NONE APPARENT,,N,I-880,65.0,B,PROCEEDING STRAIGHT,G,IMPAIRMENT_NOT_KNOWN,,,M,MALE,29.0,U,,H,HISPANIC,22.0,PickupsAndPanels,2010.0,FORD,F150,BLK,False,,,,,,,,1,3.0,4.0,False
2987217,1556527,2,Driver,False,False,False,M,AIR BAG NOT DEPLOYED,G,OCCUPANT LAP SHOULDER HARNESS USED,CELL PHONE NOT IN USE,NONE APPARENT,,N,SR-85,65.0,H,SLOWING/STOPPING,A,HAD NOT BEEN DRINKING,,,F,FEMALE,50.0,C,CA,O,OTHER,7.0,SportUtilityVehicle,2011.0,MERZ,ML350,WHI,False,,,,,,,,1,2.0,3.0,False
2987216,1556527,1,Driver,True,False,False,M,AIR BAG NOT DEPLOYED,G,OCCUPANT LAP SHOULDER HARNESS USED,CELL PHONE NOT IN USE,NONE APPARENT,,N,SR-85,65.0,B,PROCEEDING STRAIGHT,A,HAD NOT BEEN DRINKING,,,M,MALE,72.0,C,CA,O,OTHER,1.0,PassengerCarStationWagonJeep,2001.0,TOYT,COROLLA,SIL,False,,,,,,,,1,2.0,3.0,False
2987208,1556524,2,Driver,False,False,False,M,AIR BAG NOT DEPLOYED,G,OCCUPANT LAP SHOULDER HARNESS USED,CELL PHONE NOT IN USE,STOP & GO TRAFFIC,,N,SR-87,65.0,B,PROCEEDING STRAIGHT,A,HAD NOT BEEN DRINKING,,,F,FEMALE,30.0,C,CA,W,WHITE,1.0,PassengerCarStationWagonJeep,2015.0,VOLK,GOLF,WHI,False,,,,,,,,3,2.0,3.0,False
2987207,1556524,1,Driver,True,False,False,M,AIR BAG NOT DEPLOYED,G,OCCUPANT LAP SHOULDER HARNESS USED,CELL PHONE NOT IN USE,NONE APPARENT,,N,SR-87,65.0,J,CHANGING LANES,A,HAD NOT BEEN DRINKING,,,M,MALE,27.0,U,CA,H,HISPANIC,1.0,PassengerCarStationWagonJeep,2011.0,BMW,535I,BLK,False,,,,,,,,3,2.0,3.0,False
2986135,1555492,2,Driver,False,False,False,M,AIR BAG NOT DEPLOYED,G,OCCUPANT LAP SHOULDER HARNESS USED,CELL PHONE NOT IN USE,NONE APPARENT,,S,I-880,65.0,H,SLOWING/STOPPING,A,HAD NOT BEEN DRINKING,,,M,MALE,20.0,C,CA,H,HISPANIC,1.0,PassengerCarStationWagonJeep,2006.0,TOYT,PRIUS,BLK,False,,,,,,,,HOV,3.0,4.0,False
2986134,1555492,1,Driver,True,False,True,B,UNKNOWN,B,OCCUPANT UNKNOWN,CELL PHONE USE UNKNOWN,NONE APPARENT,,S,I-880,65.0,B,PROCEEDING STRAIGHT,G,IMPAIRMENT_NOT_KNOWN,,,,,,,,,,99.0,OtherUnknownHitAndRunDriver,,UNKNOWN,,,False,,,,,,,,HOV,3.0,4.0,False
2984671,1554702,3,Driver,False,False,False,M,AIR BAG NOT DEPLOYED,G,OCCUPANT LAP SHOULDER HARNESS USED,CELL PHONE NOT IN USE,NONE APPARENT,,N,SR - 85,65.0,H,SLOWING/STOPPING,A,HAD NOT BEEN DRINKING,,,M,MALE,38.0,C,CA,W,WHITE,7.0,SportUtilityVehicle,2004.0,CHEV,SUBURBAN,BLK,False,,,,,,,,2,3.0,3.0,False
2984670,1554702,2,Driver,True,False,False,M,AIR BAG NOT DEPLOYED,G,OCCUPANT LAP SHOULDER HARNESS USED,CELL PHONE NOT IN USE,NONE APPARENT,,N,SR - 85,65.0,B,PROCEEDING STRAIGHT,A,HAD NOT BEEN DRINKING,,,F,FEMALE,59.0,C,CA,W,WHITE,8.0,MiniVan,2011.0,TOYT,SIENNA,GRY,False,,,,,,,,2,3.0,3.0,False
2984669,1554702,1,Driver,False,False,False,M,AIR BAG NOT DEPLOYED,G,OCCUPANT LAP SHOULDER HARNESS USED,CELL PHONE NOT IN USE,VC SECTION VIOLATED - VC 22350,,N,SR - 85,65.0,B,PROCEEDING STRAIGHT,A,HAD NOT BEEN DRINKING,,,F,FEMALE,20.0,C,CA,W,WHITE,1.0,PassengerCarStationWagonJeep,2010.0,VOLK,GOLF,BLU,False,,,,,,,,2,3.0,3.0,False
2984662,1554698,1,Driver,True,False,False,M,AIR BAG NOT DEPLOYED,G,OCCUPANT LAP SHOULDER HARNESS USED,CELL PHONE NOT IN USE,NONE APPARENT,,S,I-280,65.0,M,OTHER UNSAFE TURNING,A,HAD NOT BEEN DRINKING,,,M,MALE,22.0,C,CA,B,BLACK,1.0,PassengerCarStationWagonJeep,2007.0,BMW,525I,SIL,True,,,,,,,,4,5.0,5.0,False
2983879,1554294,2,Driver,False,False,False,M,AIR BAG NOT DEPLOYED,G,OCCUPANT LAP SHOULDER HARNESS USED,CELL PHONE NOT IN USE,NONE APPARENT,,N,US-101,65.0,B,PROCEEDING STRAIGHT,A,HAD NOT BEEN DRINKING,,,M,MALE,71.0,C,CA,W,WHITE,1.0,PassengerCarStationWagonJeep,2015.0,TOYT,CAMRY,BLK,False,,,,,,,,5,4.0,5.0,False
2983878,1554294,1,Driver,True,False,False,M,AIR BAG NOT DEPLOYED,G,OCCUPANT LAP SHOULDER HARNESS USED,CELL PHONE NOT IN USE,NONE APPARENT,,N,US-101,65.0,J,CHANGING LANES,A,HAD NOT BEEN DRINKING,,,M,MALE,53.0,A,CA,H,HISPANIC,27.0,ThreeOrMoreAxleTruck,2017.0,PTRB,3 AXLE DUMP,WHI,False,31.0,SemiTrailer,2001.0,WHGM,DUMP,WHI,,4,4.0,5.0,False
2983684,1554187,2,Driver,False,False,False,M,AIR BAG NOT DEPLOYED,G,OCCUPANT LAP SHOULDER HARNESS USED,CELL PHONE NOT IN USE,NONE APPARENT,,S,I-280,65.0,B,PROCEEDING STRAIGHT,A,HAD NOT BEEN DRINKING,,,F,FEMALE,29.0,C,CA,H,HISPANIC,7.0,SportUtilityVehicle,2019.0,MAZD,CX9,SIL,False,,,,,,,,2,4.0,6.0,False
2983683,1554187,1,Driver,True,False,True,B,UNKNOWN,B,OCCUPANT UNKNOWN,CELL PHONE USE UNKNOWN,NONE APPARENT,,S,I-280,65.0,B,PROCEEDING STRAIGHT,G,IMPAIRMENT_NOT_KNOWN,,,,,,,,,,99.0,OtherUnknownHitAndRunDriver,,UNKNOWN,,,False,,,,,,,,2,4.0,6.0,False
2983551,1554119,2,Driver,False,False,False,M,AIR BAG NOT DEPLOYED,G,OCCUPANT LAP SHOULDER HARNESS USED,CELL PHONE NOT IN USE,NONE APPARENT,,S,SR-85 S/B,65.0,B,PROCEEDING STRAIGHT,A,HAD NOT BEEN DRINKING,,,F,FEMALE,57.0,C,CA,W,WHITE,7.0,SportUtilityVehicle,2016.0,LNDR,RANGE ROVER,GRY,False,,,,,,,,2,3.0,4.0,False
2983550,1554119,1,Driver,True,False,False,M,AIR BAG NOT DEPLOYED,G,OCCUPANT LAP SHOULDER HARNESS USED,CELL PHONE NOT IN USE,NONE APPARENT,,S,SR-85 S/B,65.0,H,SLOWING/STOPPING,A,HAD NOT BEEN DRINKING,,,M,MALE,54.0,C,CA,W,WHITE,22.0,PickupsAndPanels,1995.0,FORD,F150,WHI,False,,,,,,,,2,3.0,4.0,False
2983448,1554066,1,Driver,True,False,False,L,AIR BAG DEPLOYED,G,OCCUPANT LAP SHOULDER HARNESS USED,CELL PHONE NOT IN USE,NONE APPARENT,,S,SR-85,65.0,C,RAN OFF ROAD,D,HBD-IMPAIRMENT UNKNOWN,,,M,MALE,23.0,C,CA,H,HISPANIC,1.0,PassengerCarStationWagonJeep,2021.0,HOND,CIVIC,WHI,True,,,,,,,,5,5.0,5.0,False
2983184,1553933,2,Driver,False,False,False,M,AIR BAG NOT DEPLOYED,G,OCCUPANT LAP SHOULDER HARNESS USED,CELL PHONE NOT IN USE,NONE APPARENT,,N,I-280 TO STEVENS CREEK BLVD,65.0,A,STOPPED,A,HAD NOT BEEN DRINKING,,,F,FEMALE,27.0,C,CA,H,HISPANIC,1.0,PassengerCarStationWagonJeep,2013.0,TOYT,COROLLA,BLU,False,,,,,,,,RT,0.0,4.0,False
2983183,1553933,1,Driver,True,False,True,B,UNKNOWN,B,OCCUPANT UNKNOWN,CELL PHONE USE UNKNOWN,NONE APPARENT,,N,I-280 TO STEVENS CREEK BLVD,65.0,M,OTHER UNSAFE TURNING,G,IMPAIRMENT_NOT_KNOWN,,,,,,,,,,99.0,OtherUnknownHitAndRunDriver,,,,,False,,,,,,,,LT-3,0.0,4.0,False
2982797,1553711,2,Driver,False,False,False,M,AIR BAG NOT DEPLOYED,G,OCCUPANT LAP SHOULDER HARNESS USED,CELL PHONE NOT IN USE,ENTERING OR LEAVING RAMP,,N,SR-87 N/B FROM NARVAEZ AVE,65.0,B,PROCEEDING STRAIGHT,A,HAD NOT BEEN DRINKING,,,F,FEMALE,28.0,C,CA,W,WHITE,7.0,SportUtilityVehicle,2007.0,TOYT,HIGHLANDER,RED,False,,,,,,,,1,2.0,2.0,False
2982796,1553711,1,Driver,True,False,True,B,UNKNOWN,B,OCCUPANT UNKNOWN,CELL PHONE USE UNKNOWN,ENTERING OR LEAVING RAMP,,N,SR-87 N/B FROM NARVAEZ AVE,65.0,M,OTHER UNSAFE TURNING,G,IMPAIRMENT_NOT_KNOWN,,,,,,,,,,99.0,OtherUnknownHitAndRunDriver,,,,,False,,,,,,,,1,2.0,2.0,False
2982753,1553680,2,Driver,True,False,True,B,UNKNOWN,B,OCCUPANT UNKNOWN,CELL PHONE USE UNKNOWN,NONE APPARENT,,N,I-680,65.0,M,OTHER UNSAFE TURNING,G,IMPAIRMENT_NOT_KNOWN,,,,,,,,,,99.0,OtherUnknownHitAndRunDriver,,UKNOWN,,,False,,,,,,,,2,6.0,6.0,False
2982752,1553680,1,Driver,False,False,False,M,AIR BAG NOT DEPLOYED,G,OCCUPANT LAP SHOULDER HARNESS USED,CELL PHONE USE UNKNOWN,NONE APPARENT,,N,I-680,65.0,B,PROCEEDING STRAIGHT,G,IMPAIRMENT_NOT_KNOWN,,,M,MALE,35.0,C,CA,H,HISPANIC,1.0,PassengerCarStationWagonJeep,2012.0,TOYT,PRIUS,WHI,False,,,,,,,,3,6.0,6.0,False
2982730,1553667,1,Driver,True,False,False,M,AIR BAG NOT DEPLOYED,G,OCCUPANT LAP SHOULDER HARNESS USED,CELL PHONE NOT IN USE,VC SECTION VIOLATED - VC 22107 / ENTERING OR LEAVING RAMP,,N,US-101 FROM N 1ST ST,65.0,M,OTHER UNSAFE TURNING,A,HAD NOT BEEN DRINKING,,,M,MALE,62.0,C,CA,A,ASIAN,7.0,SportUtilityVehicle,2018.0,LEXS,RX450H,WHI,True,,,,,,,,1,1.0,1.0,False
2982694,1553648,2,Other,False,False,False,M,AIR BAG NOT DEPLOYED,A,OCCUPANT NONE IN VEHICLE,CELL PHONE NOT IN USE,NONE APPARENT,,S,SR-87,65.0,A,STOPPED,H,NOT APPLICABLE,,,,,,,,,,8.0,MiniVan,2005.0,FORD,ECONOLINE E350,BLU,False,,,,,,,,1,2.0,3.0,False
2982693,1553648,1,Driver,True,False,False,M,AIR BAG NOT DEPLOYED,G,OCCUPANT LAP SHOULDER HARNESS USED,CELL PHONE NOT IN USE,NONE APPARENT,,S,SR-87,65.0,B,PROCEEDING STRAIGHT,A,HAD NOT BEEN DRINKING,,,M,MALE,49.0,C,CA,H,HISPANIC,22.0,PickupsAndPanels,1993.0,TOYT,PICKUP,RED,True,,,,,,,,1,2.0,3.0,False
2982042,1553300,2,Driver,,False,False,B,UNKNOWN,G,OCCUPANT LAP SHOULDER HARNESS USED,CELL PHONE NOT IN USE,NONE APPARENT,,E,SR-237,65.0,B,PROCEEDING STRAIGHT,A,HAD NOT BEEN DRINKING,,,M,MALE,36.0,C,CA,A,ASIAN,1.0,PassengerCarStationWagonJeep,2019.0,TESL,3,BLU,True,,,,,,,,1,4.0,4.0,False
2982041,1553300,1,Driver,True,False,False,M,AIR BAG NOT DEPLOYED,G,OCCUPANT LAP SHOULDER HARNESS USED,CELL PHONE NOT IN USE,NONE APPARENT,,E,SR-237,65.0,J,CHANGING LANES,A,HAD NOT BEEN DRINKING,,,M,MALE,27.0,C,CA,B,BLACK,1.0,PassengerCarStationWagonJeep,1998.0,BMW,528IT,GLD,False,,,,,,,,4,4.0,4.0,False
2982006,1553281,2,Driver,False,False,False,M,AIR BAG NOT DEPLOYED,G,OCCUPANT LAP SHOULDER HARNESS USED,CELL PHONE NOT IN USE,NONE APPARENT,,N,I-280,65.0,A,STOPPED,A,HAD NOT BEEN DRINKING,,,F,FEMALE,34.0,C,CA,A,ASIAN,1.0,PassengerCarStationWagonJeep,2019.0,NISSAN ,LEAF ,WHI,False,,,,,,,,2,4.0,4.0,False
2982005,1553281,1,Driver,True,False,False,M,AIR BAG NOT DEPLOYED,G,OCCUPANT LAP SHOULDER HARNESS USED,CELL PHONE NOT IN USE,NONE APPARENT,,N,I-280,65.0,B,PROCEEDING STRAIGHT,A,HAD NOT BEEN DRINKING,,,M,MALE,30.0,U,,H,HISPANIC,22.0,PickupsAndPanels,2005.0,CHEV,1500,WHI,False,,,,,,,,2,4.0,4.0,False
2982004,1553280,2,Driver,False,False,False,M,AIR BAG NOT DEPLOYED,G,OCCUPANT LAP SHOULDER HARNESS USED,CELL PHONE NOT IN USE,NONE APPARENT,,N,I-280,65.0,B,PROCEEDING STRAIGHT,A,HAD NOT BEEN DRINKING,,,M,MALE,20.0,U,,H,HISPANIC,7.0,SportUtilityVehicle,2011.0,NISS,MURANO,BRO,False,,,,,,,,EXIT-1,4.0,7.0,False
2982003,1553280,1,Driver,True,False,False,M,AIR BAG NOT DEPLOYED,G,OCCUPANT LAP SHOULDER HARNESS USED,CELL PHONE NOT IN USE,NONE APPARENT,,N,I-280,65.0,J,CHANGING LANES,A,HAD NOT BEEN DRINKING,,,F,FEMALE,24.0,U,CA,H,HISPANIC,7.0,SportUtilityVehicle,2016.0,CHEV,EQUINOX,WHI,False,,,,,,,,4,4.0,7.0,False
2982002,1553279,4,Driver,False,False,True,,,,,CELL PHONE USE UNKNOWN,VC SECTION VIOLATED - VC 22350,,,,65.0,B,PROCEEDING STRAIGHT,G,IMPAIRMENT_NOT_KNOWN,,,,,,,,,,99.0,OtherUnknownHitAndRunDriver,,,,,False,,,,,,,,AUX-3,3.0,3.0,False
2982001,1553279,3,Driver,False,False,False,M,AIR BAG NOT DEPLOYED,G,OCCUPANT LAP SHOULDER HARNESS USED,CELL PHONE NOT IN USE,ENTERING OR LEAVING RAMP,,N,SR-87,65.0,B,PROCEEDING STRAIGHT,A,HAD NOT BEEN DRINKING,,,M,MALE,54.0,C,CA,A,ASIAN,1.0,PassengerCarStationWagonJeep,2013.0,TOYT,CAMRY,SIL,False,,,,,,,,AUX-3,3.0,3.0,False
2982000,1553279,2,Driver,False,False,False,M,AIR BAG NOT DEPLOYED,G,OCCUPANT LAP SHOULDER HARNESS USED,CELL PHONE NOT IN USE,ENTERING OR LEAVING RAMP,,N,SR-87,65.0,B,PROCEEDING STRAIGHT,A,HAD NOT BEEN DRINKING,,,M,MALE,19.0,C,CA,O,OTHER,1.0,PassengerCarStationWagonJeep,2016.0,KIA,FORTE,BLK,False,,,,,,,,AUX-3,3.0,3.0,False
2981999,1553279,1,Driver,True,False,False,L,AIR BAG DEPLOYED,G,OCCUPANT LAP SHOULDER HARNESS USED,CELL PHONE NOT IN USE,ENTERING OR LEAVING RAMP,,N,SR-87,65.0,B,PROCEEDING STRAIGHT,A,HAD NOT BEEN DRINKING,,,F,FEMALE,24.0,C,CA,H,HISPANIC,22.0,PickupsAndPanels,2017.0,GMC,SIERRA,BLU,False,,,,,,,,AUX-3,3.0,3.0,False
2981994,1553276,1,Driver,True,False,False,M,AIR BAG NOT DEPLOYED,G,OCCUPANT LAP SHOULDER HARNESS USED,CELL PHONE NOT IN USE,NONE APPARENT,,N,I-880,65.0,J,CHANGING LANES,A,HAD NOT BEEN DRINKING,,,F,FEMALE,37.0,C,CA,A,ASIAN,1.0,PassengerCarStationWagonJeep,2002.0,LEXS,IS 300,SIL,True,,,,,,,,2,4.0,4.0,False
2981982,1553268,2,Driver,False,False,False,M,AIR BAG NOT DEPLOYED,G,OCCUPANT LAP SHOULDER HARNESS USED,CELL PHONE NOT IN USE,NONE APPARENT,,S,SR-87,65.0,H,SLOWING/STOPPING,A,HAD NOT BEEN DRINKING,,,F,FEMALE,60.0,C,CA,A,ASIAN,1.0,PassengerCarStationWagonJeep,2008.0,HOND,CIVIC,WHI,False,,,,,,,,AUX,1.0,1.0,False
2981981,1553268,1,Driver,True,False,False,M,AIR BAG NOT DEPLOYED,G,OCCUPANT LAP SHOULDER HARNESS USED,CELL PHONE NOT IN USE,NONE APPARENT,,S,SR-87,65.0,A,STOPPED,A,HAD NOT BEEN DRINKING,,,M,MALE,34.0,C,CA,H,HISPANIC,22.0,PickupsAndPanels,2017.0,CHEV,SILVERADO,BLK,False,,,,,,,,AUX,1.0,1.0,False
2981900,1553223,2,Driver,False,False,False,M,AIR BAG NOT DEPLOYED,G,OCCUPANT LAP SHOULDER HARNESS USED,CELL PHONE NOT IN USE,NONE APPARENT,,S,I-280,65.0,H,SLOWING/STOPPING,A,HAD NOT BEEN DRINKING,,,M,MALE,51.0,C,CA,W,WHITE,22.0,PickupsAndPanels,2014.0,TOYT,TACOMA,SIL,False,,,,,,,,1,4.0,5.0,False
2981899,1553223,1,Driver,True,False,False,M,AIR BAG NOT DEPLOYED,G,OCCUPANT LAP SHOULDER HARNESS USED,CELL PHONE NOT IN USE,NONE APPARENT,,S,I-280,65.0,H,SLOWING/STOPPING,A,HAD NOT BEEN DRINKING,,,M,MALE,32.0,U,,H,HISPANIC,1.0,PassengerCarStationWagonJeep,2000.0,TOYT,CAMRY,SIL,True,,,,,,,,1,4.0,5.0,False
2981886,1553216,2,Driver,False,False,False,M,AIR BAG NOT DEPLOYED,G,OCCUPANT LAP SHOULDER HARNESS USED,CELL PHONE NOT IN USE,NONE APPARENT,,N,I-680,65.0,A,STOPPED,A,HAD NOT BEEN DRINKING,,,M,MALE,33.0,C,CA,A,ASIAN,1.0,PassengerCarStationWagonJeep,2012.0,SCIO,TC,WHI,False,,,,,,,,N/B,1.0,1.0,False
2981885,1553216,1,Driver,True,False,False,M,AIR BAG NOT DEPLOYED,G,OCCUPANT LAP SHOULDER HARNESS USED,CELL PHONE NOT IN USE,NONE APPARENT,,N,I-680,65.0,H,SLOWING/STOPPING,A,HAD NOT BEEN DRINKING,,,M,MALE,21.0,C,CA,H,HISPANIC,1.0,PassengerCarStationWagonJeep,2008.0,HOND,CIVIC,GRY,False,,,,,,,,N/B,1.0,1.0,False
2981870,1553207,1,Driver,True,False,False,L,AIR BAG DEPLOYED,G,OCCUPANT LAP SHOULDER HARNESS USED,CELL PHONE NOT IN USE,VC SECTION VIOLATED - VC 22107,,N,I-680,65.0,B,PROCEEDING STRAIGHT,B,HBD-UNDER INFLUENCE,,,F,FEMALE,29.0,C,CA,A,ASIAN,7.0,SportUtilityVehicle,2010.0,ACUR,RDX,BLK,True,,,,,,,,5,5.0,5.0,False
2981866,1553204,2,Driver,False,False,False,M,AIR BAG NOT DEPLOYED,G,OCCUPANT LAP SHOULDER HARNESS USED,CELL PHONE NOT IN USE,NONE APPARENT,,S,I-280,65.0,H,SLOWING/STOPPING,A,HAD NOT BEEN DRINKING,,,F,FEMALE,28.0,C,CA,W,WHITE,7.0,SportUtilityVehicle,2018.0,TOYT,RAV4,WHI,False,,,,,,,,3,3.0,4.0,False
2981865,1553204,1,Driver,True,False,False,M,AIR BAG NOT DEPLOYED,G,OCCUPANT LAP SHOULDER HARNESS USED,CELL PHONE NOT IN USE,NONE APPARENT,,S,I-280,65.0,B,PROCEEDING STRAIGHT,A,HAD NOT BEEN DRINKING,,,F,FEMALE,24.0,C,CA,W,WHITE,7.0,SportUtilityVehicle,2010.0,JEEP,Wrangler,BLU,False,,,,,,,,3,3.0,4.0,False
2981774,1553155,1,Driver,True,False,True,L,AIR BAG DEPLOYED,B,OCCUPANT UNKNOWN,CELL PHONE USE UNKNOWN,NONE APPARENT,,N,US 101 ,65.0,M,OTHER UNSAFE TURNING,G,IMPAIRMENT_NOT_KNOWN,,,,,,,,,,1.0,PassengerCarStationWagonJeep,2003.0,HOND,ACCORD,TAN,False,,,,,,,,1,4.0,4.0,False
2981747,1553141,2,Driver,False,False,False,M,AIR BAG NOT DEPLOYED,G,OCCUPANT LAP SHOULDER HARNESS USED,CELL PHONE NOT IN USE,ENTERING OR LEAVING RAMP,,N,I-680 TO BERRYESSA RD.,65.0,B,PROCEEDING STRAIGHT,A,HAD NOT BEEN DRINKING,,,M,MALE,25.0,C,CA,H,HISPANIC,1.0,PassengerCarStationWagonJeep,2004.0,HOND,CIVIC,GRY,False,,,,,,,,EXIT,1.0,1.0,False
2981746,1553141,1,Driver,True,False,False,M,AIR BAG NOT DEPLOYED,B,OCCUPANT UNKNOWN,CELL PHONE USE UNKNOWN,ENTERING OR LEAVING RAMP,,N,I-680 TO BERRYESSA,65.0,B,PROCEEDING STRAIGHT,G,IMPAIRMENT_NOT_KNOWN,,,M,MALE,27.0,U,CA,H,HISPANIC,1.0,PassengerCarStationWagonJeep,2004.0,TOYOTA ,SCION XB,PLE,False,,,,,,,,EXIT,1.0,1.0,False
2981579,1528575,2,Driver,False,False,False,M,AIR BAG NOT DEPLOYED,G,OCCUPANT LAP SHOULDER HARNESS USED,CELL PHONE NOT IN USE,NONE APPARENT,,S,US-101,65.0,B,PROCEEDING STRAIGHT,A,HAD NOT BEEN DRINKING,,,M,MALE,53.0,A,CA,H,HISPANIC,26.0,TwoAxleTruck,2012.0,PTRB,386 CONVENTIONAL,WHI,False,31.0,SemiTrailer,2016.0,VGARD,UTILITY,WHI,,3,4.0,5.0,False