PartyId,CollisionId,PartyNumber,PartyType,IsAtFault,IsOnDutyEmergencyVehicle,IsHitAndRun,AirbagCode,AirbagDescription,SafetyEquipmentCode,SafetyEquipmentDescription,Special Information,Other Associate Factor,Inattention,DirectionOfTravel,StreetOrHighwayName,SpeedLimit,MovementPrecCollCode,MovementPrecCollDescription,SobrietyDrugPhysicalCode1,SobrietyDrugPhysicalDescription1,SobrietyDrugPhysicalCode2,SobrietyDrugPhysicalDescription2,GenderCode,GenderDescription,StatedAge,DriverLicenseClass,DriverLicenseStateCode,RaceCode,RaceDesc,Vehicle1TypeId, Vehicle1TypeDesc, Vehicle1Year,Vehicle1Make,Vehicle1Model,Vehicle1Color,V1IsVehicleTowed,Vehicle2TypeId, Vehicle2TypeDesc, Vehicle2Year,Vehicle2Make,Vehicle2Model,Vehicle2Color,V2IsVehicleTowed,Lane,ThruLanes,TotalLanes,IsDREConducted
3036777,1583133,2,Driver,False,False,False,M,AIR BAG NOT DEPLOYED,G,OCCUPANT LAP SHOULDER HARNESS USED,CELL PHONE NOT IN USE,NONE APPARENT,,N,US-101,65.0,H,SLOWING/STOPPING,A,HAD NOT BEEN DRINKING,,,F,FEMALE,74.0,C,CA,W,WHITE,1.0,PassengerCarStationWagonJeep,2013.0,TOYT,PRIUS,WHI,False,,,,,,,,2,4.0,4.0,False
3036776,1583133,1,Driver,True,False,False,M,AIR BAG NOT DEPLOYED,G,OCCUPANT LAP SHOULDER HARNESS USED,CELL PHONE NOT IN USE,NONE APPARENT,,N,US-101,65.0,B,PROCEEDING STRAIGHT,A,HAD NOT BEEN DRINKING,,,M,MALE,53.0,C,CA,W,WHITE,1.0,PassengerCarStationWagonJeep,2018.0,TOYT,PRIUS ,GRN,True,,,,,,,,2,4.0,4.0,False
3036774,1583131,4,Driver,False,False,False,M,AIR BAG NOT DEPLOYED,G,OCCUPANT LAP SHOULDER HARNESS USED,CELL PHONE NOT IN USE,NONE APPARENT,,N,US101 N/B,65.0,A,STOPPED,A,HAD NOT BEEN DRINKING,,,F,FEMALE,22.0,C,CA,H,HISPANIC,1.0,PassengerCarStationWagonJeep,2011.0,NISS,ALTIMA,SIL,False,,,,,,,,2,3.0,4.0,False
3036773,1583131,3,Driver,False,False,False,M,AIR BAG NOT DEPLOYED,G,OCCUPANT LAP SHOULDER HARNESS USED,CELL PHONE NOT IN USE,NONE APPARENT,,N,US101 N/B,65.0,A,STOPPED,A,HAD NOT BEEN DRINKING,,,M,MALE,27.0,C,CA,O,OTHER,1.0,PassengerCarStationWagonJeep,2018.0,KIA,FORTE,BLK,False,,,,,,,,2,3.0,4.0,False
3036772,1583131,2,Driver,False,False,False,M,AIR BAG NOT DEPLOYED,G,OCCUPANT LAP SHOULDER HARNESS USED,CELL PHONE NOT IN USE,NONE APPARENT,,N,US101 N/B,65.0,H,SLOWING/STOPPING,A,HAD NOT BEEN DRINKING,,,F,FEMALE,30.0,C,CA,H,HISPANIC,1.0,PassengerCarStationWagonJeep,2020.0,TOYT,COROLLA,WHI,True,,,,,,,,2,3.0,4.0,False
3036771,1583131,1,Driver,True,False,False,L,AIR BAG DEPLOYED,G,OCCUPANT LAP SHOULDER HARNESS USED,CELL PHONE NOT IN USE,NONE APPARENT,,N,US101 N/B,65.0,B,PROCEEDING STRAIGHT,A,HAD NOT BEEN DRINKING,,,M,MALE,22.0,C,CA,O,OTHER,8.0,MiniVan,1999.0,FORD,TRANSIT,WHI,True,,,,,,,,1,3.0,4.0,False
3036414,1582948,1,Driver,False,False,False,M,AIR BAG NOT DEPLOYED,G,OCCUPANT LAP SHOULDER HARNESS USED,CELL PHONE NOT IN USE,NONE APPARENT,,S,I-680,65.0,B,PROCEEDING STRAIGHT,A,HAD NOT BEEN DRINKING,,,F,FEMALE,26.0,C,CA,W,WHITE,7.0,SportUtilityVehicle,2017.0,MAZD,CX5,GRY,False,,,,,,,,2,4.0,4.0,False
3036383,1582932,2,Driver,False,False,False,M,AIR BAG NOT DEPLOYED,G,OCCUPANT LAP SHOULDER HARNESS USED,CELL PHONE NOT IN USE,NONE APPARENT,,N,US-101,65.0,B,PROCEEDING STRAIGHT,A,HAD NOT BEEN DRINKING,,,M,MALE,49.0,C,CA,A,ASIAN,1.0,PassengerCarStationWagonJeep,2017.0,MERZ,C300,BLK,False,,,,,,,,4,5.0,5.0,False
3036382,1582932,1,Driver,True,False,True,B,UNKNOWN,B,OCCUPANT UNKNOWN,CELL PHONE USE UNKNOWN,NONE APPARENT,,N,US-101,65.0,J,CHANGING LANES,G,IMPAIRMENT_NOT_KNOWN,,,,,,,,,,99.0,OtherUnknownHitAndRunDriver,,UNKNOWN,,,False,,,,,,,,3,5.0,5.0,False
3036373,1582927,2,Driver,False,False,False,M,AIR BAG NOT DEPLOYED,G,OCCUPANT LAP SHOULDER HARNESS USED,CELL PHONE NOT IN USE,ENTERING OR LEAVING RAMP,,N,SR-87,65.0,B,PROCEEDING STRAIGHT,A,HAD NOT BEEN DRINKING,,,F,FEMALE,26.0,C,CA,H,HISPANIC,1.0,PassengerCarStationWagonJeep,1997.0,HOND,ACCORD,BGE,True,,,,,,,,1,3.0,3.0,False
3036372,1582927,1,Driver,True,False,False,M,AIR BAG NOT DEPLOYED,G,OCCUPANT LAP SHOULDER HARNESS USED,CELL PHONE NOT IN USE,ENTERING OR LEAVING RAMP,,N,SR-87,65.0,J,CHANGING LANES,A,HAD NOT BEEN DRINKING,,,M,MALE,51.0,A,CA,W,WHITE,27.0,ThreeOrMoreAxleTruck,2011.0,MACK,PINNACLE,BRO,False,31.0,SemiTrailer,1998.0,HYUN,HEAVY,GRY,,2,3.0,3.0,False
3035968,1582715,2,Driver,False,False,False,M,AIR BAG NOT DEPLOYED,G,OCCUPANT LAP SHOULDER HARNESS USED,CELL PHONE NOT IN USE,NONE APPARENT,,S,I-280,65.0,B,PROCEEDING STRAIGHT,A,HAD NOT BEEN DRINKING,,,M,MALE,29.0,C,CA,H,HISPANIC,22.0,PickupsAndPanels,2004.0,FORD,F350,WHI,False,,,,,,,,2,5.0,5.0,False
3035967,1582715,1,Driver,True,False,False,M,AIR BAG NOT DEPLOYED,G,OCCUPANT LAP SHOULDER HARNESS USED,CELL PHONE NOT IN USE,NONE APPARENT,,S,I-280,65.0,J,CHANGING LANES,A,HAD NOT BEEN DRINKING,,,F,FEMALE,38.0,C,CA,A,ASIAN,1.0,PassengerCarStationWagonJeep,2008.0,TOYT,Camry,WHI,False,,,,,,,,3,5.0,5.0,False
3035782,1582620,2,Driver,False,False,False,M,AIR BAG NOT DEPLOYED,G,OCCUPANT LAP SHOULDER HARNESS USED,CELL PHONE NOT IN USE,NONE APPARENT,,N,I-280,65.0,B,PROCEEDING STRAIGHT,A,HAD NOT BEEN DRINKING,,,M,MALE,51.0,C,CA,W,WHITE,1.0,PassengerCarStationWagonJeep,2015.0,VOLK,Jetta,RED,False,,,,,,,,2,3.0,4.0,False
3035781,1582620,1,Driver,True,False,False,M,AIR BAG NOT DEPLOYED,G,OCCUPANT LAP SHOULDER HARNESS USED,CELL PHONE NOT IN USE,NONE APPARENT,,N,I-280,65.0,J,CHANGING LANES,A,HAD NOT BEEN DRINKING,,,M,MALE,19.0,U,,H,HISPANIC,1.0,PassengerCarStationWagonJeep,2007.0,TOYT,Camry,GRY,True,,,,,,,,3,3.0,4.0,False
3035749,1582603,3,Driver,False,False,False,M,AIR BAG NOT DEPLOYED,G,OCCUPANT LAP SHOULDER HARNESS USED,CELL PHONE NOT IN USE,STOP & GO TRAFFIC,,S,I-280,65.0,A,STOPPED,A,HAD NOT BEEN DRINKING,,,M,MALE,40.0,C,CA,A,ASIAN,1.0,PassengerCarStationWagonJeep,2012.0,HOND,CIVIC,WHI,False,,,,,,,,4,4.0,5.0,False
3035748,1582603,2,Driver,False,False,False,M,AIR BAG NOT DEPLOYED,G,OCCUPANT LAP SHOULDER HARNESS USED,CELL PHONE NOT IN USE,STOP & GO TRAFFIC,,S,I-280,65.0,A,STOPPED,A,HAD NOT BEEN DRINKING,,,M,MALE,34.0,C,CA,A,ASIAN,1.0,PassengerCarStationWagonJeep,2018.0,HOND,ACCORD,WHI,False,,,,,,,,4,4.0,5.0,False
3035747,1582603,1,Driver,True,False,False,L,AIR BAG DEPLOYED,G,OCCUPANT LAP SHOULDER HARNESS USED,CELL PHONE NOT IN USE,STOP & GO TRAFFIC,,S,I-280,65.0,B,PROCEEDING STRAIGHT,A,HAD NOT BEEN DRINKING,,,M,MALE,32.0,C,CA,A,ASIAN,1.0,PassengerCarStationWagonJeep,2015.0,TOYT,CAMRY,GRY,True,,,,,,,,4,4.0,5.0,False
3035693,1582573,2,Driver,False,False,False,M,AIR BAG NOT DEPLOYED,G,OCCUPANT LAP SHOULDER HARNESS USED,CELL PHONE NOT IN USE,NONE APPARENT,,N,US-101,55.0,A,STOPPED,A,HAD NOT BEEN DRINKING,,,M,MALE,24.0,A,CA,H,HISPANIC,27.0,ThreeOrMoreAxleTruck,2017.0,PTRB,TRUCK TRACTOR- GASOLINE,YEL,False,29.0,PullTankTrailer,2016.0,Pola,TANK,COM,,5,5.0,5.0,False
3035692,1582573,1,Driver,True,False,False,M,AIR BAG NOT DEPLOYED,G,OCCUPANT LAP SHOULDER HARNESS USED,CELL PHONE NOT IN USE,NONE APPARENT,,N,US-101,65.0,B,PROCEEDING STRAIGHT,A,HAD NOT BEEN DRINKING,,,F,FEMALE,51.0,F,HI,W,WHITE,7.0,SportUtilityVehicle,2008.0,FORD,ESCAPE,BLU,True,,,,,,,,5,5.0,5.0,False
3035636,1582543,2,Driver,False,False,False,L,AIR BAG DEPLOYED,G,OCCUPANT LAP SHOULDER HARNESS USED,CELL PHONE NOT IN USE,STOP & GO TRAFFIC,,N,SR-87,65.0,A,STOPPED,A,HAD NOT BEEN DRINKING,,,M,MALE,19.0,C,CA,W,WHITE,1.0,PassengerCarStationWagonJeep,2008.0,ACUR,TL,SIL,True,,,,,,,,EXIT-2,3.0,5.0,False
3035635,1582543,1,Driver,True,False,False,M,AIR BAG NOT DEPLOYED,G,OCCUPANT LAP SHOULDER HARNESS USED,CELL PHONE NOT IN USE,NONE APPARENT,,N,SR-87,65.0,M,OTHER UNSAFE TURNING,A,HAD NOT BEEN DRINKING,,,M,MALE,28.0,U,,H,HISPANIC,8.0,MiniVan,2004.0,TOYT,SIENNA,SIL,True,,,,,,,,EXIT-1,3.0,5.0,False
3035390,1582384,3,Driver,False,False,False,M,AIR BAG NOT DEPLOYED,G,OCCUPANT LAP SHOULDER HARNESS USED,CELL PHONE NOT IN USE,NONE APPARENT,,S,US-101,65.0,A,STOPPED,A,HAD NOT BEEN DRINKING,,,F,FEMALE,31.0,C,CA,O,OTHER,1.0,PassengerCarStationWagonJeep,2015.0,MAZD,3,BLK,False,,,,,,,,1,3.0,4.0,False
3035389,1582384,2,Driver,False,False,False,M,AIR BAG NOT DEPLOYED,G,OCCUPANT LAP SHOULDER HARNESS USED,CELL PHONE NOT IN USE,NONE APPARENT,,S,US-101,65.0,H,SLOWING/STOPPING,A,HAD NOT BEEN DRINKING,,,F,FEMALE,46.0,C,CA,H,HISPANIC,1.0,PassengerCarStationWagonJeep,2004.0,HOND,ACCORD,GRY,False,,,,,,,,1,3.0,4.0,False
3035388,1582384,1,Driver,True,False,True,B,UNKNOWN,B,OCCUPANT UNKNOWN,CELL PHONE USE UNKNOWN,NONE APPARENT,,S,US-101,65.0,B,PROCEEDING STRAIGHT,G,IMPAIRMENT_NOT_KNOWN,,,,,,,,,,99.0,OtherUnknownHitAndRunDriver,,,,,False,,,,,,,,1,3.0,4.0,False
3035334,1582354,2,Driver,False,False,False,L,AIR BAG DEPLOYED,G,OCCUPANT LAP SHOULDER HARNESS USED,CELL PHONE NOT IN USE,NONE APPARENT,,S,SR-85 S/B,65.0,B,PROCEEDING STRAIGHT,A,HAD NOT BEEN DRINKING,,,M,MALE,26.0,C,CA,H,HISPANIC,1.0,PassengerCarStationWagonJeep,2010.0,HOND,CIVIC,BLU,True,,,,,,,,2,3.0,3.0,False
3035333,1582354,1,Driver,True,False,False,M,AIR BAG NOT DEPLOYED,G,OCCUPANT LAP SHOULDER HARNESS USED,CELL PHONE NOT IN USE,NONE APPARENT,,S,SR-85 S/B,65.0,B,PROCEEDING STRAIGHT,C,HBD-NOT UNDER INFLUENCE,,,M,MALE,23.0,C,CA,A,ASIAN,1.0,PassengerCarStationWagonJeep,2018.0,KIA,FORTE,BLU,True,,,,,,,,2,3.0,3.0,False
3035309,1582340,3,Driver,False,False,False,M,AIR BAG NOT DEPLOYED,G,OCCUPANT LAP SHOULDER HARNESS USED,CELL PHONE NOT IN USE,NONE APPARENT,,S,I-280,65.0,B,PROCEEDING STRAIGHT,A,HAD NOT BEEN DRINKING,,,M,MALE,49.0,C,CA,H,HISPANIC,1.0,PassengerCarStationWagonJeep,2009.0,CHEV,HHR,SIL,False,,,,,,,,4,4.0,5.0,False
3035308,1582340,2,Driver,False,False,False,M,AIR BAG NOT DEPLOYED,G,OCCUPANT LAP SHOULDER HARNESS USED,CELL PHONE NOT IN USE,NONE APPARENT,,S,I-280,65.0,B,PROCEEDING STRAIGHT,A,HAD NOT BEEN DRINKING,,,M,MALE,38.0,C,CA,W,WHITE,1.0,PassengerCarStationWagonJeep,2003.0,HOND,CIVIC,TAN,True,,,,,,,,3,4.0,5.0,False
3035307,1582340,1,Driver,True,False,True,B,UNKNOWN,B,OCCUPANT UNKNOWN,CELL PHONE USE UNKNOWN,NONE APPARENT,,S,I-280,65.0,B,PROCEEDING STRAIGHT,G,IMPAIRMENT_NOT_KNOWN,,,,,,,,,,99.0,OtherUnknownHitAndRunDriver,,,,WHI,False,,,,,,,,3,4.0,5.0,False
3034784,1582077,2,Driver,False,False,False,M,AIR BAG NOT DEPLOYED,G,OCCUPANT LAP SHOULDER HARNESS USED,CELL PHONE NOT IN USE,NONE APPARENT,,N,US-101,65.0,B,PROCEEDING STRAIGHT,A,HAD NOT BEEN DRINKING,,,M,MALE,55.0,C,CA,H,HISPANIC,22.0,PickupsAndPanels,2014.0,FORD,F-550,WHI,False,,,,,,,,3,4.0,4.0,False
3034783,1582077,1,Driver,True,False,True,B,UNKNOWN,B,OCCUPANT UNKNOWN,CELL PHONE USE UNKNOWN,NONE APPARENT,,N,US-101,65.0,M,OTHER UNSAFE TURNING,D,HBD-IMPAIRMENT UNKNOWN,,,,,,,,,,99.0,OtherUnknownHitAndRunDriver,,,,,False,,,,,,,,2,4.0,4.0,False
3034659,1582016,1,Driver,True,False,False,L,AIR BAG DEPLOYED,G,OCCUPANT LAP SHOULDER HARNESS USED,CELL PHONE NOT IN USE,NONE APPARENT,,S,SR-87,65.0,M,OTHER UNSAFE TURNING,A,HAD NOT BEEN DRINKING,,,M,MALE,16.0,U,CA,A,ASIAN,7.0,SportUtilityVehicle,2012.0,BMW,X3,BLU,True,,,,,,,,1,4.0,4.0,False
3034656,1582014,2,Driver,False,False,False,M,AIR BAG NOT DEPLOYED,G,OCCUPANT LAP SHOULDER HARNESS USED,CELL PHONE NOT IN USE,NONE APPARENT,,N,I-880 N/B,65.0,A,STOPPED,A,HAD NOT BEEN DRINKING,,,F,FEMALE,40.0,C,CA,W,WHITE,8.0,MiniVan,2019.0,FORD,TRANSIT,WHI,False,,,,,,,,2,4.0,4.0,False
3034655,1582014,1,Driver,True,False,False,M,AIR BAG NOT DEPLOYED,G,OCCUPANT LAP SHOULDER HARNESS USED,CELL PHONE NOT IN USE,NONE APPARENT,,N,2,65.0,B,PROCEEDING STRAIGHT,A,HAD NOT BEEN DRINKING,,,M,MALE,39.0,C,CA,B,BLACK,1.0,PassengerCarStationWagonJeep,2003.0,TOYT,Corolla,GRY,True,,,,,,,,2,4.0,4.0,False
3033785,1581560,2,Driver,False,False,False,M,AIR BAG NOT DEPLOYED,G,OCCUPANT LAP SHOULDER HARNESS USED,CELL PHONE NOT IN USE,NONE APPARENT,,N,I-880 N/B,65.0,B,PROCEEDING STRAIGHT,A,HAD NOT BEEN DRINKING,,,M,MALE,33.0,C,CA,W,WHITE,1.0,PassengerCarStationWagonJeep,2013.0,FORD,EDGE,WHI,False,,,,,,,,1,3.0,3.0,False
3033784,1581560,1,Driver,True,False,False,L,AIR BAG DEPLOYED,G,OCCUPANT LAP SHOULDER HARNESS USED,CELL PHONE NOT IN USE,NONE APPARENT,,N,I-880 N/B,65.0,B,PROCEEDING STRAIGHT,A,HAD NOT BEEN DRINKING,,,M,MALE,29.0,U,,H,HISPANIC,1.0,PassengerCarStationWagonJeep,2000.0,NISS,ALTIMA,GLD,True,,,,,,,,1,3.0,3.0,False
3033606,1581462,4,Driver,False,False,False,M,AIR BAG NOT DEPLOYED,G,OCCUPANT LAP SHOULDER HARNESS USED,CELL PHONE NOT IN USE,NONE APPARENT,,S,I-280,65.0,A,STOPPED,A,HAD NOT BEEN DRINKING,,,M,MALE,40.0,C,CA,W,WHITE,22.0,PickupsAndPanels,2016.0,TOYT,TACOMA,GRY,False,,,,,,,,1,5.0,6.0,False
3033605,1581462,3,Driver,False,False,False,M,AIR BAG NOT DEPLOYED,G,OCCUPANT LAP SHOULDER HARNESS USED,CELL PHONE NOT IN USE,NONE APPARENT,,S,I-280,65.0,A,STOPPED,A,HAD NOT BEEN DRINKING,,,F,FEMALE,23.0,C,CA,H,HISPANIC,1.0,PassengerCarStationWagonJeep,2011.0,MITS,LANCER,RED,False,,,,,,,,1,5.0,6.0,False
3033604,1581462,2,Driver,False,False,False,M,AIR BAG NOT DEPLOYED,G,OCCUPANT LAP SHOULDER HARNESS USED,CELL PHONE NOT IN USE,NONE APPARENT,,S,I-280,65.0,A,STOPPED,A,HAD NOT BEEN DRINKING,,,F,FEMALE,23.0,C,CA,H,HISPANIC,1.0,PassengerCarStationWagonJeep,2004.0,HOND,CIVIC,WHI,True,,,,,,,,1,5.0,6.0,False
3033603,1581462,1,Driver,True,False,False,L,AIR BAG DEPLOYED,G,OCCUPANT LAP SHOULDER HARNESS USED,CELL PHONE NOT IN USE,NONE APPARENT,,S,I-280,65.0,J,CHANGING LANES,A,HAD NOT BEEN DRINKING,,,F,FEMALE,22.0,C,CA,W,WHITE,1.0,PassengerCarStationWagonJeep,1996.0,TOYT,CAMRY,GLD,True,,,,,,,,1,5.0,6.0,False
3033409,1581342,1,Driver,True,False,False,M,AIR BAG NOT DEPLOYED,G,OCCUPANT LAP SHOULDER HARNESS USED,CELL PHONE NOT IN USE,NONE APPARENT,,S,SR-85,65.0,M,OTHER UNSAFE TURNING,C,HBD-NOT UNDER INFLUENCE,,,F,FEMALE,25.0,C,CA,H,HISPANIC,1.0,PassengerCarStationWagonJeep,2019.0,NISS,SENTRA,SIL,True,,,,,,,,1,3.0,4.0,False
3033302,1581284,3,Driver,False,False,True,B,UNKNOWN,B,OCCUPANT UNKNOWN,CELL PHONE USE UNKNOWN,VC SECTION VIOLATED - VC 22350,,S,I-680,65.0,B,PROCEEDING STRAIGHT,G,IMPAIRMENT_NOT_KNOWN,,,,,,,,,,99.0,OtherUnknownHitAndRunDriver,,UNKNOWN,,,False,,,,,,,,4,4.0,4.0,False
3033301,1581284,2,Driver,False,False,False,M,AIR BAG NOT DEPLOYED,G,OCCUPANT LAP SHOULDER HARNESS USED,CELL PHONE NOT IN USE,STOP & GO TRAFFIC,,S,I-680,65.0,A,STOPPED,A,HAD NOT BEEN DRINKING,,,M,MALE,50.0,C,CA,A,ASIAN,1.0,PassengerCarStationWagonJeep,2012.0,HOND,CIVIC,BLU,False,,,,,,,,4,4.0,4.0,False
3033300,1581284,1,Driver,True,False,False,M,AIR BAG NOT DEPLOYED,G,OCCUPANT LAP SHOULDER HARNESS USED,CELL PHONE NOT IN USE,STOP & GO TRAFFIC,,S,I-680,65.0,B,PROCEEDING STRAIGHT,A,HAD NOT BEEN DRINKING,,,M,MALE,26.0,C,CA,O,OTHER,1.0,PassengerCarStationWagonJeep,2016.0,HOND,CIVIC,GRY,False,,,,,,,,4,4.0,4.0,False
3033131,1581193,3,Driver,False,False,True,B,UNKNOWN,B,OCCUPANT UNKNOWN,CELL PHONE USE UNKNOWN,NONE APPARENT,,N,I-880,65.0,B,PROCEEDING STRAIGHT,G,IMPAIRMENT_NOT_KNOWN,,,,,,,,,,99.0,OtherUnknownHitAndRunDriver,,,,,False,,,,,,,,1,4.0,4.0,False
3033130,1581193,2,Driver,False,False,True,B,UNKNOWN,B,OCCUPANT UNKNOWN,CELL PHONE USE UNKNOWN,NONE APPARENT,,N,I-880,65.0,B,PROCEEDING STRAIGHT,G,IMPAIRMENT_NOT_KNOWN,,,,,,,,,,99.0,OtherUnknownHitAndRunDriver,,,,,False,,,,,,,,2,4.0,4.0,False
3033129,1581193,1,Driver,True,False,False,L,AIR BAG DEPLOYED,G,OCCUPANT LAP SHOULDER HARNESS USED,CELL PHONE NOT IN USE,NONE APPARENT,,N,I-880,65.0,J,CHANGING LANES,A,HAD NOT BEEN DRINKING,,,F,FEMALE,66.0,C,CA,H,HISPANIC,7.0,SportUtilityVehicle,2000.0,TOYT,4RUNNER,SIL,True,,,,,,,,1,4.0,4.0,False
3032713,1580981,2,Driver,False,False,False,M,AIR BAG NOT DEPLOYED,G,OCCUPANT LAP SHOULDER HARNESS USED,CELL PHONE NOT IN USE,NONE APPARENT,,S,SR-87,65.0,B,PROCEEDING STRAIGHT,A,HAD NOT BEEN DRINKING,,,F,FEMALE,38.0,C,CA,W,WHITE,7.0,SportUtilityVehicle,2017.0,HOND,PILOT,BLU,False,,,,,,,,3,3.0,3.0,False
3032712,1580981,1,Driver,True,False,False,M,AIR BAG NOT DEPLOYED,G,OCCUPANT LAP SHOULDER HARNESS USED,CELL PHONE NOT IN USE,NONE APPARENT,,S,SR-87,65.0,J,CHANGING LANES,A,HAD NOT BEEN DRINKING,,,M,MALE,19.0,C,CA,O,OTHER,7.0,SportUtilityVehicle,2013.0,DODG,DURANGO,BLK,False,,,,,,,,3,4.0,4.0,False
3032708,1580979,2,Driver,False,False,False,M,AIR BAG NOT DEPLOYED,G,OCCUPANT LAP SHOULDER HARNESS USED,CELL PHONE NOT IN USE,NONE APPARENT,,E,SR-237,65.0,H,SLOWING/STOPPING,A,HAD NOT BEEN DRINKING,,,F,FEMALE,44.0,U,CA,H,HISPANIC,7.0,SportUtilityVehicle,2021.0,JEEP,GRAND CHEROKEE,SIL,False,,,,,,,,1,3.0,3.0,False
3032707,1580979,1,Driver,True,False,False,M,AIR BAG NOT DEPLOYED,G,OCCUPANT LAP SHOULDER HARNESS USED,CELL PHONE NOT IN USE,NONE APPARENT,,E,SR-237,65.0,B,PROCEEDING STRAIGHT,A,HAD NOT BEEN DRINKING,,,M,MALE,52.0,C,CA,W,WHITE,7.0,SportUtilityVehicle,2012.0,TOYT,HIGHLANDER,SIL,False,,,,,,,,1,3.0,3.0,False
3032653,1580955,1,Driver,True,False,False,L,AIR BAG DEPLOYED,G,OCCUPANT LAP SHOULDER HARNESS USED,CELL PHONE NOT IN USE,VC SECTION VIOLATED - VC 22107,,N,SR-87,65.0,M,OTHER UNSAFE TURNING,B,HBD-UNDER INFLUENCE,,,M,MALE,24.0,C,CA,O,OTHER,1.0,PassengerCarStationWagonJeep,2014.0,MERZ,E350,BLK,True,,,,,,,,3,4.0,4.0,False
3032632,1580943,2,Driver,False,False,False,L,AIR BAG DEPLOYED,G,OCCUPANT LAP SHOULDER HARNESS USED,CELL PHONE NOT IN USE,NONE APPARENT,,W,SR-237,65.0,A,STOPPED,A,HAD NOT BEEN DRINKING,,,M,MALE,49.0,C,CA,A,ASIAN,1.0,PassengerCarStationWagonJeep,2013.0,HOND,ACCORD,GRY,True,,,,,,,,4,4.0,4.0,False
3032631,1580943,1,Driver,True,False,False,L,AIR BAG DEPLOYED,G,OCCUPANT LAP SHOULDER HARNESS USED,CELL PHONE NOT IN USE,VC SECTION VIOLATED - VC 22350,,W,SR-237,65.0,B,PROCEEDING STRAIGHT,B,HBD-UNDER INFLUENCE,,,M,MALE,30.0,C,CA,W,WHITE,1.0,PassengerCarStationWagonJeep,2014.0,JEEP,LAREDO,GRY,True,,,,,,,,4,4.0,4.0,False
3032581,1580918,1,Driver,True,False,False,L,AIR BAG DEPLOYED,G,OCCUPANT LAP SHOULDER HARNESS USED,CELL PHONE NOT IN USE,VC SECTION VIOLATED - VC 22107,,S,US-101,65.0,M,OTHER UNSAFE TURNING,B,HBD-UNDER INFLUENCE,,,M,MALE,40.0,C,CA,H,HISPANIC,1.0,PassengerCarStationWagonJeep,2008.0,NISS,SENTRA,BLK,True,,,,,,,,5,5.0,5.0,False
3032553,1580904,5,Driver,False,False,False,L,AIR BAG DEPLOYED,G,OCCUPANT LAP SHOULDER HARNESS USED,CELL PHONE NOT IN USE,VC SECTION VIOLATED - VC 22350 / PREVIOUS COLLISION,,N,US 101,65.0,B,PROCEEDING STRAIGHT,A,HAD NOT BEEN DRINKING,,,M,MALE,26.0,C,CA,H,HISPANIC,1.0,PassengerCarStationWagonJeep,2018.0,INFI,M35,WHI,False,,,,,,,,1,4.0,4.0,False
3032552,1580904,4,Driver,False,False,False,M,AIR BAG NOT DEPLOYED,G,OCCUPANT LAP SHOULDER HARNESS USED,CELL PHONE NOT IN USE,PREVIOUS COLLISION,,N,US 101,65.0,B,PROCEEDING STRAIGHT,A,HAD NOT BEEN DRINKING,,,M,MALE,23.0,C,CA,W,WHITE,22.0,PickupsAndPanels,2021.0,TOYT,TACOMA,GRY,True,,,,,,,,1,4.0,4.0,False
3032551,1580904,3,Driver,False,False,False,L,AIR BAG DEPLOYED,G,OCCUPANT LAP SHOULDER HARNESS USED,CELL PHONE NOT IN USE,VC SECTION VIOLATED - VC 22350 / PREVIOUS COLLISION,,N,US 101,65.0,B,PROCEEDING STRAIGHT,A,HAD NOT BEEN DRINKING,,,M,MALE,22.0,C,CA,H,HISPANIC,22.0,PickupsAndPanels,2021.0,TOYT,TACOMA,WHI,True,,,,,,,,1,4.0,4.0,False
3032550,1580904,2,Driver,False,False,False,M,AIR BAG NOT DEPLOYED,G,OCCUPANT LAP SHOULDER HARNESS USED,CELL PHONE NOT IN USE,PREVIOUS COLLISION,,N,US 101,65.0,H,SLOWING/STOPPING,A,HAD NOT BEEN DRINKING,,,M,MALE,30.0,C,CA,B,BLACK,1.0,PassengerCarStationWagonJeep,2016.0,TOYT,PRIUS,BLK,False,,,,,,,,1,4.0,4.0,False
3032549,1580904,1,Driver,True,False,False,M,AIR BAG NOT DEPLOYED,G,OCCUPANT LAP SHOULDER HARNESS USED,CELL PHONE NOT IN USE,PREVIOUS COLLISION,,N,US-101,65.0,J,CHANGING LANES,A,HAD NOT BEEN DRINKING,,,M,MALE,19.0,C,CA,H,HISPANIC,1.0,PassengerCarStationWagonJeep,2020.0,TOYT,CAMRY,BLK,False,,,,,,,,1,4.0,4.0,False
3031452,1580307,2,Driver,False,False,False,M,AIR BAG NOT DEPLOYED,G,OCCUPANT LAP SHOULDER HARNESS USED,CELL PHONE NOT IN USE,NONE APPARENT,,S,I-280,65.0,B,PROCEEDING STRAIGHT,A,HAD NOT BEEN DRINKING,,,F,FEMALE,21.0,C,CA,B,BLACK,1.0,PassengerCarStationWagonJeep,2009.0,HYUN,ELANTRA,GRY,False,,,,,,,,3,4.0,4.0,False