PartyId,CollisionId,PartyNumber,PartyType,IsAtFault,IsOnDutyEmergencyVehicle,IsHitAndRun,AirbagCode,AirbagDescription,SafetyEquipmentCode,SafetyEquipmentDescription,Special Information,Other Associate Factor,Inattention,DirectionOfTravel,StreetOrHighwayName,SpeedLimit,MovementPrecCollCode,MovementPrecCollDescription,SobrietyDrugPhysicalCode1,SobrietyDrugPhysicalDescription1,SobrietyDrugPhysicalCode2,SobrietyDrugPhysicalDescription2,GenderCode,GenderDescription,StatedAge,DriverLicenseClass,DriverLicenseStateCode,RaceCode,RaceDesc,Vehicle1TypeId, Vehicle1TypeDesc, Vehicle1Year,Vehicle1Make,Vehicle1Model,Vehicle1Color,V1IsVehicleTowed,Vehicle2TypeId, Vehicle2TypeDesc, Vehicle2Year,Vehicle2Make,Vehicle2Model,Vehicle2Color,V2IsVehicleTowed,Lane,ThruLanes,TotalLanes,IsDREConducted
3089574,1612358,2,Driver,,False,False,M,AIR BAG NOT DEPLOYED,G,OCCUPANT LAP SHOULDER HARNESS USED,CELL PHONE NOT IN USE,NONE APPARENT,,N,US-101,65.0,A,STOPPED,A,HAD NOT BEEN DRINKING,,,M,MALE,57.0,C,CA,A,ASIAN,1.0,PassengerCarStationWagonJeep,2018.0,HOND,ACCORD,GRY,False,,,,,,,,2,4.0,4.0,False
3089573,1612358,1,Driver,True,False,False,L,AIR BAG DEPLOYED,G,OCCUPANT LAP SHOULDER HARNESS USED,CELL PHONE NOT IN USE,NONE APPARENT,,N,US-101,65.0,B,PROCEEDING STRAIGHT,A,HAD NOT BEEN DRINKING,,,M,MALE,69.0,C,CA,A,ASIAN,1.0,PassengerCarStationWagonJeep,2017.0,HOND,PILOT,WHI,False,,,,,,,,2,4.0,4.0,False
3089507,1612312,2,Driver,,False,False,M,AIR BAG NOT DEPLOYED,G,OCCUPANT LAP SHOULDER HARNESS USED,CELL PHONE NOT IN USE,STOP & GO TRAFFIC,,S,I-280,65.0,A,STOPPED,A,HAD NOT BEEN DRINKING,,,M,MALE,32.0,C,CA,A,ASIAN,1.0,PassengerCarStationWagonJeep,2021.0,TESL,3,BLK,False,,,,,,,,4,5.0,5.0,False
3089506,1612312,1,Driver,True,False,True,B,UNKNOWN,B,OCCUPANT UNKNOWN,CELL PHONE USE UNKNOWN,STOP & GO TRAFFIC,,S,I-280,65.0,B,PROCEEDING STRAIGHT,G,IMPAIRMENT_NOT_KNOWN,,,,,,,,,,99.0,OtherUnknownHitAndRunDriver,,UNKNOWN,,,False,,,,,,,,4,5.0,5.0,False
3089505,1612311,2,Driver,,False,False,M,AIR BAG NOT DEPLOYED,G,OCCUPANT LAP SHOULDER HARNESS USED,CELL PHONE NOT IN USE,NONE APPARENT,,N,I-280,65.0,B,PROCEEDING STRAIGHT,A,HAD NOT BEEN DRINKING,,,M,MALE,64.0,C,CA,B,BLACK,26.0,TwoAxleTruck,2020.0,INTL,V607,YEL,False,,,,,,,,2,4.0,4.0,False
3089504,1612311,1,Driver,True,False,True,B,UNKNOWN,B,OCCUPANT UNKNOWN,CELL PHONE USE UNKNOWN,NONE APPARENT,,N,I-280,65.0,M,OTHER UNSAFE TURNING,G,IMPAIRMENT_NOT_KNOWN,,,,,,,,,,1.0,PassengerCarStationWagonJeep,2017.0,SUBA,CROSSTREK,BLK,False,,,,,,,,3,4.0,4.0,False
3089363,1612203,1,Driver,True,False,False,L,AIR BAG DEPLOYED,G,OCCUPANT LAP SHOULDER HARNESS USED,CELL PHONE NOT IN USE,NONE APPARENT,,N,US-101,65.0,B,PROCEEDING STRAIGHT,A,HAD NOT BEEN DRINKING,,,M,MALE,32.0,C,CA,A,ASIAN,1.0,PassengerCarStationWagonJeep,2020.0,TESL,MODEL Y,WHI,True,,,,,,,,2,4.0,4.0,False
3089172,1612095,2,Driver,,False,False,L,AIR BAG DEPLOYED,G,OCCUPANT LAP SHOULDER HARNESS USED,CELL PHONE NOT IN USE,NONE APPARENT,,S,US-101,65.0,B,PROCEEDING STRAIGHT,A,HAD NOT BEEN DRINKING,,,F,FEMALE,68.0,C,CA,A,ASIAN,1.0,PassengerCarStationWagonJeep,2012.0,TOYT,PRIUS,SIL,True,,,,,,,,2,4.0,4.0,False
3089171,1612095,1,Driver,True,False,False,M,AIR BAG NOT DEPLOYED,G,OCCUPANT LAP SHOULDER HARNESS USED,CELL PHONE NOT IN USE,VC SECTION VIOLATED - VC 22350,,S,US-101,65.0,B,PROCEEDING STRAIGHT,B,HBD-UNDER INFLUENCE,,,M,MALE,32.0,U,CA,H,HISPANIC,7.0,SportUtilityVehicle,2002.0,TOYT,RAV4,SIL,True,,,,,,,,2,4.0,4.0,False
3088832,1611901,1,Driver,True,False,False,M,AIR BAG NOT DEPLOYED,G,OCCUPANT LAP SHOULDER HARNESS USED,CELL PHONE NOT IN USE,NONE APPARENT,,S,SR-87,65.0,M,OTHER UNSAFE TURNING,A,HAD NOT BEEN DRINKING,,,M,MALE,45.0,C,CA,H,HISPANIC,22.0,PickupsAndPanels,2007.0,FORD,F150,WHI,True,35.0,UtilityTrailer,1985.0,BIG TEX,14 TL,BLK,,3,3.0,3.0,False
3088702,1611833,1,Driver,True,False,False,L,AIR BAG DEPLOYED,G,OCCUPANT LAP SHOULDER HARNESS USED,CELL PHONE NOT IN USE,ENTERING OR LEAVING RAMP,,N,SR-85,65.0,M,OTHER UNSAFE TURNING,B,HBD-UNDER INFLUENCE,,,M,MALE,39.0,C,CA,W,WHITE,1.0,PassengerCarStationWagonJeep,2003.0,HOND,S2000,BLU,True,,,,,,,,2,2.0,2.0,False
3087553,1611214,2,Driver,,False,False,M,AIR BAG NOT DEPLOYED,G,OCCUPANT LAP SHOULDER HARNESS USED,CELL PHONE NOT IN USE,NONE APPARENT,,S,US-101,65.0,B,PROCEEDING STRAIGHT,A,HAD NOT BEEN DRINKING,,,M,MALE,19.0,F,UT,W,WHITE,1.0,PassengerCarStationWagonJeep,1999.0,FORD,MUSTANG,YEL,True,,,,,,,,1,6.0,6.0,False
3087552,1611214,1,Driver,True,False,False,L,AIR BAG DEPLOYED,G,OCCUPANT LAP SHOULDER HARNESS USED,CELL PHONE NOT IN USE,NONE APPARENT,,S,US-101,65.0,J,CHANGING LANES,A,HAD NOT BEEN DRINKING,,,F,FEMALE,31.0,C,CA,H,HISPANIC,1.0,PassengerCarStationWagonJeep,2015.0,LEXS,CT200H,WHI,True,,,,,,,,2,6.0,6.0,False
3087551,1611213,2,Driver,,False,False,M,AIR BAG NOT DEPLOYED,G,OCCUPANT LAP SHOULDER HARNESS USED,CELL PHONE NOT IN USE,NONE APPARENT,,S,US-101,55.0,B,PROCEEDING STRAIGHT,A,HAD NOT BEEN DRINKING,,,M,MALE,39.0,F,AZ,W,WHITE,33.0,TwoTrailersIncludesSemiAndPull,2016.0,PTRB,TRUCK TRACTOR- DIESEL,WHI,False,,,,,,,,4,5.0,6.0,False
3087550,1611213,1,Driver,True,False,False,M,AIR BAG NOT DEPLOYED,G,OCCUPANT LAP SHOULDER HARNESS USED,CELL PHONE NOT IN USE,NONE APPARENT,,S,US-101,65.0,P,MERGING,A,HAD NOT BEEN DRINKING,,,F,FEMALE,59.0,C,CA,B,BLACK,1.0,PassengerCarStationWagonJeep,2019.0,LEXS,ES330,TAN,False,,,,,,,,5,5.0,6.0,False
3087549,1611212,3,Driver,,False,False,M,AIR BAG NOT DEPLOYED,G,OCCUPANT LAP SHOULDER HARNESS USED,CELL PHONE NOT IN USE,NONE APPARENT,,S,US-101,65.0,B,PROCEEDING STRAIGHT,A,HAD NOT BEEN DRINKING,,,M,MALE,63.0,C,CA,H,HISPANIC,7.0,SportUtilityVehicle,2007.0,TOYT,RAV4,SIL,False,,,,,,,,4,5.0,5.0,False
3087548,1611212,2,Driver,,False,False,M,AIR BAG NOT DEPLOYED,G,OCCUPANT LAP SHOULDER HARNESS USED,CELL PHONE NOT IN USE,NONE APPARENT,,S,US-101,65.0,B,PROCEEDING STRAIGHT,A,HAD NOT BEEN DRINKING,,,M,MALE,71.0,C,CA,B,BLACK,1.0,PassengerCarStationWagonJeep,1997.0,BMW,528i,BLU,False,,,,,,,,4,5.0,5.0,False
3087547,1611212,1,Driver,True,False,True,B,UNKNOWN,B,OCCUPANT UNKNOWN,CELL PHONE USE UNKNOWN,NONE APPARENT,,S,US-101,65.0,B,PROCEEDING STRAIGHT,G,IMPAIRMENT_NOT_KNOWN,,,,,,,,,,99.0,OtherUnknownHitAndRunDriver,,,,,False,,,,,,,,4,5.0,5.0,False
3087544,1611210,2,Driver,,False,False,M,AIR BAG NOT DEPLOYED,G,OCCUPANT LAP SHOULDER HARNESS USED,CELL PHONE NOT IN USE,NONE APPARENT,,S,US-101,65.0,B,PROCEEDING STRAIGHT,A,HAD NOT BEEN DRINKING,,,F,FEMALE,25.0,C,CA,H,HISPANIC,7.0,SportUtilityVehicle,2004.0,DODG,DAKOTA,BLU,False,,,,,,,,4,5.0,5.0,False
3087543,1611210,1,Driver,True,False,True,B,UNKNOWN,B,OCCUPANT UNKNOWN,CELL PHONE USE UNKNOWN,PREVIOUS COLLISION,,S,US-101,65.0,M,OTHER UNSAFE TURNING,G,IMPAIRMENT_NOT_KNOWN,,,,,,,,,,99.0,OtherUnknownHitAndRunDriver,,,,,False,,,,,,,,4,5.0,5.0,False
3087535,1611205,2,Driver,,False,False,M,AIR BAG NOT DEPLOYED,G,OCCUPANT LAP SHOULDER HARNESS USED,CELL PHONE NOT IN USE,NONE APPARENT,,S,I-880,65.0,B,PROCEEDING STRAIGHT,A,HAD NOT BEEN DRINKING,,,M,MALE,49.0,C,CA,W,WHITE,22.0,PickupsAndPanels,2019.0,DODG,RAM 1500 PU,WHI,False,,,,,,,,4,3.0,4.0,False
3087534,1611205,1,Driver,True,False,False,M,AIR BAG NOT DEPLOYED,G,OCCUPANT LAP SHOULDER HARNESS USED,CELL PHONE NOT IN USE,NONE APPARENT,,S,I-880,65.0,B,PROCEEDING STRAIGHT,A,HAD NOT BEEN DRINKING,,,M,MALE,19.0,C,CA,H,HISPANIC,1.0,PassengerCarStationWagonJeep,2008.0,NISS,ALTIMA,SIL,False,,,,,,,,2,3.0,4.0,False
3087529,1611202,3,Driver,,False,False,M,AIR BAG NOT DEPLOYED,G,OCCUPANT LAP SHOULDER HARNESS USED,CELL PHONE NOT IN USE,NONE APPARENT,,N,I-280,65.0,B,PROCEEDING STRAIGHT,A,HAD NOT BEEN DRINKING,,,M,MALE,50.0,C,CA,H,HISPANIC,22.0,PickupsAndPanels,2001.0,FORD,F150,RED,True,,,,,,,,3,4.0,5.0,False
3087528,1611202,2,Driver,,False,True,B,UNKNOWN,B,OCCUPANT UNKNOWN,CELL PHONE USE UNKNOWN,NONE APPARENT,,N,I-280,65.0,B,PROCEEDING STRAIGHT,G,IMPAIRMENT_NOT_KNOWN,,,,,,,,,,99.0,OtherUnknownHitAndRunDriver,,,,,False,,,,,,,,4,4.0,5.0,False
3087527,1611202,1,Driver,True,False,True,B,UNKNOWN,B,OCCUPANT UNKNOWN,CELL PHONE USE UNKNOWN,NONE APPARENT,,N,I-280,65.0,J,CHANGING LANES,G,IMPAIRMENT_NOT_KNOWN,,,,,,,,,,99.0,OtherUnknownHitAndRunDriver,,,,,False,,,,,,,,5,4.0,5.0,False
3087526,1611201,2,Driver,,False,False,M,AIR BAG NOT DEPLOYED,G,OCCUPANT LAP SHOULDER HARNESS USED,CELL PHONE NOT IN USE,NONE APPARENT,,S,US-101,65.0,B,PROCEEDING STRAIGHT,A,HAD NOT BEEN DRINKING,,,F,FEMALE,31.0,C,CA,W,WHITE,1.0,PassengerCarStationWagonJeep,2016.0,MAZD,MAZDA3,WHI,False,,,,,,,,4,4.0,45.0,False
3087525,1611201,1,Driver,True,False,True,B,UNKNOWN,B,OCCUPANT UNKNOWN,CELL PHONE USE UNKNOWN,NONE APPARENT,,S,US-101,65.0,J,CHANGING LANES,G,IMPAIRMENT_NOT_KNOWN,,,,,,,,,,99.0,OtherUnknownHitAndRunDriver,,,,,False,,,,,,,,5,5.0,6.0,False
3087515,1611195,2,ParkedVehicle,,False,False,,,,,,NONE APPARENT,,N,SR-87`,65.0,O,PARKED,H,NOT APPLICABLE,,,,,,,,,,8.0,MiniVan,2007.0,NISS,QUEST,MAR,True,,,,,,,,RT-SHLD,3.0,3.0,False
3087514,1611195,1,Driver,True,False,False,M,AIR BAG NOT DEPLOYED,G,OCCUPANT LAP SHOULDER HARNESS USED,CELL PHONE NOT IN USE,NONE APPARENT,,N,SR-87,65.0,M,OTHER UNSAFE TURNING,A,HAD NOT BEEN DRINKING,,,M,MALE,53.0,C,CA,W,WHITE,22.0,PickupsAndPanels,2004.0,DODG,RAM 1500 PU,SIL,True,,,,,,,,3,3.0,3.0,False
3087475,1611169,1,Driver,True,False,False,M,AIR BAG NOT DEPLOYED,E,OCCUPANT SHOULDER HARNESS USED,CELL PHONE NOT IN USE,NONE APPARENT,,N,US-101,65.0,B,PROCEEDING STRAIGHT,A,HAD NOT BEEN DRINKING,,,F,FEMALE,25.0,C,CA,W,WHITE,1.0,PassengerCarStationWagonJeep,2021.0,HOND,ACCORD,WHI,True,,,,,,,,N/B,1.0,4.0,False
3087326,1611081,2,Driver,,False,False,M,AIR BAG NOT DEPLOYED,G,OCCUPANT LAP SHOULDER HARNESS USED,CELL PHONE NOT IN USE,NONE APPARENT,,N,SR-87,65.0,B,PROCEEDING STRAIGHT,A,HAD NOT BEEN DRINKING,,,M,MALE,28.0,C,CA,A,ASIAN,1.0,PassengerCarStationWagonJeep,2020.0,TOYT,CAMRY,BLK,False,,,,,,,,2,3.0,3.0,False
3087325,1611081,1,Driver,True,False,False,M,AIR BAG NOT DEPLOYED,G,OCCUPANT LAP SHOULDER HARNESS USED,CELL PHONE NOT IN USE,NONE APPARENT,,N,SR-87,65.0,J,CHANGING LANES,G,IMPAIRMENT_NOT_KNOWN,,,M,MALE,37.0,C,CA,B,BLACK,1.0,PassengerCarStationWagonJeep,2018.0,HOND,CIVIC,GRY,False,,,,,,,,1,3.0,3.0,False
3087153,1610985,2,Driver,,False,False,M,AIR BAG NOT DEPLOYED,G,OCCUPANT LAP SHOULDER HARNESS USED,CELL PHONE NOT IN USE,NONE APPARENT,,S,US-101,65.0,B,PROCEEDING STRAIGHT,A,HAD NOT BEEN DRINKING,,,M,MALE,36.0,C,CA,O,OTHER,7.0,SportUtilityVehicle,2020.0,TESL,MODEL X,WHI,False,,,,,,,,2,5.0,5.0,False
3087152,1610985,1,Driver,True,False,False,M,AIR BAG NOT DEPLOYED,G,OCCUPANT LAP SHOULDER HARNESS USED,CELL PHONE NOT IN USE,NONE APPARENT,,S,US-101,65.0,M,OTHER UNSAFE TURNING,A,HAD NOT BEEN DRINKING,,,M,MALE,38.0,C,CA,A,ASIAN,1.0,PassengerCarStationWagonJeep,2000.0,TOYT,CAMRY,BLK,True,,,,,,,,3,5.0,5.0,False
3087106,1610961,1,Driver,True,False,False,L,AIR BAG DEPLOYED,G,OCCUPANT LAP SHOULDER HARNESS USED,CELL PHONE NOT IN USE,NONE APPARENT,,S,SR-87 S/B,65.0,B,PROCEEDING STRAIGHT,A,HAD NOT BEEN DRINKING,,,M,MALE,17.0,C,CA,O,OTHER,1.0,PassengerCarStationWagonJeep,2013.0,MERZ,C240,WHI,True,,,,,,,,HOV,2.0,3.0,False
3086777,1610769,1,Driver,True,False,False,L,AIR BAG DEPLOYED,G,OCCUPANT LAP SHOULDER HARNESS USED,CELL PHONE NOT IN USE,VC SECTION VIOLATED - VC 22350,,S,SR-87,65.0,B,PROCEEDING STRAIGHT,B,HBD-UNDER INFLUENCE,,,M,MALE,24.0,U,CA,H,HISPANIC,1.0,PassengerCarStationWagonJeep,2007.0,TOYT,Camry,GRY,False,,,,,,,,1,3.0,3.0,False
3086772,1610766,3,Driver,,False,False,M,AIR BAG NOT DEPLOYED,G,OCCUPANT LAP SHOULDER HARNESS USED,CELL PHONE NOT IN USE,NONE APPARENT,,N,I-280,65.0,B,PROCEEDING STRAIGHT,A,HAD NOT BEEN DRINKING,,,F,FEMALE,79.0,U,CA,W,WHITE,1.0,PassengerCarStationWagonJeep,2018.0,TOYT,CAMRY,GRY,True,,,,,,,,4,5.0,5.0,False
3086771,1610766,2,Driver,,False,False,M,AIR BAG NOT DEPLOYED,G,OCCUPANT LAP SHOULDER HARNESS USED,CELL PHONE USE UNKNOWN,NONE APPARENT,,N,I-280,65.0,B,PROCEEDING STRAIGHT,G,IMPAIRMENT_NOT_KNOWN,,,M,MALE,72.0,C,CA,A,ASIAN,7.0,SportUtilityVehicle,2017.0,ACUR,RDX,GRY,False,,,,,,,,2,5.0,5.0,False
3086770,1610766,1,Driver,True,False,False,M,AIR BAG NOT DEPLOYED,G,OCCUPANT LAP SHOULDER HARNESS USED,CELL PHONE USE UNKNOWN,NONE APPARENT,,N,I-280,65.0,M,OTHER UNSAFE TURNING,G,IMPAIRMENT_NOT_KNOWN,,,M,MALE,27.0,U,CA,H,HISPANIC,1.0,PassengerCarStationWagonJeep,1996.0,HOND,CIVIC,BLK,False,,,,,,,,3,5.0,5.0,False
3086738,1610749,2,Driver,,False,False,M,AIR BAG NOT DEPLOYED,G,OCCUPANT LAP SHOULDER HARNESS USED,CELL PHONE NOT IN USE,NONE APPARENT,,S,US-101 S/B,65.0,B,PROCEEDING STRAIGHT,A,HAD NOT BEEN DRINKING,,,F,FEMALE,52.0,C,CA,W,WHITE,1.0,PassengerCarStationWagonJeep,2015.0,AUDI,A3,BLK,False,,,,,,,,3,3.0,4.0,False
3086737,1610749,1,Driver,True,False,False,M,AIR BAG NOT DEPLOYED,G,OCCUPANT LAP SHOULDER HARNESS USED,CELL PHONE NOT IN USE,NONE APPARENT,,S,US-101 S/B,65.0,B,PROCEEDING STRAIGHT,A,HAD NOT BEEN DRINKING,,,M,MALE,21.0,U,CA,H,HISPANIC,8.0,MiniVan,2015.0,FORD,TRANSIT,WHI,False,,,,,,,,3,3.0,4.0,False
3086567,1610647,2,Driver,,False,False,M,AIR BAG NOT DEPLOYED,G,OCCUPANT LAP SHOULDER HARNESS USED,CELL PHONE NOT IN USE,NONE APPARENT,,S,SR-87,65.0,A,STOPPED,A,HAD NOT BEEN DRINKING,,,F,FEMALE,57.0,C,CA,H,HISPANIC,1.0,PassengerCarStationWagonJeep,2010.0,TOYT,COROLLA,GRY,False,,,,,,,,2,2.0,2.0,False
3086566,1610647,1,Driver,True,False,True,B,UNKNOWN,B,OCCUPANT UNKNOWN,CELL PHONE USE UNKNOWN,NONE APPARENT,,S,SR-87,65.0,B,PROCEEDING STRAIGHT,G,IMPAIRMENT_NOT_KNOWN,,,U,UNKNOWN,,,,,,99.0,OtherUnknownHitAndRunDriver,,UNKNOWN,,,False,,,,,,,,2,2.0,2.0,False
3086012,1610336,3,Driver,,False,False,L,AIR BAG DEPLOYED,G,OCCUPANT LAP SHOULDER HARNESS USED,CELL PHONE NOT IN USE,NONE APPARENT,,S,1-280,65.0,B,PROCEEDING STRAIGHT,A,HAD NOT BEEN DRINKING,,,M,MALE,81.0,C,CA,H,HISPANIC,1.0,PassengerCarStationWagonJeep,2017.0,HOND,Accord,WHI,True,,,,,,,,1,5.0,5.0,False
3086011,1610336,2,Driver,,False,False,L,AIR BAG DEPLOYED,G,OCCUPANT LAP SHOULDER HARNESS USED,CELL PHONE NOT IN USE,NONE APPARENT,,S,I-280,65.0,B,PROCEEDING STRAIGHT,A,HAD NOT BEEN DRINKING,,,F,FEMALE,21.0,C,CA,H,HISPANIC,1.0,PassengerCarStationWagonJeep,2014.0,VOLK,Beetle,BRO,True,,,,,,,,3,5.0,5.0,False
3086010,1610336,1,Driver,True,False,False,M,AIR BAG NOT DEPLOYED,G,OCCUPANT LAP SHOULDER HARNESS USED,CELL PHONE NOT IN USE,ENTERING OR LEAVING RAMP,,S,I-280,65.0,P,MERGING,A,HAD NOT BEEN DRINKING,,,M,MALE,28.0,C,CA,H,HISPANIC,7.0,SportUtilityVehicle,1998.0,LINCOLN,NAVIGATOR,BLK,True,,,,,,,,5,5.0,5.0,False
3086002,1610331,2,Driver,,False,False,M,AIR BAG NOT DEPLOYED,G,OCCUPANT LAP SHOULDER HARNESS USED,CELL PHONE NOT IN USE,ENTERING OR LEAVING RAMP,,N,I-880,65.0,B,PROCEEDING STRAIGHT,A,HAD NOT BEEN DRINKING,,,F,FEMALE,22.0,C,CA,H,HISPANIC,1.0,PassengerCarStationWagonJeep,2017.0,VOLK,JETTA,SIL,False,,,,,,,,AUX,1.0,2.0,False
3086001,1610331,1,Driver,True,False,True,B,UNKNOWN,B,OCCUPANT UNKNOWN,CELL PHONE USE UNKNOWN,ENTERING OR LEAVING RAMP,,N,I-880,65.0,M,OTHER UNSAFE TURNING,G,IMPAIRMENT_NOT_KNOWN,,,,,,,,,,99.0,OtherUnknownHitAndRunDriver,,,,,False,,,,,,,,AUX,1.0,2.0,False
3085995,1610326,2,Driver,,False,False,L,AIR BAG DEPLOYED,G,OCCUPANT LAP SHOULDER HARNESS USED,CELL PHONE NOT IN USE,NONE APPARENT,,N,US-101,65.0,B,PROCEEDING STRAIGHT,A,HAD NOT BEEN DRINKING,,,M,MALE,26.0,C,CA,H,HISPANIC,1.0,PassengerCarStationWagonJeep,2017.0,HOND,CIVIC,GRY,False,,,,,,,,4,4.0,4.0,False
3085994,1610326,1,Driver,True,False,False,L,AIR BAG DEPLOYED,G,OCCUPANT LAP SHOULDER HARNESS USED,CELL PHONE HANDSFREE IN USE,NONE APPARENT,,N,US-101,65.0,B,PROCEEDING STRAIGHT,A,HAD NOT BEEN DRINKING,,,M,MALE,26.0,C,CA,H,HISPANIC,1.0,PassengerCarStationWagonJeep,2018.0,HOND,CIVIC,GRY,False,,,,,,,,4,4.0,4.0,False
3085982,1610319,1,Driver,,False,False,L,AIR BAG DEPLOYED,G,OCCUPANT LAP SHOULDER HARNESS USED,CELL PHONE NOT IN USE,NONE APPARENT,,N,US-101,65.0,C,RAN OFF ROAD,G,IMPAIRMENT_NOT_KNOWN,,,F,FEMALE,48.0,C,CA,W,WHITE,1.0,PassengerCarStationWagonJeep,2012.0,TOYT,PRIUS,GRN,True,,,,,,,,4,4.0,4.0,False
3085965,1610309,3,Other,,False,False,L,AIR BAG DEPLOYED,P,NOT REQUIRED,,PREVIOUS COLLISION,,E,SR-237,65.0,A,STOPPED,H,NOT APPLICABLE,,,,,,,,,,1.0,PassengerCarStationWagonJeep,2014.0,HOND,ACCORD,BLK,True,,,,,,,,3,3.0,3.0,False
3085964,1610309,2,Driver,,False,False,L,AIR BAG DEPLOYED,G,OCCUPANT LAP SHOULDER HARNESS USED,CELL PHONE NOT IN USE,NONE APPARENT,,E,SR-237,65.0,A,STOPPED,A,HAD NOT BEEN DRINKING,,,M,MALE,19.0,U,,H,HISPANIC,1.0,PassengerCarStationWagonJeep,2006.0,INFI,G35,GRY,False,,,,,,,,3,3.0,3.0,False
3085963,1610309,1,Driver,True,False,False,L,AIR BAG DEPLOYED,G,OCCUPANT LAP SHOULDER HARNESS USED,CELL PHONE NOT IN USE,NONE APPARENT,,E,SR-237,65.0,B,PROCEEDING STRAIGHT,A,HAD NOT BEEN DRINKING,,,F,FEMALE,31.0,C,CA,W,WHITE,1.0,PassengerCarStationWagonJeep,2011.0,ACUR,TSX,BLK,False,,,,,,,,3,3.0,3.0,False
3084921,1609286,1,Driver,True,False,False,L,AIR BAG DEPLOYED,G,OCCUPANT LAP SHOULDER HARNESS USED,CELL PHONE NOT IN USE,ENTERING OR LEAVING RAMP,,N,I-280,65.0,M,OTHER UNSAFE TURNING,A,HAD NOT BEEN DRINKING,,,M,MALE,92.0,C,CA,W,WHITE,7.0,SportUtilityVehicle,2004.0,GMC,ENVOY,RED,True,,,,,,,,4,4.0,4.0,False
3084908,1609280,1,Driver,True,False,False,L,AIR BAG DEPLOYED,G,OCCUPANT LAP SHOULDER HARNESS USED,CELL PHONE NOT IN USE,NONE APPARENT,,N,US-101 ,65.0,R,OTHER,A,HAD NOT BEEN DRINKING,,,F,FEMALE,28.0,C,CA,H,HISPANIC,7.0,SportUtilityVehicle,2006.0,HOND,PILOT,SIL,True,,,,,,,,3,4.0,4.0,False
3084907,1609279,2,Driver,,False,False,M,AIR BAG NOT DEPLOYED,G,OCCUPANT LAP SHOULDER HARNESS USED,CELL PHONE NOT IN USE,NONE APPARENT,,N,I-880,65.0,B,PROCEEDING STRAIGHT,A,HAD NOT BEEN DRINKING,,,M,MALE,28.0,C,CA,H,HISPANIC,7.0,SportUtilityVehicle,2015.0,AUDI,Q5,BLK,False,,,,,,,,4,5.0,5.0,False
3084906,1609279,1,Driver,True,False,True,B,UNKNOWN,B,OCCUPANT UNKNOWN,CELL PHONE NOT IN USE,NONE APPARENT,,N,I-880,65.0,J,CHANGING LANES,G,IMPAIRMENT_NOT_KNOWN,,,,,,,,,,99.0,OtherUnknownHitAndRunDriver,,UNKNOWN,,,False,,,,,,,,3,5.0,5.0,False
3084898,1609274,1,Driver,True,False,False,M,AIR BAG NOT DEPLOYED,G,OCCUPANT LAP SHOULDER HARNESS USED,CELL PHONE NOT IN USE,PREVIOUS COLLISION,,S,US-101,65.0,M,OTHER UNSAFE TURNING,A,HAD NOT BEEN DRINKING,,,M,MALE,38.0,C,CA,A,ASIAN,1.0,PassengerCarStationWagonJeep,2000.0,TOYT,CAMRY,BLK,True,,,,,,,,5,5.0,6.0,False
3084886,1609266,3,Driver,,False,False,M,AIR BAG NOT DEPLOYED,G,OCCUPANT LAP SHOULDER HARNESS USED,CELL PHONE NOT IN USE,NONE APPARENT,,S,I680,65.0,B,PROCEEDING STRAIGHT,A,HAD NOT BEEN DRINKING,,,M,MALE,46.0,U,CA,H,HISPANIC,7.0,SportUtilityVehicle,2007.0,HOND,ELEMENT,GRY,False,,,,,,,,1,3.0,4.0,False
3084885,1609266,2,Driver,,False,False,L,AIR BAG DEPLOYED,G,OCCUPANT LAP SHOULDER HARNESS USED,CELL PHONE NOT IN USE,NONE APPARENT,,S,I680,65.0,B,PROCEEDING STRAIGHT,A,HAD NOT BEEN DRINKING,,,M,MALE,26.0,C,CA,H,HISPANIC,1.0,PassengerCarStationWagonJeep,2018.0,HOND,CIVIC,GRY,False,,,,,,,,1,3.0,4.0,False
3084884,1609266,1,Driver,True,False,False,M,AIR BAG NOT DEPLOYED,G,OCCUPANT LAP SHOULDER HARNESS USED,CELL PHONE NOT IN USE,NONE APPARENT,,S,I680,65.0,B,PROCEEDING STRAIGHT,A,HAD NOT BEEN DRINKING,,,F,FEMALE,24.0,C,CA,H,HISPANIC,7.0,SportUtilityVehicle,2016.0,TOYT,HIGHLANDER,SIL,False,,,,,,,,1,3.0,4.0,False
3084857,1609248,2,Driver,,False,False,M,AIR BAG NOT DEPLOYED,G,OCCUPANT LAP SHOULDER HARNESS USED,CELL PHONE NOT IN USE,NONE APPARENT,,S,I-880,65.0,A,STOPPED,A,HAD NOT BEEN DRINKING,,,F,FEMALE,29.0,C,CA,H,HISPANIC,8.0,MiniVan,2020.0,DODG,CARAVAN,BLK,False,,,,,,,,HOV,4.0,5.0,False