PartyId,CollisionId,PartyNumber,PartyType,IsAtFault,IsOnDutyEmergencyVehicle,IsHitAndRun,AirbagCode,AirbagDescription,SafetyEquipmentCode,SafetyEquipmentDescription,Special Information,Other Associate Factor,Inattention,DirectionOfTravel,StreetOrHighwayName,SpeedLimit,MovementPrecCollCode,MovementPrecCollDescription,SobrietyDrugPhysicalCode1,SobrietyDrugPhysicalDescription1,SobrietyDrugPhysicalCode2,SobrietyDrugPhysicalDescription2,GenderCode,GenderDescription,StatedAge,DriverLicenseClass,DriverLicenseStateCode,RaceCode,RaceDesc,Vehicle1TypeId, Vehicle1TypeDesc, Vehicle1Year,Vehicle1Make,Vehicle1Model,Vehicle1Color,V1IsVehicleTowed,Vehicle2TypeId, Vehicle2TypeDesc, Vehicle2Year,Vehicle2Make,Vehicle2Model,Vehicle2Color,V2IsVehicleTowed,Lane,ThruLanes,TotalLanes,IsDREConducted
3135209,1637388,2,Driver,,False,False,M,AIR BAG NOT DEPLOYED,G,OCCUPANT LAP SHOULDER HARNESS USED,CELL PHONE NOT IN USE,STOP & GO TRAFFIC,,S,SR-17,65.0,A,STOPPED,A,HAD NOT BEEN DRINKING,,,M,MALE,57.0,C,CA,B,BLACK,7.0,SportUtilityVehicle,2021.0,NISS,ROGUE,SIL,False,,,,,,,,2,2.0,2.0,False
3135208,1637388,1,Driver,True,False,False,M,AIR BAG NOT DEPLOYED,G,OCCUPANT LAP SHOULDER HARNESS USED,CELL PHONE NOT IN USE,STOP & GO TRAFFIC,,S,SR-17,65.0,B,PROCEEDING STRAIGHT,A,HAD NOT BEEN DRINKING,,,F,FEMALE,53.0,C,CA,A,ASIAN,7.0,SportUtilityVehicle,2013.0,ACURA ,RDX,GRY,False,,,,,,,,2,2.0,2.0,False
3135048,1637305,2,Driver,,False,False,M,AIR BAG NOT DEPLOYED,G,OCCUPANT LAP SHOULDER HARNESS USED,CELL PHONE NOT IN USE,NONE APPARENT,,N,I-680,65.0,H,SLOWING/STOPPING,A,HAD NOT BEEN DRINKING,,,M,MALE,69.0,C,CA,A,ASIAN,7.0,SportUtilityVehicle,2006.0,ACUR,MDX,SIL,True,,,,,,,,AUX,4.0,5.0,False
3135047,1637305,1,Driver,True,False,False,L,AIR BAG DEPLOYED,G,OCCUPANT LAP SHOULDER HARNESS USED,CELL PHONE NOT IN USE,NONE APPARENT,,N,I-680,65.0,B,PROCEEDING STRAIGHT,A,HAD NOT BEEN DRINKING,,,M,MALE,23.0,C,CA,A,ASIAN,1.0,PassengerCarStationWagonJeep,2013.0,TOYT,Prius,SIL,True,,,,,,,,AUX,4.0,5.0,False
3134961,1637258,3,Driver,,False,False,M,AIR BAG NOT DEPLOYED,G,OCCUPANT LAP SHOULDER HARNESS USED,CELL PHONE NOT IN USE,NONE APPARENT,,N,I-280,65.0,B,PROCEEDING STRAIGHT,A,HAD NOT BEEN DRINKING,,,M,MALE,41.0,C,CA,H,HISPANIC,7.0,SportUtilityVehicle,2020.0,NISS,ROGUE,SIL,False,,,,,,,,5,5.0,5.0,False
3134960,1637258,2,Driver,,False,False,M,AIR BAG NOT DEPLOYED,G,OCCUPANT LAP SHOULDER HARNESS USED,CELL PHONE NOT IN USE,NONE APPARENT,,N,I-280,65.0,B,PROCEEDING STRAIGHT,A,HAD NOT BEEN DRINKING,,,F,FEMALE,46.0,U,,H,HISPANIC,7.0,SportUtilityVehicle,2004.0,LEXS,RX330,BLU,False,,,,,,,,5,5.0,5.0,False
3134959,1637258,1,Driver,True,False,False,L,AIR BAG DEPLOYED,G,OCCUPANT LAP SHOULDER HARNESS USED,CELL PHONE NOT IN USE,NONE APPARENT,,N,I-280,65.0,B,PROCEEDING STRAIGHT,A,HAD NOT BEEN DRINKING,,,M,MALE,59.0,C,CA,O,OTHER,7.0,SportUtilityVehicle,2004.0,ACUR,MDX,BLU,True,,,,,,,,5,5.0,5.0,False
3134923,1637233,2,Driver,,False,False,M,AIR BAG NOT DEPLOYED,G,OCCUPANT LAP SHOULDER HARNESS USED,CELL PHONE NOT IN USE,STOP & GO TRAFFIC,,S,US-101,65.0,H,SLOWING/STOPPING,A,HAD NOT BEEN DRINKING,,,M,MALE,38.0,C,CA,H,HISPANIC,7.0,SportUtilityVehicle,2001.0,NISS,ROGUE,SIL,False,,,,,,,,3,3.0,5.0,False
3134922,1637233,1,Driver,True,False,False,M,AIR BAG NOT DEPLOYED,G,OCCUPANT LAP SHOULDER HARNESS USED,CELL PHONE NOT IN USE,STOP & GO TRAFFIC,,S,US-101,65.0,B,PROCEEDING STRAIGHT,A,HAD NOT BEEN DRINKING,,,F,FEMALE,59.0,C,CA,H,HISPANIC,7.0,SportUtilityVehicle,2003.0,TOYT,HIGHLANDER,BLU,False,,,,,,,,3,3.0,5.0,False
3134815,1637178,2,Driver,,False,False,M,AIR BAG NOT DEPLOYED,G,OCCUPANT LAP SHOULDER HARNESS USED,CELL PHONE NOT IN USE,NONE APPARENT,,S,SR-85,65.0,B,PROCEEDING STRAIGHT,A,HAD NOT BEEN DRINKING,,,F,FEMALE,37.0,C,CA,A,ASIAN,7.0,SportUtilityVehicle,2021.0,HYUN,PALISADE,BLK,False,,,,,,,,2,3.0,3.0,False
3134814,1637178,1,Driver,True,False,True,B,UNKNOWN,B,OCCUPANT UNKNOWN,CELL PHONE USE UNKNOWN,NONE APPARENT,,S,SR-85,65.0,J,CHANGING LANES,G,IMPAIRMENT_NOT_KNOWN,,,,,,,,,,99.0,OtherUnknownHitAndRunDriver,,,,,False,,,,,,,,3,3.0,3.0,False
3134755,1637149,2,Driver,,False,False,M,AIR BAG NOT DEPLOYED,G,OCCUPANT LAP SHOULDER HARNESS USED,CELL PHONE NOT IN USE,NONE APPARENT,,N,SR-87 TO US-101,65.0,B,PROCEEDING STRAIGHT,A,HAD NOT BEEN DRINKING,,,M,MALE,53.0,C,CA,A,ASIAN,7.0,SportUtilityVehicle,2018.0,VOLK,ATLAS,WHI,False,,,,,,,,1,3.0,3.0,False
3134754,1637149,1,Driver,True,False,True,B,UNKNOWN,B,OCCUPANT UNKNOWN,CELL PHONE NOT IN USE,NONE APPARENT,,N,SR-87 TO US-101,65.0,B,PROCEEDING STRAIGHT,G,IMPAIRMENT_NOT_KNOWN,,,,,,,,,,99.0,OtherUnknownHitAndRunDriver,,,,,False,,,,,,,,1,3.0,3.0,False
3134732,1637137,2,Driver,,False,False,M,AIR BAG NOT DEPLOYED,G,OCCUPANT LAP SHOULDER HARNESS USED,CELL PHONE NOT IN USE,NONE APPARENT,,S,I-680,65.0,H,SLOWING/STOPPING,A,HAD NOT BEEN DRINKING,,,M,MALE,51.0,C,CA,H,HISPANIC,1.0,PassengerCarStationWagonJeep,2020.0,NISS,SENTRA,BLU,False,,,,,,,,6,6.0,6.0,False
3134731,1637137,1,Driver,True,False,False,M,AIR BAG NOT DEPLOYED,G,OCCUPANT LAP SHOULDER HARNESS USED,CELL PHONE NOT IN USE,NONE APPARENT,,S,I-680,65.0,B,PROCEEDING STRAIGHT,A,HAD NOT BEEN DRINKING,,,F,FEMALE,16.0,C,CA,A,ASIAN,1.0,PassengerCarStationWagonJeep,2005.0,TOYT,COROLLA,RED,False,,,,,,,,6,6.0,6.0,False
3134724,1637132,2,Driver,,False,False,M,AIR BAG NOT DEPLOYED,G,OCCUPANT LAP SHOULDER HARNESS USED,CELL PHONE NOT IN USE,NONE APPARENT,,W,SR-237,65.0,H,SLOWING/STOPPING,A,HAD NOT BEEN DRINKING,,,M,MALE,47.0,C,CA,O,OTHER,1.0,PassengerCarStationWagonJeep,2005.0,TOYT,CAMRY,BLU,False,,,,,,,,3,3.0,3.0,False
3134723,1637132,1,Driver,True,False,False,L,AIR BAG DEPLOYED,G,OCCUPANT LAP SHOULDER HARNESS USED,CELL PHONE NOT IN USE,NONE APPARENT,,W,SR-237,65.0,B,PROCEEDING STRAIGHT,A,HAD NOT BEEN DRINKING,,,M,MALE,32.0,C,CA,H,HISPANIC,23.0,PickupWithCamper,2019.0,NISS,FRONTIER,WHI,True,,,,,,,,3,3.0,3.0,False
3134699,1637120,2,Driver,,False,False,M,AIR BAG NOT DEPLOYED,G,OCCUPANT LAP SHOULDER HARNESS USED,CELL PHONE NOT IN USE,NONE APPARENT,,S,I-880,65.0,H,SLOWING/STOPPING,A,HAD NOT BEEN DRINKING,,,M,MALE,31.0,U,CA,B,BLACK,7.0,SportUtilityVehicle,2017.0,KIA,SPORTAGE,BLK,False,,,,,,,,2,4.0,4.0,False
3134698,1637120,1,Driver,True,False,False,M,AIR BAG NOT DEPLOYED,G,OCCUPANT LAP SHOULDER HARNESS USED,CELL PHONE NOT IN USE,NONE APPARENT,,S,I-880,65.0,B,PROCEEDING STRAIGHT,A,HAD NOT BEEN DRINKING,,,M,MALE,21.0,C,CA,H,HISPANIC,1.0,PassengerCarStationWagonJeep,2009.0,TOYT,COROLLA,WHI,True,,,,,,,,2,4.0,4.0,False
3134353,1636930,2,Driver,,False,False,M,AIR BAG NOT DEPLOYED,G,OCCUPANT LAP SHOULDER HARNESS USED,CELL PHONE NOT IN USE,NONE APPARENT,,N,SR-87,65.0,B,PROCEEDING STRAIGHT,A,HAD NOT BEEN DRINKING,,,M,MALE,52.0,C,CA,H,HISPANIC,22.0,PickupsAndPanels,2011.0,TOYT,Tundra,BLU,False,,,,,,,,2,3.0,3.0,False
3134352,1636930,1,Driver,True,False,True,,,B,OCCUPANT UNKNOWN,CELL PHONE USE UNKNOWN,NONE APPARENT,,N,SR-87,65.0,M,OTHER UNSAFE TURNING,G,IMPAIRMENT_NOT_KNOWN,,,,,,,,,,99.0,OtherUnknownHitAndRunDriver,,,,,False,,,,,,,,3,3.0,3.0,False
3152852,1646985,3,Driver,,False,False,M,AIR BAG NOT DEPLOYED,G,OCCUPANT LAP SHOULDER HARNESS USED,CELL PHONE NOT IN USE,NONE APPARENT,,N,I-280 N/B,65.0,A,STOPPED,A,HAD NOT BEEN DRINKING,,,F,FEMALE,24.0,C,CA,H,HISPANIC,1.0,PassengerCarStationWagonJeep,2006.0,HOND,ACCORD,SIL,False,,,,,,,,EXIT,4.0,5.0,False
3152851,1646985,2,Driver,,False,False,M,AIR BAG NOT DEPLOYED,G,OCCUPANT LAP SHOULDER HARNESS USED,CELL PHONE NOT IN USE,NONE APPARENT,,N,I-280 N/B,65.0,A,STOPPED,A,HAD NOT BEEN DRINKING,,,M,MALE,29.0,C,CA,H,HISPANIC,7.0,SportUtilityVehicle,2016.0,ACUR,MDX,BLK,False,,,,,,,,EXIT,4.0,5.0,False
3152850,1646985,1,Driver,True,False,False,L,AIR BAG DEPLOYED,G,OCCUPANT LAP SHOULDER HARNESS USED,CELL PHONE NOT IN USE,NONE APPARENT,,N,I-280 N/B,65.0,B,PROCEEDING STRAIGHT,A,HAD NOT BEEN DRINKING,,,F,FEMALE,35.0,C,CA,W,WHITE,1.0,PassengerCarStationWagonJeep,2014.0,MERZ,E350,WHI,True,,,,,,,,EXIT,4.0,5.0,False
3152839,1646979,2,Driver,,False,False,M,AIR BAG NOT DEPLOYED,G,OCCUPANT LAP SHOULDER HARNESS USED,CELL PHONE NOT IN USE,NONE APPARENT,,S,I-680,65.0,J,CHANGING LANES,A,HAD NOT BEEN DRINKING,,,F,FEMALE,37.0,U,CA,H,HISPANIC,7.0,SportUtilityVehicle,2007.0,HOND,CRV,GRY,False,,,,,,,,2,4.0,4.0,False
3152838,1646979,1,Driver,True,False,False,M,AIR BAG NOT DEPLOYED,G,OCCUPANT LAP SHOULDER HARNESS USED,CELL PHONE NOT IN USE,NONE APPARENT,,S,I-680,65.0,B,PROCEEDING STRAIGHT,A,HAD NOT BEEN DRINKING,,,F,FEMALE,19.0,C,CA,W,WHITE,1.0,PassengerCarStationWagonJeep,2014.0,MNNI,MINI COOPER,WHI,True,,,,,,,,2,4.0,4.0,False
3152815,1646966,3,Driver,,False,False,M,AIR BAG NOT DEPLOYED,G,OCCUPANT LAP SHOULDER HARNESS USED,CELL PHONE NOT IN USE,NONE APPARENT,,N,I-880,65.0,A,STOPPED,A,HAD NOT BEEN DRINKING,,,M,MALE,55.0,C,CA,W,WHITE,22.0,PickupsAndPanels,2018.0,CHEV,SILVERADO,BLK,False,,,,,,,,1,4.0,4.0,False
3152814,1646966,2,Driver,,False,False,M,AIR BAG NOT DEPLOYED,G,OCCUPANT LAP SHOULDER HARNESS USED,CELL PHONE NOT IN USE,NONE APPARENT,,N,I-880,65.0,A,STOPPED,A,HAD NOT BEEN DRINKING,,,M,MALE,26.0,U,,H,HISPANIC,1.0,PassengerCarStationWagonJeep,2013.0,FORD,EXPLORER,WHI,False,,,,,,,,1,4.0,4.0,False
3152813,1646966,1,Driver,True,False,False,L,AIR BAG DEPLOYED,G,OCCUPANT LAP SHOULDER HARNESS USED,CELL PHONE NOT IN USE,NONE APPARENT,,N,I-880 ,65.0,B,PROCEEDING STRAIGHT,A,HAD NOT BEEN DRINKING,,,M,MALE,27.0,C,CA,W,WHITE,1.0,PassengerCarStationWagonJeep,2007.0,TOYT,Prius,GLD,False,,,,,,,,1,4.0,4.0,False
3152794,1646956,2,Driver,,False,False,M,AIR BAG NOT DEPLOYED,G,OCCUPANT LAP SHOULDER HARNESS USED,CELL PHONE NOT IN USE,NONE APPARENT,,N,SR-87,65.0,B,PROCEEDING STRAIGHT,A,HAD NOT BEEN DRINKING,,,F,FEMALE,17.0,C,CA,O,OTHER,1.0,PassengerCarStationWagonJeep,2008.0,TOYT,SCION,LBL/,False,,,,,,,,1,3.0,3.0,False
3152793,1646956,1,Driver,True,False,False,M,AIR BAG NOT DEPLOYED,G,OCCUPANT LAP SHOULDER HARNESS USED,CELL PHONE NOT IN USE,NONE APPARENT,,N,SR-87,65.0,M,OTHER UNSAFE TURNING,A,HAD NOT BEEN DRINKING,,,M,MALE,29.0,C,CA,W,WHITE,1.0,PassengerCarStationWagonJeep,2008.0,CHEV,Tahoe,BRO,False,,,,,,,,1,3.0,3.0,False
3152778,1646948,4,Driver,,False,False,M,AIR BAG NOT DEPLOYED,G,OCCUPANT LAP SHOULDER HARNESS USED,CELL PHONE NOT IN USE,NONE APPARENT,,N,I-280,65.0,B,PROCEEDING STRAIGHT,A,HAD NOT BEEN DRINKING,,,M,MALE,22.0,C,CA,H,HISPANIC,1.0,PassengerCarStationWagonJeep,2016.0,FORD,Mustang,BLK,False,,,,,,,,5,5.0,5.0,False
3152777,1646948,3,ParkedVehicle,True,False,False,M,AIR BAG NOT DEPLOYED,A,OCCUPANT NONE IN VEHICLE,,NONE APPARENT,,N,I-280,65.0,A,STOPPED,H,NOT APPLICABLE,,,,,,,,,,22.0,PickupsAndPanels,2016.0,CHEV,Silverado,SIL,False,32.0,PullTrailer,2021.0,SKY,DUMPTRUCK,BLK,,OTHER,5.0,5.0,False
3152776,1646948,2,Pedestrian,,False,False,P,NOT REQUIRED,A,OCCUPANT NONE IN VEHICLE,CELL PHONE NOT IN USE,NONE APPARENT,,N,I-280,65.0,,,A,HAD NOT BEEN DRINKING,,,M,MALE,61.0,,,W,WHITE,60.0,Pedestrian,,,,,False,,,,,,,,OTHER,5.0,4.0,False
3152775,1646948,1,Driver,,False,True,L,AIR BAG DEPLOYED,B,OCCUPANT UNKNOWN,CELL PHONE USE UNKNOWN,NONE APPARENT,,N,I-280,65.0,B,PROCEEDING STRAIGHT,G,IMPAIRMENT_NOT_KNOWN,,,,,,,,,,1.0,PassengerCarStationWagonJeep,1999.0,HOND,Accord,SIL,True,,,,,,,,OTHER,5.0,5.0,False
3152639,1646868,2,Driver,,False,False,M,AIR BAG NOT DEPLOYED,G,OCCUPANT LAP SHOULDER HARNESS USED,CELL PHONE NOT IN USE,NONE APPARENT,,N,I-280 N/B,65.0,H,SLOWING/STOPPING,A,HAD NOT BEEN DRINKING,,,F,FEMALE,33.0,C,CA,O,OTHER,7.0,SportUtilityVehicle,2017.0,NISS,MURANO,SIL,False,,,,,,,,1,5.0,5.0,False
3152638,1646868,1,Driver,True,False,False,L,AIR BAG DEPLOYED,G,OCCUPANT LAP SHOULDER HARNESS USED,CELL PHONE NOT IN USE,NONE APPARENT,,N,I-280 N/B,65.0,B,PROCEEDING STRAIGHT,A,HAD NOT BEEN DRINKING,,,M,MALE,19.0,C,CA,W,WHITE,1.0,PassengerCarStationWagonJeep,2017.0,KIA,OPTIMA,BLK,True,,,,,,,,1,5.0,5.0,False
3150532,1645718,2,Driver,,False,False,M,AIR BAG NOT DEPLOYED,G,OCCUPANT LAP SHOULDER HARNESS USED,CELL PHONE NOT IN USE,NONE APPARENT,,N,SR 87,65.0,A,STOPPED,A,HAD NOT BEEN DRINKING,,,M,MALE,29.0,C,CA,W,WHITE,1.0,PassengerCarStationWagonJeep,2017.0,SUBA,WRX,BLK,False,,,,,,,,EXIT-2,2.0,2.0,False
3150531,1645718,1,Driver,True,False,False,M,AIR BAG NOT DEPLOYED,G,OCCUPANT LAP SHOULDER HARNESS USED,CELL PHONE NOT IN USE,NONE APPARENT,,N,SR-87,65.0,B,PROCEEDING STRAIGHT,A,HAD NOT BEEN DRINKING,,,M,MALE,25.0,F,NV,H,HISPANIC,22.0,PickupsAndPanels,2002.0,TOYT,TACOMA,BLK,False,,,,,,,,EXIT-2,2.0,2.0,False
3150067,1645463,2,Driver,,False,False,M,AIR BAG NOT DEPLOYED,G,OCCUPANT LAP SHOULDER HARNESS USED,CELL PHONE NOT IN USE,ENTERING OR LEAVING RAMP,,S,I-680,65.0,A,STOPPED,A,HAD NOT BEEN DRINKING,,,M,MALE,33.0,C,CA,W,WHITE,1.0,PassengerCarStationWagonJeep,2011.0,FORD,FUSION,GRY,False,,,,,,,,1,3.0,3.0,False
3150066,1645463,1,Driver,True,False,False,M,AIR BAG NOT DEPLOYED,G,OCCUPANT LAP SHOULDER HARNESS USED,CELL PHONE NOT IN USE,ENTERING OR LEAVING RAMP,,S,I-680,65.0,B,PROCEEDING STRAIGHT,A,HAD NOT BEEN DRINKING,,,M,MALE,29.0,C,CA,H,HISPANIC,1.0,PassengerCarStationWagonJeep,2007.0,HOND,FIT,WHI,False,,,,,,,,1,3.0,3.0,False
3149959,1645403,2,Driver,True,False,True,B,UNKNOWN,B,OCCUPANT UNKNOWN,CELL PHONE USE UNKNOWN,NONE APPARENT,,N,I-280,65.0,R,OTHER,G,IMPAIRMENT_NOT_KNOWN,,,,,,,,,,99.0,OtherUnknownHitAndRunDriver,,,,,False,,,,,,,,4,4.0,6.0,False
3149958,1645403,1,Driver,,False,False,M,AIR BAG NOT DEPLOYED,G,OCCUPANT LAP SHOULDER HARNESS USED,CELL PHONE NOT IN USE,NONE APPARENT,,N,I-280,65.0,J,CHANGING LANES,A,HAD NOT BEEN DRINKING,,,F,FEMALE,29.0,C,CA,W,WHITE,7.0,SportUtilityVehicle,2018.0,TOYT,HIGHLANDER,BLK,False,,,,,,,,4,4.0,6.0,False
3149099,1644905,2,Driver,,False,False,M,AIR BAG NOT DEPLOYED,G,OCCUPANT LAP SHOULDER HARNESS USED,CELL PHONE NOT IN USE,NONE APPARENT,,N,US101,65.0,B,PROCEEDING STRAIGHT,A,HAD NOT BEEN DRINKING,,,M,MALE,38.0,C,CA,B,BLACK,1.0,PassengerCarStationWagonJeep,2017.0,TESL,3,BLK,True,,,,,,,,1,4.0,5.0,False
3149098,1644905,1,Driver,True,False,False,L,AIR BAG DEPLOYED,G,OCCUPANT LAP SHOULDER HARNESS USED,CELL PHONE NOT IN USE,NONE APPARENT,,N,US101,65.0,B,PROCEEDING STRAIGHT,A,HAD NOT BEEN DRINKING,,,M,MALE,20.0,C,CA,A,ASIAN,7.0,SportUtilityVehicle,2007.0,ACUR,MDX,GRY,True,,,,,,,,4,4.0,5.0,False
3149078,1644896,2,Driver,,False,False,M,AIR BAG NOT DEPLOYED,G,OCCUPANT LAP SHOULDER HARNESS USED,CELL PHONE NOT IN USE,NONE APPARENT,,W,I-280,65.0,H,SLOWING/STOPPING,A,HAD NOT BEEN DRINKING,,,M,MALE,52.0,F,PA,W,WHITE,7.0,SportUtilityVehicle,2020.0,JEEP,RENEGADE,RED,False,,,,,,,,5,5.0,5.0,False
3149077,1644896,1,Driver,True,False,True,B,UNKNOWN,B,OCCUPANT UNKNOWN,CELL PHONE USE UNKNOWN,NONE APPARENT,,S,I-280,65.0,B,PROCEEDING STRAIGHT,G,IMPAIRMENT_NOT_KNOWN,,,,,,,,,,99.0,OtherUnknownHitAndRunDriver,,,,,False,,,,,,,,4,5.0,5.0,False
3149036,1644875,2,Driver,,False,False,L,AIR BAG DEPLOYED,G,OCCUPANT LAP SHOULDER HARNESS USED,CELL PHONE NOT IN USE,NONE APPARENT,,N,US-101,65.0,B,PROCEEDING STRAIGHT,A,HAD NOT BEEN DRINKING,,,M,MALE,75.0,C,CA,A,ASIAN,1.0,PassengerCarStationWagonJeep,1994.0,VOLV,960 SERIES,GRN,True,,,,,,,,3,6.0,6.0,False
3149035,1644875,1,Driver,True,False,False,M,AIR BAG NOT DEPLOYED,G,OCCUPANT LAP SHOULDER HARNESS USED,CELL PHONE NOT IN USE,NONE APPARENT,,N,US-101,65.0,M,OTHER UNSAFE TURNING,A,HAD NOT BEEN DRINKING,,,M,MALE,64.0,C,CA,H,HISPANIC,26.0,TwoAxleTruck,2022.0,INTL,MV,RED,False,,,,,,,,2,6.0,6.0,False
3148104,1644400,2,Driver,,False,False,M,AIR BAG NOT DEPLOYED,G,OCCUPANT LAP SHOULDER HARNESS USED,CELL PHONE NOT IN USE,NONE APPARENT,,N,SR-87,65.0,B,PROCEEDING STRAIGHT,A,HAD NOT BEEN DRINKING,,,F,FEMALE,52.0,C,CA,W,WHITE,1.0,PassengerCarStationWagonJeep,2017.0,CHRY,300,BLK,False,,,,,,,,4,4.0,4.0,False
3148103,1644400,1,Driver,True,False,False,M,AIR BAG NOT DEPLOYED,G,OCCUPANT LAP SHOULDER HARNESS USED,CELL PHONE NOT IN USE,NONE APPARENT,,N,SR-87,65.0,J,CHANGING LANES,A,HAD NOT BEEN DRINKING,,,F,FEMALE,23.0,C,CA,A,ASIAN,1.0,PassengerCarStationWagonJeep,2015.0,LEXS,IS250,WHI,False,,,,,,,,3,4.0,4.0,False
3147954,1644314,1,Driver,True,False,False,M,AIR BAG NOT DEPLOYED,G,OCCUPANT LAP SHOULDER HARNESS USED,CELL PHONE NOT IN USE,NONE APPARENT,,S,I-880,65.0,M,OTHER UNSAFE TURNING,A,HAD NOT BEEN DRINKING,,,F,FEMALE,25.0,U,,H,HISPANIC,1.0,PassengerCarStationWagonJeep,2002.0,SUBA,OUTBACK,GRY,True,,,,,,,,4,3.0,4.0,False
3147556,1644097,1,Driver,True,False,False,M,AIR BAG NOT DEPLOYED,G,OCCUPANT LAP SHOULDER HARNESS USED,CELL PHONE NOT IN USE,NONE APPARENT,,N,I-280,65.0,M,OTHER UNSAFE TURNING,A,HAD NOT BEEN DRINKING,,,F,FEMALE,18.0,C,CA,H,HISPANIC,1.0,PassengerCarStationWagonJeep,2007.0,VOLK,JETTA,WHI,True,,,,,,,,2,2.0,2.0,False
3147367,1643992,3,Driver,,False,False,M,AIR BAG NOT DEPLOYED,G,OCCUPANT LAP SHOULDER HARNESS USED,CELL PHONE NOT IN USE,NONE APPARENT,,S,I-680,65.0,A,STOPPED,A,HAD NOT BEEN DRINKING,,,F,FEMALE,21.0,C,CA,A,ASIAN,1.0,PassengerCarStationWagonJeep,2002.0,HYUN,ELANTRA,SIL,False,,,,,,,,4,4.0,4.0,False
3147366,1643992,2,Driver,,False,False,M,AIR BAG NOT DEPLOYED,G,OCCUPANT LAP SHOULDER HARNESS USED,CELL PHONE NOT IN USE,NONE APPARENT,,S,I-680,65.0,A,STOPPED,A,HAD NOT BEEN DRINKING,,,M,MALE,21.0,C,CA,A,ASIAN,1.0,PassengerCarStationWagonJeep,2006.0,HOND,ACCORD,SIL,True,,,,,,,,4,4.0,4.0,False
3147365,1643992,1,Driver,True,False,False,M,AIR BAG NOT DEPLOYED,G,OCCUPANT LAP SHOULDER HARNESS USED,CELL PHONE NOT IN USE,VC SECTION VIOLATED - VC 22350,,S,I-680,65.0,B,PROCEEDING STRAIGHT,B,HBD-UNDER INFLUENCE,,,M,MALE,32.0,C,CA,O,OTHER,1.0,PassengerCarStationWagonJeep,2017.0,VOLK,JETTA,BLK,True,,,,,,,,4,4.0,4.0,False
3147053,1643810,3,Driver,,False,False,M,AIR BAG NOT DEPLOYED,G,OCCUPANT LAP SHOULDER HARNESS USED,CELL PHONE NOT IN USE,NONE APPARENT,,S,I-880,65.0,B,PROCEEDING STRAIGHT,A,HAD NOT BEEN DRINKING,,,F,FEMALE,25.0,C,CA,A,ASIAN,1.0,PassengerCarStationWagonJeep,2017.0,TOYT,CAMRY,BLU,False,,,,,,,,1,4.0,5.0,False
3147052,1643810,2,Driver,,False,False,M,AIR BAG NOT DEPLOYED,G,OCCUPANT LAP SHOULDER HARNESS USED,CELL PHONE NOT IN USE,NONE APPARENT,,S,I-880,65.0,B,PROCEEDING STRAIGHT,A,HAD NOT BEEN DRINKING,,,M,MALE,73.0,C,CA,W,WHITE,1.0,PassengerCarStationWagonJeep,2000.0,STRN,SC,BGE,False,,,,,,,,2,4.0,5.0,False
3147051,1643810,1,Driver,True,False,False,M,AIR BAG NOT DEPLOYED,G,OCCUPANT LAP SHOULDER HARNESS USED,CELL PHONE NOT IN USE,NONE APPARENT,,S,I-880,65.0,M,OTHER UNSAFE TURNING,G,IMPAIRMENT_NOT_KNOWN,,,F,FEMALE,51.0,C,CA,H,HISPANIC,7.0,SportUtilityVehicle,1999.0,ISU,RODEO,SIL,False,,,,,,,,3,4.0,5.0,False
3146829,1643678,3,Driver,,False,False,M,AIR BAG NOT DEPLOYED,G,OCCUPANT LAP SHOULDER HARNESS USED,CELL PHONE NOT IN USE,NONE APPARENT,,N,I-880,65.0,H,SLOWING/STOPPING,A,HAD NOT BEEN DRINKING,,,F,FEMALE,68.0,C,CA,W,WHITE,1.0,PassengerCarStationWagonJeep,2009.0,CHRY,PT CRUISER,RED,False,,,,,,,,5,5.0,5.0,False
3146828,1643678,2,Driver,,False,False,L,AIR BAG DEPLOYED,G,OCCUPANT LAP SHOULDER HARNESS USED,CELL PHONE NOT IN USE,NONE APPARENT,,N,I-880,65.0,H,SLOWING/STOPPING,A,HAD NOT BEEN DRINKING,,,M,MALE,31.0,C,CA,B,BLACK,1.0,PassengerCarStationWagonJeep,2006.0,HOND,ACCORD,BLK,True,,,,,,,,5,5.0,5.0,False
3146827,1643678,1,Driver,True,False,False,M,AIR BAG NOT DEPLOYED,G,OCCUPANT LAP SHOULDER HARNESS USED,CELL PHONE NOT IN USE,NONE APPARENT,,N,I-880,65.0,B,PROCEEDING STRAIGHT,A,HAD NOT BEEN DRINKING,,,M,MALE,66.0,C,CA,W,WHITE,8.0,MiniVan,2008.0,FORD,ECONOLINE E350,WHI,True,,,,,,,,5,5.0,5.0,False