PartyId,CollisionId,PartyNumber,PartyType,IsAtFault,IsOnDutyEmergencyVehicle,IsHitAndRun,AirbagCode,AirbagDescription,SafetyEquipmentCode,SafetyEquipmentDescription,Special Information,Other Associate Factor,Inattention,DirectionOfTravel,StreetOrHighwayName,SpeedLimit,MovementPrecCollCode,MovementPrecCollDescription,SobrietyDrugPhysicalCode1,SobrietyDrugPhysicalDescription1,SobrietyDrugPhysicalCode2,SobrietyDrugPhysicalDescription2,GenderCode,GenderDescription,StatedAge,DriverLicenseClass,DriverLicenseStateCode,RaceCode,RaceDesc,Vehicle1TypeId, Vehicle1TypeDesc, Vehicle1Year,Vehicle1Make,Vehicle1Model,Vehicle1Color,V1IsVehicleTowed,Vehicle2TypeId, Vehicle2TypeDesc, Vehicle2Year,Vehicle2Make,Vehicle2Model,Vehicle2Color,V2IsVehicleTowed,Lane,ThruLanes,TotalLanes,IsDREConducted
10271307,2742852,2,ParkedVehicle,,False,,,,,,CELL PHONE NOT IN USE,,,,,,O,PARKED,H,NOT APPLICABLE,,,,,,,,,,,,1998.0,TOYOTA,,,,,,,,,,,,,,
10271306,2742852,1,Driver,True,False,,M,AIR BAG NOT DEPLOYED,G,OCCUPANT LAP SHOULDER HARNESS USED,CELL PHONE NOT IN USE,VC SECTION VIOLATED - 23152 A,,W,,,B,PROCEEDING STRAIGHT,B,HBD-UNDER INFLUENCE,,,M,MALE,,,,H,HISPANIC,,,2011.0,CHEVROLET,,,,,,,,,,,,,,
10271305,2742851,2,Pedestrian,,False,,,,,,CELL PHONE NOT IN USE,NONE APPARENT,,N,,,B,PROCEEDING STRAIGHT,A,HAD NOT BEEN DRINKING,,,F,FEMALE,,,,H,HISPANIC,60.0,Pedestrian,,,,,,,,,,,,,,,,
10271304,2742851,1,Driver,True,False,,M,AIR BAG NOT DEPLOYED,C,OCCUPANT LAP BELT USED,CELL PHONE NOT IN USE,NONE APPARENT,,S,,,D,MAKING RIGHT TURN,A,HAD NOT BEEN DRINKING,,,M,MALE,,,CA,H,HISPANIC,,,2015.0,MERCEDES-BENZ,,,,,,,,,,,,,,
10271303,2742850,3,Driver,,False,,M,AIR BAG NOT DEPLOYED,Q,CHILD IN VEHICLE USED,CELL PHONE NOT IN USE,NONE APPARENT,,N,,,B,PROCEEDING STRAIGHT,A,HAD NOT BEEN DRINKING,,,M,MALE,,,CA,B,BLACK,,,2007.0,TOYOTA,,,,,,,,,,,,,,
10271302,2742850,2,Driver,,False,,L,AIR BAG DEPLOYED,Q,CHILD IN VEHICLE USED,CELL PHONE NOT IN USE,NONE APPARENT,,S,,,B,PROCEEDING STRAIGHT,A,HAD NOT BEEN DRINKING,,,F,FEMALE,,,,H,HISPANIC,,,2010.0,TOYOTA,,,,,,,,,,,,,,
10271301,2742850,1,Driver,True,False,,L,AIR BAG DEPLOYED,Q,CHILD IN VEHICLE USED,CELL PHONE NOT IN USE,NONE APPARENT,,E,,,B,PROCEEDING STRAIGHT,A,HAD NOT BEEN DRINKING,,,F,FEMALE,,,CA,H,HISPANIC,,,2020.0,HONDA,,,,,,,,,,,,,,
10271300,2742849,2,Driver,,False,,M,AIR BAG NOT DEPLOYED,G,OCCUPANT LAP SHOULDER HARNESS USED,,NONE APPARENT,,S,,,B,PROCEEDING STRAIGHT,H,NOT APPLICABLE,,,M,MALE,,B,CA,B,BLACK,,,,,,,,,,,,,,,,,,
10271299,2742849,1,Driver,True,False,,M,AIR BAG NOT DEPLOYED,B,OCCUPANT UNKNOWN,,NONE APPARENT,,E,,,B,PROCEEDING STRAIGHT,H,NOT APPLICABLE,,,M,MALE,,,CA,W,WHITE,,,2010.0,TOYOTA,,,,,,,,,,,,,,
10271212,2742804,1,Driver,True,False,,P,NOT REQUIRED,A,OCCUPANT NONE IN VEHICLE,,NONE APPARENT,,S,,,B,PROCEEDING STRAIGHT,G,IMPAIRMENT_NOT_KNOWN,,,M,MALE,,,CA,H,HISPANIC,2.0,Motorcycle,1999.0,SUZUKI,,,,,,,,,,,,,,
10271211,2742803,2,Driver,,False,,M,AIR BAG NOT DEPLOYED,G,OCCUPANT LAP SHOULDER HARNESS USED,,,,E,,,E,MAKING LEFT TURN,H,NOT APPLICABLE,,,M,MALE,,,CA,A,ASIAN,1.0,PassengerCarStationWagonJeep,2013.0,HYUNDAI,,,,,,,,,,,,,,
10271210,2742803,1,Driver,True,False,,,,,,,,,E,,,E,MAKING LEFT TURN,H,NOT APPLICABLE,,,,,,,,,,8.0,MiniVan,1992.0,DODGE,,,,,,,,,,,,,,
10267197,2740809,1,Driver,True,False,,,,S,CHILD IN VEHICLE USE UNKNOWN,,,,N,,,E,MAKING LEFT TURN,B,HBD-UNDER INFLUENCE,,,M,MALE,,,CA,W,WHITE,,,,,,,,,,,,,,,,,,
10267196,2740808,2,Driver,,False,,L,AIR BAG DEPLOYED,G,OCCUPANT LAP SHOULDER HARNESS USED,,NONE APPARENT,,E,,,B,PROCEEDING STRAIGHT,A,HAD NOT BEEN DRINKING,,,F,FEMALE,,,CA,W,WHITE,1.0,PassengerCarStationWagonJeep,2016.0,VOLKSWAGEN,,,,,,,,,,,,,,
10267195,2740808,1,Driver,,False,,M,AIR BAG NOT DEPLOYED,G,OCCUPANT LAP SHOULDER HARNESS USED,,NONE APPARENT,,S,,,E,MAKING LEFT TURN,A,HAD NOT BEEN DRINKING,,,M,MALE,,,CA,W,WHITE,1.0,PassengerCarStationWagonJeep,2017.0,FORD,,,,,,,,,,,,,,
10267194,2740807,2,Driver,,False,,L,AIR BAG DEPLOYED,G,OCCUPANT LAP SHOULDER HARNESS USED,CELL PHONE NOT IN USE,NONE APPARENT,,N,,,B,PROCEEDING STRAIGHT,A,HAD NOT BEEN DRINKING,,,M,MALE,,,CA,H,HISPANIC,,,2000.0,TOYOTA,,,,,,,,,,,,,,
10267193,2740807,1,Driver,True,False,,L,AIR BAG DEPLOYED,G,OCCUPANT LAP SHOULDER HARNESS USED,CELL PHONE NOT IN USE,NONE APPARENT,,S,,,B,PROCEEDING STRAIGHT,A,HAD NOT BEEN DRINKING,,,F,FEMALE,,,CA,H,HISPANIC,,,2012.0,NISSAN,,,,,,,,,,,,,,
10267192,2740806,1,Bicyclist,True,False,,,,,,,RUNAWAY VEHICLE,,W,,,B,PROCEEDING STRAIGHT,A,HAD NOT BEEN DRINKING,,,M,MALE,,,,H,HISPANIC,4.0,Bicycle,,,,,,,,,,,,,,,,
10267191,2740805,2,Bicyclist,,False,,,,,,,,,W,,,B,PROCEEDING STRAIGHT,H,NOT APPLICABLE,,,M,MALE,,,,H,HISPANIC,4.0,Bicycle,,,,,,,,,,,,,,,,
10267190,2740805,1,Driver,True,False,,B,UNKNOWN,,,,ENTERING OR LEAVING RAMP,,S,,,P,MERGING,H,NOT APPLICABLE,,,,,,,,,,,,,,,,,,,,,,,,,,,
10267189,2740804,2,Driver,,False,,B,UNKNOWN,,,,NONE APPARENT,,N,,,E,MAKING LEFT TURN,A,HAD NOT BEEN DRINKING,,,M,MALE,,,,H,HISPANIC,,,2009.0,TOYOTA,,,,,,,,,,,,,,
10267188,2740804,1,Driver,,False,,B,UNKNOWN,,,,NONE APPARENT,,S,,,E,MAKING LEFT TURN,A,HAD NOT BEEN DRINKING,,,F,FEMALE,,,CA,,,,,2005.0,CHEVROLET,,,,,,,,,,,,,,
10267187,2740803,2,Driver,,False,,L,AIR BAG DEPLOYED,G,OCCUPANT LAP SHOULDER HARNESS USED,,,,N,,,A,STOPPED,,,,,F,FEMALE,,,CA,B,BLACK,,,2009.0,TOYOTA,,,,,,,,,,,,,,
10267186,2740803,1,Driver,True,False,,L,AIR BAG DEPLOYED,G,OCCUPANT LAP SHOULDER HARNESS USED,,,,E,,,A,STOPPED,,,,,F,FEMALE,,,CA,H,HISPANIC,,,2016.0,NISSAN,,,,,,,,,,,,,,
10267185,2740802,3,Driver,,False,,M,AIR BAG NOT DEPLOYED,C,OCCUPANT LAP BELT USED,CELL PHONE USE UNKNOWN,NONE APPARENT,,S,,,E,MAKING LEFT TURN,A,HAD NOT BEEN DRINKING,,,M,MALE,,,CA,W,WHITE,22.0,PickupsAndPanels,1998.0,FORD,,,,,,,,,,,,,,
10267184,2740802,2,Driver,,False,,P,NOT REQUIRED,U,CHILD RESTRAINT NONE IN VEHICLE,CELL PHONE USE UNKNOWN,NONE APPARENT,,W,,,B,PROCEEDING STRAIGHT,A,HAD NOT BEEN DRINKING,,,M,MALE,,,,H,HISPANIC,2.0,Motorcycle,2018.0,YAMAHA,,,,,,,,,,,,,,
10267183,2740802,1,Driver,True,False,,P,NOT REQUIRED,U,CHILD RESTRAINT NONE IN VEHICLE,CELL PHONE USE UNKNOWN,NONE APPARENT,,W,,,B,PROCEEDING STRAIGHT,A,HAD NOT BEEN DRINKING,,,M,MALE,,C,CA,H,HISPANIC,2.0,Motorcycle,2014.0,YAMAHA,,,,,,,,,,,,,,
10267182,2740801,2,Driver,,False,,M,AIR BAG NOT DEPLOYED,G,OCCUPANT LAP SHOULDER HARNESS USED,CELL PHONE NOT IN USE,NONE APPARENT,,E,,,B,PROCEEDING STRAIGHT,H,NOT APPLICABLE,,,F,FEMALE,,,CA,B,BLACK,1.0,PassengerCarStationWagonJeep,2009.0,MAZDA,,,,,,,,,,,,,,
10267181,2740801,1,Driver,True,False,,M,AIR BAG NOT DEPLOYED,G,OCCUPANT LAP SHOULDER HARNESS USED,CELL PHONE NOT IN USE,NONE APPARENT,,E,,,B,PROCEEDING STRAIGHT,H,NOT APPLICABLE,,,F,FEMALE,,,CA,B,BLACK,22.0,PickupsAndPanels,2002.0,TOYOTA,,,,,,,,,,,,,,
10267180,2740800,3,ParkedVehicle,,False,,,,,,,NONE APPARENT,,,,,O,PARKED,H,NOT APPLICABLE,,,,,,,,,,7.0,SportUtilityVehicle,,FORD,,,,,,,,,,,,,,
10267179,2740800,2,ParkedVehicle,,False,,,,,,,NONE APPARENT,,,,,O,PARKED,H,NOT APPLICABLE,,,,,,,,,,99.0,OtherUnknownHitAndRunDriver,2005.0,FORD,,,,,,,,,,,,,,
10267178,2740800,1,Driver,True,False,,L,AIR BAG DEPLOYED,B,OCCUPANT UNKNOWN,,VC SECTION VIOLATED - 23152,,N,,,B,PROCEEDING STRAIGHT,B,HBD-UNDER INFLUENCE,,,M,MALE,,,CA,W,WHITE,7.0,SportUtilityVehicle,2020.0,CHEVROLET,,,,,,,,,,,,,,
10267177,2740799,2,Pedestrian,,False,,,,,,CELL PHONE NOT IN USE,NONE APPARENT,,S,,,R,OTHER,H,NOT APPLICABLE,,,F,FEMALE,,,,H,HISPANIC,60.0,Pedestrian,,,,,,,,,,,,,,,,
10267176,2740799,1,Driver,True,False,,M,AIR BAG NOT DEPLOYED,G,OCCUPANT LAP SHOULDER HARNESS USED,CELL PHONE NOT IN USE,INATTENTION,OTHER,W,,,E,MAKING LEFT TURN,A,HAD NOT BEEN DRINKING,,,F,FEMALE,,,CA,H,HISPANIC,1.0,PassengerCarStationWagonJeep,2019.0,HONDA,,,,,,,,,,,,,,
10267175,2740798,2,Driver,,False,,M,AIR BAG NOT DEPLOYED,G,OCCUPANT LAP SHOULDER HARNESS USED,,,,S,,,B,PROCEEDING STRAIGHT,A,HAD NOT BEEN DRINKING,,,M,MALE,,,CA,B,BLACK,1.0,PassengerCarStationWagonJeep,1997.0,HONDA,,,,,,,,,,,,,,
10267174,2740798,1,Driver,True,False,,M,AIR BAG NOT DEPLOYED,G,OCCUPANT LAP SHOULDER HARNESS USED,,,,S,,,L,ENTERING TRAFFICD,A,HAD NOT BEEN DRINKING,,,F,FEMALE,,,CA,H,HISPANIC,22.0,PickupsAndPanels,2017.0,ORD,,,,,,,,,,,,,,
10267173,2740797,2,Driver,,False,,L,AIR BAG DEPLOYED,G,OCCUPANT LAP SHOULDER HARNESS USED,,VC SECTION VIOLATED - 22350 / NONE APPARENT,,W,,,B,PROCEEDING STRAIGHT,H,NOT APPLICABLE,,,U,UNKNOWN,,,CA,H,HISPANIC,1.0,PassengerCarStationWagonJeep,2018.0,DODGE,,,,,,,,,,,,,,
10267172,2740797,1,Driver,True,False,,L,AIR BAG DEPLOYED,G,OCCUPANT LAP SHOULDER HARNESS USED,,NONE APPARENT,,N,,,E,MAKING LEFT TURN,H,NOT APPLICABLE,,,F,FEMALE,,,CA,A,ASIAN,1.0,PassengerCarStationWagonJeep,2015.0,TOYOTA,,,,,,,,,,,,,,
10267171,2740796,2,Driver,,False,,M,AIR BAG NOT DEPLOYED,G,OCCUPANT LAP SHOULDER HARNESS USED,CELL PHONE NOT IN USE,,,S,,,B,PROCEEDING STRAIGHT,A,HAD NOT BEEN DRINKING,,,U,UNKNOWN,,,CA,,,22.0,PickupsAndPanels,2013.0,MCOA,,,,,,,,,,,,,,
10267170,2740796,1,Driver,True,False,,L,AIR BAG DEPLOYED,B,OCCUPANT UNKNOWN,,,,S,,,B,PROCEEDING STRAIGHT,G,IMPAIRMENT_NOT_KNOWN,,,M,MALE,,,CA,,,1.0,PassengerCarStationWagonJeep,2015.0,TOYOTA,,,,,,,,,,,,,,
10267169,2740795,2,ParkedVehicle,,False,,,,,,,,,,,,O,PARKED,H,NOT APPLICABLE,,,,,,,,,,1.0,PassengerCarStationWagonJeep,2018.0,SUBARU,,,,,,,,,,,,,,
10267168,2740795,1,Driver,True,False,,,,,,,OTHER,,,,,B,PROCEEDING STRAIGHT,A,HAD NOT BEEN DRINKING,,,F,FEMALE,,,CA,H,HISPANIC,2.0,Motorcycle,2013.0,HONDA,,,,,,,,,,,,,,
10267167,2740794,2,Driver,,False,,M,AIR BAG NOT DEPLOYED,G,OCCUPANT LAP SHOULDER HARNESS USED,CELL PHONE NOT IN USE,NONE APPARENT,,W,,,B,PROCEEDING STRAIGHT,D,HBD-IMPAIRMENT UNKNOWN,,,M,MALE,,,CA,,,1.0,PassengerCarStationWagonJeep,2018.0,TOYOTA,,,,,,,,,,,,,,
10267166,2740794,1,Bicyclist,True,False,,,,,,CELL PHONE NOT IN USE,NONE APPARENT,,S,,,B,PROCEEDING STRAIGHT,D,HBD-IMPAIRMENT UNKNOWN,,,M,MALE,,,,O,OTHER,4.0,Bicycle,,,,,,,,,,,,,,,,
10267165,2740793,2,Driver,,False,,M,AIR BAG NOT DEPLOYED,G,OCCUPANT LAP SHOULDER HARNESS USED,,,,W,,,B,PROCEEDING STRAIGHT,A,HAD NOT BEEN DRINKING,,,F,FEMALE,,,CA,H,HISPANIC,1.0,PassengerCarStationWagonJeep,2010.0,HONDA,,,,,,,,,,,,,,
10267164,2740793,1,Driver,True,False,,M,AIR BAG NOT DEPLOYED,G,OCCUPANT LAP SHOULDER HARNESS USED,,INATTENTION,OTHER,N,,,B,PROCEEDING STRAIGHT,A,HAD NOT BEEN DRINKING,,,M,MALE,,,CA,W,WHITE,1.0,PassengerCarStationWagonJeep,2018.0,HYUNDAI,,,,,,,,,,,,,,
10267163,2740792,2,Bicyclist,,False,,,,,,,NONE APPARENT,,N,,,B,PROCEEDING STRAIGHT,A,HAD NOT BEEN DRINKING,,,F,FEMALE,,,,W,WHITE,4.0,Bicycle,,,,,,,,,,,,,,,,
10267162,2740792,1,Driver,True,False,,M,AIR BAG NOT DEPLOYED,B,OCCUPANT UNKNOWN,,NONE APPARENT,,E,,,A,STOPPED,A,HAD NOT BEEN DRINKING,,,M,MALE,,,CA,W,WHITE,7.0,SportUtilityVehicle,2011.0,GMC,,,,,,,,,,,,,,
10267161,2740791,2,Driver,,False,,M,AIR BAG NOT DEPLOYED,G,OCCUPANT LAP SHOULDER HARNESS USED,,,,E,,,A,STOPPED,A,HAD NOT BEEN DRINKING,,,M,MALE,,,CA,A,ASIAN,1.0,PassengerCarStationWagonJeep,2011.0,TOYOTA,,,,,,,,,,,,,,
10267160,2740791,1,Driver,True,False,,M,AIR BAG NOT DEPLOYED,B,OCCUPANT UNKNOWN,,,,E,,,B,PROCEEDING STRAIGHT,B,HBD-UNDER INFLUENCE,,,F,FEMALE,,,CA,H,HISPANIC,1.0,PassengerCarStationWagonJeep,2002.0,VOLKSWAGEN,,,,,,,,,,,,,,
10267159,2740790,2,Driver,,False,,,,,,CELL PHONE NOT IN USE,NONE APPARENT,,W,,,B,PROCEEDING STRAIGHT,G,IMPAIRMENT_NOT_KNOWN,,,M,MALE,,,CA,H,HISPANIC,2.0,Motorcycle,2003.0,HONDA,,,,,,,,,,,,,,
10267158,2740790,1,Driver,True,False,,,,,,CELL PHONE NOT IN USE,NONE APPARENT,,N,,,E,MAKING LEFT TURN,,,,,,,,,,,,99.0,OtherUnknownHitAndRunDriver,,TOYOTA,,,,,,,,,,,,,,
10267157,2740789,2,Pedestrian,,False,,,,,,,NONE APPARENT,,S,,,R,OTHER,A,HAD NOT BEEN DRINKING,,,M,MALE,,,,H,HISPANIC,60.0,Pedestrian,,,,,,,,,,,,,,,,
10267156,2740789,1,Driver,True,False,,M,AIR BAG NOT DEPLOYED,G,OCCUPANT LAP SHOULDER HARNESS USED,,NONE APPARENT,,W,,,A,STOPPED,A,HAD NOT BEEN DRINKING,,,M,MALE,,,CA,H,HISPANIC,1.0,PassengerCarStationWagonJeep,2003.0,BMW,,,,,,,,,,,,,,
10267155,2740788,2,Driver,,False,,M,AIR BAG NOT DEPLOYED,G,OCCUPANT LAP SHOULDER HARNESS USED,CELL PHONE NOT IN USE,STOP & GO TRAFFIC,,N,,,A,STOPPED,A,HAD NOT BEEN DRINKING,,,F,FEMALE,,,CA,O,OTHER,1.0,PassengerCarStationWagonJeep,2007.0,TOYOTA,,,,,,,,,,,,,,
10267154,2740788,1,Driver,True,False,,M,AIR BAG NOT DEPLOYED,G,OCCUPANT LAP SHOULDER HARNESS USED,CELL PHONE NOT IN USE,STOP & GO TRAFFIC,,N,,,B,PROCEEDING STRAIGHT,A,HAD NOT BEEN DRINKING,,,F,FEMALE,,,CA,W,WHITE,7.0,SportUtilityVehicle,2021.0,NISSAN,,,,,,,,,,,,,,
10267153,2740787,2,Driver,,False,,B,UNKNOWN,C,OCCUPANT LAP BELT USED,,NONE APPARENT,,E,,,E,MAKING LEFT TURN,A,HAD NOT BEEN DRINKING,,,F,FEMALE,,,CA,A,ASIAN,1.0,PassengerCarStationWagonJeep,2007.0,HONDA,,,,,,,,,,,,,,
10267152,2740787,1,Driver,True,False,,B,UNKNOWN,C,OCCUPANT LAP BELT USED,SCHOOL BUS RELATED,NONE APPARENT,,N,,,B,PROCEEDING STRAIGHT,A,HAD NOT BEEN DRINKING,,,M,MALE,,,CA,A,ASIAN,1.0,PassengerCarStationWagonJeep,1991.0,HONDA,,,,,,,,,,,,,,
10267151,2740786,2,ParkedVehicle,,False,,,,,,CELL PHONE NOT IN USE,NONE APPARENT,,E,,,O,PARKED,A,HAD NOT BEEN DRINKING,,,,,,,,,,22.0,PickupsAndPanels,2011.0,FORD,,,,,,,,,,,,,,
10267150,2740786,1,Driver,True,False,,,,,,CELL PHONE HANDHELD IN USE,VC SECTION VIOLATED - 12500 A,,W,,,B,PROCEEDING STRAIGHT,A,HAD NOT BEEN DRINKING,,,M,MALE,,,CA,H,HISPANIC,7.0,SportUtilityVehicle,2019.0,HONDA,,,,,,,,,,,,,,
10267149,2740785,2,Driver,,False,,L,AIR BAG DEPLOYED,G,OCCUPANT LAP SHOULDER HARNESS USED,,,,E,,,A,STOPPED,G,IMPAIRMENT_NOT_KNOWN,,,F,FEMALE,,,CA,W,WHITE,1.0,PassengerCarStationWagonJeep,2009.0,NISSAN,,,,,,,,,,,,,,
10267148,2740785,1,Driver,True,False,,L,AIR BAG DEPLOYED,G,OCCUPANT LAP SHOULDER HARNESS USED,,,,E,,,B,PROCEEDING STRAIGHT,G,IMPAIRMENT_NOT_KNOWN,,,F,FEMALE,,,CA,H,HISPANIC,1.0,PassengerCarStationWagonJeep,2003.0,MERCEDES-BENZ,,,,,,,,,,,,,,
10267145,2740783,3,ParkedVehicle,,False,,,,,,,,,,,,O,PARKED,A,HAD NOT BEEN DRINKING,,,,,,,,,,1.0,PassengerCarStationWagonJeep,2012.0,INFINITI,,,,,,,,,,,,,,
10267144,2740783,2,Driver,,False,,M,AIR BAG NOT DEPLOYED,G,OCCUPANT LAP SHOULDER HARNESS USED,,,,S,,,H,SLOWING/STOPPING,A,HAD NOT BEEN DRINKING,,,F,FEMALE,,,CA,O,OTHER,7.0,SportUtilityVehicle,2012.0,TOYOTA,,,,,,,,,,,,,,
10267143,2740783,1,Driver,True,False,,,,G,OCCUPANT LAP SHOULDER HARNESS USED,,,,S,,,B,PROCEEDING STRAIGHT,A,HAD NOT BEEN DRINKING,,,F,FEMALE,,,CA,,,7.0,SportUtilityVehicle,1996.0,TOY,,,,,,,,,,,,,,
10267142,2740782,2,Driver,,False,,M,AIR BAG NOT DEPLOYED,C,OCCUPANT LAP BELT USED,CELL PHONE NOT IN USE,,,,,,A,STOPPED,A,HAD NOT BEEN DRINKING,,,M,MALE,,,CA,H,HISPANIC,,,2016.0,TOYOTA,,,,,,,,,,,,,,
10267141,2740782,1,Driver,True,False,,L,AIR BAG DEPLOYED,B,OCCUPANT UNKNOWN,CELL PHONE NOT IN USE,,,W,,,B,PROCEEDING STRAIGHT,G,IMPAIRMENT_NOT_KNOWN,,,M,MALE,,,CA,H,HISPANIC,,,2002.0,FORD,,,,,,,,,,,,,,
10267140,2740781,3,Driver,,False,,B,UNKNOWN,E,OCCUPANT SHOULDER HARNESS USED,,,,S,,,,,,,,,M,MALE,,,CA,A,ASIAN,1.0,PassengerCarStationWagonJeep,2005.0,TOY,,,,,,,,,,,,,,
10267139,2740781,2,Driver,,False,,B,UNKNOWN,E,OCCUPANT SHOULDER HARNESS USED,,,,S,,,,,,,,,M,MALE,,,CA,A,ASIAN,1.0,PassengerCarStationWagonJeep,2013.0,TOYOTA,,,,,,,,,,,,,,
10267138,2740781,1,Driver,True,False,,B,UNKNOWN,E,OCCUPANT SHOULDER HARNESS USED,,,,S,,,B,PROCEEDING STRAIGHT,G,IMPAIRMENT_NOT_KNOWN,,,F,FEMALE,,,CA,H,HISPANIC,7.0,SportUtilityVehicle,2004.0,TOYOTA,,,,,,,,,,,,,,
10264915,2739689,2,Driver,,True,,M,AIR BAG NOT DEPLOYED,W,MOTOR BICYCLE DRIVER WITH HELMET,CELL PHONE NOT IN USE,NONE APPARENT,,W,,,A,STOPPED,A,HAD NOT BEEN DRINKING,,,M,MALE,,C,CA,H,HISPANIC,48.0,PoliceCar,2018.0,FORD,,,,,,,,,,,,,,
10264914,2739689,1,Driver,True,False,,M,AIR BAG NOT DEPLOYED,W,MOTOR BICYCLE DRIVER WITH HELMET,CELL PHONE NOT IN USE,VC SECTION VIOLATED - 22350,,S,,,B,PROCEEDING STRAIGHT,B,HBD-UNDER INFLUENCE,,,M,MALE,,U,CA,H,HISPANIC,1.0,PassengerCarStationWagonJeep,2005.0,HONDA,,,,,,,,,,,,,,
10264396,2739432,4,Pedestrian,,False,,,,,,,,,,,,,,,,,,M,MALE,,,,W,WHITE,60.0,Pedestrian,,,,,,,,,,,,,,,,
10264395,2739432,3,ParkedVehicle,,False,,,,,,,,,N,,,O,PARKED,H,NOT APPLICABLE,,,,,,,,,,,,2000.0,FORD,,,,,,,,,,,,,,
10264394,2739432,2,ParkedVehicle,,False,,,,,,,,,,,,O,PARKED,H,NOT APPLICABLE,,,,,,,,,,,,,,,,,,,,,,,,,,,
10264393,2739432,1,Driver,True,False,,M,AIR BAG NOT DEPLOYED,D,OCCUPANT LAP BELT NOT USED,,VC SECTION VIOLATED - 20001,,E,,,B,PROCEEDING STRAIGHT,A,HAD NOT BEEN DRINKING,,,M,MALE,,,CA,H,HISPANIC,,,2013.0,NISS,,,,,,,,,,,,,,
10264327,2739396,3,Driver,,False,,M,AIR BAG NOT DEPLOYED,G,OCCUPANT LAP SHOULDER HARNESS USED,,NONE APPARENT,,W,,,E,MAKING LEFT TURN,A,HAD NOT BEEN DRINKING,,,F,FEMALE,,,CA,,,,,2012.0,TOYOTA,,,,,,,,,,,,,,
10264326,2739396,2,Driver,,False,,L,AIR BAG DEPLOYED,G,OCCUPANT LAP SHOULDER HARNESS USED,,NONE APPARENT,,W,,,E,MAKING LEFT TURN,A,HAD NOT BEEN DRINKING,,,F,FEMALE,,,CA,W,WHITE,,,2018.0,FORD,,,,,,,,,,,,,,
10264325,2739396,1,Driver,True,False,,L,AIR BAG DEPLOYED,G,OCCUPANT LAP SHOULDER HARNESS USED,,NONE APPARENT,,E,,,B,PROCEEDING STRAIGHT,A,HAD NOT BEEN DRINKING,,,M,MALE,,F,SC,H,HISPANIC,,,2014.0,HONDA,,,,,,,,,,,,,,
10264322,2739394,2,Bicyclist,,False,,,,,,,NONE APPARENT,,W,,,B,PROCEEDING STRAIGHT,A,HAD NOT BEEN DRINKING,,,M,MALE,,,,W,WHITE,4.0,Bicycle,,,,,,,,,,,,,,,,
10264321,2739394,1,Driver,True,False,,M,AIR BAG NOT DEPLOYED,Q,CHILD IN VEHICLE USED,,NONE APPARENT,,N,,,E,MAKING LEFT TURN,A,HAD NOT BEEN DRINKING,,,M,MALE,,,CA,W,WHITE,,,2018.0,TOYOTA,,,,,,,,,,,,,,
10264320,2739393,2,Driver,,False,,L,AIR BAG DEPLOYED,G,OCCUPANT LAP SHOULDER HARNESS USED,CELL PHONE NOT IN USE,NONE APPARENT,,W,,,B,PROCEEDING STRAIGHT,A,HAD NOT BEEN DRINKING,,,M,MALE,,,CA,H,HISPANIC,,,2013.0,FORD,,,,,,,,,,,,,,
10264319,2739393,1,Driver,True,False,,L,AIR BAG DEPLOYED,G,OCCUPANT LAP SHOULDER HARNESS USED,CELL PHONE NOT IN USE,NONE APPARENT,,N,,,E,MAKING LEFT TURN,A,HAD NOT BEEN DRINKING,,,F,FEMALE,,,CA,A,ASIAN,,,2020.0,TESLA,,,,,,,,,,,,,,
10264263,2739365,2,Driver,,True,,M,AIR BAG NOT DEPLOYED,G,OCCUPANT LAP SHOULDER HARNESS USED,CELL PHONE NOT IN USE,NONE APPARENT,,S,,,B,PROCEEDING STRAIGHT,A,HAD NOT BEEN DRINKING,,,M,MALE,,,CA,W,WHITE,48.0,PoliceCar,2019.0,FORD,,,,,,,,,,,,,,
10264262,2739365,1,Driver,True,False,,L,AIR BAG DEPLOYED,G,OCCUPANT LAP SHOULDER HARNESS USED,CELL PHONE NOT IN USE,NONE APPARENT,,W,,,B,PROCEEDING STRAIGHT,A,HAD NOT BEEN DRINKING,,,M,MALE,,,CA,A,ASIAN,1.0,PassengerCarStationWagonJeep,2016.0,TOYOTA,,,,,,,,,,,,,,
10264164,2739314,2,Driver,,False,,M,AIR BAG NOT DEPLOYED,G,OCCUPANT LAP SHOULDER HARNESS USED,,STOP & GO TRAFFIC,,N,,,D,MAKING RIGHT TURN,C,HBD-NOT UNDER INFLUENCE,,,F,FEMALE,,,CA,,,,,2014.0,TOYOTA,,,,,,,,,,,,,,
10264163,2739314,1,Driver,True,True,,M,AIR BAG NOT DEPLOYED,G,OCCUPANT LAP SHOULDER HARNESS USED,,STOP & GO TRAFFIC,,N,,,A,STOPPED,C,HBD-NOT UNDER INFLUENCE,,,M,MALE,,,CA,W,WHITE,48.0,PoliceCar,2014.0,TOYOTA,,,,,,,,,,,,,,
10263740,2739104,3,Driver,,False,,M,AIR BAG NOT DEPLOYED,G,OCCUPANT LAP SHOULDER HARNESS USED,,,,S,,,,,,,,,F,FEMALE,,,CA,B,BLACK,,,2018.0,OTHER - BUS,,,,,,,,,,,,,,
10263739,2739104,2,Driver,,False,,B,UNKNOWN,G,OCCUPANT LAP SHOULDER HARNESS USED,,,,S,,,,,,,,,F,FEMALE,,,CA,W,WHITE,,,2016.0,TOYOTA,,,,,,,,,,,,,,
10263738,2739104,1,Driver,True,False,,L,AIR BAG DEPLOYED,G,OCCUPANT LAP SHOULDER HARNESS USED,,,,S,,,,,,,,,F,FEMALE,,,CA,H,HISPANIC,,,2013.0,TOYOTA,,,,,,,,,,,,,,
10263442,2738952,2,Driver,,True,,M,AIR BAG NOT DEPLOYED,G,OCCUPANT LAP SHOULDER HARNESS USED,CELL PHONE NOT IN USE,,,N,,,D,MAKING RIGHT TURN,C,HBD-NOT UNDER INFLUENCE,,,M,MALE,,,CA,W,WHITE,48.0,PoliceCar,2014.0,FORD,,,,,,,,,,,,,,