PartyId,CollisionId,PartyNumber,PartyType,IsAtFault,IsOnDutyEmergencyVehicle,IsHitAndRun,AirbagCode,AirbagDescription,SafetyEquipmentCode,SafetyEquipmentDescription,Special Information,Other Associate Factor,Inattention,DirectionOfTravel,StreetOrHighwayName,SpeedLimit,MovementPrecCollCode,MovementPrecCollDescription,SobrietyDrugPhysicalCode1,SobrietyDrugPhysicalDescription1,SobrietyDrugPhysicalCode2,SobrietyDrugPhysicalDescription2,GenderCode,GenderDescription,StatedAge,DriverLicenseClass,DriverLicenseStateCode,RaceCode,RaceDesc,Vehicle1TypeId, Vehicle1TypeDesc, Vehicle1Year,Vehicle1Make,Vehicle1Model,Vehicle1Color,V1IsVehicleTowed,Vehicle2TypeId, Vehicle2TypeDesc, Vehicle2Year,Vehicle2Make,Vehicle2Model,Vehicle2Color,V2IsVehicleTowed,Lane,ThruLanes,TotalLanes,IsDREConducted
10298865,2756632,1,Driver,True,False,,M,AIR BAG NOT DEPLOYED,G,OCCUPANT LAP SHOULDER HARNESS USED,,ENTERING OR LEAVING RAMP / NONE APPARENT,,N,,,L,ENTERING TRAFFICD,H,NOT APPLICABLE,,,M,MALE,,,CA,W,WHITE,,,1995.0,FORD,,,,,,,,,,,,,,
10298851,2756623,1,Driver,True,False,,L,AIR BAG DEPLOYED,,,,INATTENTION,OTHER,N,,,B,PROCEEDING STRAIGHT,I,SLEEPY/FATIGUED,,,F,FEMALE,,,CA,,,8.0,MiniVan,2014.0,TOYOTA,,,,,,,,,,,,,,
10298850,2756622,3,Driver,,False,,M,AIR BAG NOT DEPLOYED,W,MOTOR BICYCLE DRIVER WITH HELMET,,,,N,,,B,PROCEEDING STRAIGHT,A,HAD NOT BEEN DRINKING,,,F,FEMALE,,,CA,W,WHITE,,,2019.0,FORD,,,,,,,,,,,,,,
10298849,2756622,2,Driver,,False,,M,AIR BAG NOT DEPLOYED,W,MOTOR BICYCLE DRIVER WITH HELMET,,,,N,,,B,PROCEEDING STRAIGHT,A,HAD NOT BEEN DRINKING,,,M,MALE,,,,H,HISPANIC,,,2020.0,DODGE,,,,,,,,,,,,,,
10298848,2756622,1,Driver,True,False,,M,AIR BAG NOT DEPLOYED,W,MOTOR BICYCLE DRIVER WITH HELMET,,VC SECTION VIOLATED - 21804 A / INATTENTION,OTHER,N,,,A,STOPPED,A,HAD NOT BEEN DRINKING,,,F,FEMALE,,,,W,WHITE,,,2012.0,MAZDA,,,,,,,,,,,,,,
10298520,2756457,2,Driver,,False,,M,AIR BAG NOT DEPLOYED,C,OCCUPANT LAP BELT USED,CELL PHONE NOT IN USE,,,E,,,B,PROCEEDING STRAIGHT,A,HAD NOT BEEN DRINKING,,,F,FEMALE,,,CA,,,,,2017.0,TOYOTA,,,,,,,,,,,,,,
10298519,2756457,1,Driver,True,False,,M,AIR BAG NOT DEPLOYED,C,OCCUPANT LAP BELT USED,CELL PHONE NOT IN USE,,,E,,,B,PROCEEDING STRAIGHT,A,HAD NOT BEEN DRINKING,,,M,MALE,,,CA,W,WHITE,,,2020.0,DOD,,,,,,,,,,,,,,
10296324,2755374,2,Driver,,False,,,,,,,,,E,,,A,STOPPED,A,HAD NOT BEEN DRINKING,,,M,MALE,,C,CA,H,HISPANIC,,,2014.0,HONDA,,,,,,,,,,,,,,
10296323,2755374,1,Driver,,False,,,,,,,,,,,,A,STOPPED,,,,,M,MALE,,C,CA,H,HISPANIC,,,2005.0,CHEVROLET,,,,,,,,,,,,,,
10296318,2755371,2,Pedestrian,,False,,,,,,,,,E,,,R,OTHER,A,HAD NOT BEEN DRINKING,,,M,MALE,,,,H,HISPANIC,60.0,Pedestrian,,,,,,,,,,,,,,,,
10296317,2755371,1,Driver,,False,,M,AIR BAG NOT DEPLOYED,G,OCCUPANT LAP SHOULDER HARNESS USED,,,,,,,E,MAKING LEFT TURN,A,HAD NOT BEEN DRINKING,,,M,MALE,,,CA,W,WHITE,,,2007.0,TOYOTA,,,,,,,,,,,,,,
10312790,2763588,2,Driver,,False,,,,,,,NONE APPARENT,,E,,,L,ENTERING TRAFFICD,A,HAD NOT BEEN DRINKING,,,F,FEMALE,,,CA,H,HISPANIC,,,2016.0,ACURA,,,,,,,,,,,,,,
10312789,2763588,1,Driver,True,False,,,,,,,NONE APPARENT,,N,,,B,PROCEEDING STRAIGHT,A,HAD NOT BEEN DRINKING,,,M,MALE,,,CA,H,HISPANIC,,,1992.0,HONDA,,,,,,,,,,,,,,
10312783,2763584,2,Driver,,False,,M,AIR BAG NOT DEPLOYED,Q,CHILD IN VEHICLE USED,,NONE APPARENT,,S,,,B,PROCEEDING STRAIGHT,A,HAD NOT BEEN DRINKING,,,F,FEMALE,,,CA,A,ASIAN,,,2015.0,TOYOTA,,,,,,,,,,,,,,
10312782,2763584,1,Pedestrian,True,False,,,,,,CELL PHONE HANDHELD IN USE,NONE APPARENT,,E,,,B,PROCEEDING STRAIGHT,A,HAD NOT BEEN DRINKING,,,F,FEMALE,,,,H,HISPANIC,60.0,Pedestrian,,,,,,,,,,,,,,,,
10312781,2763583,2,Driver,,False,,L,AIR BAG DEPLOYED,,,,,,N,,,B,PROCEEDING STRAIGHT,A,HAD NOT BEEN DRINKING,,,F,FEMALE,,,CA,A,ASIAN,,,2017.0,LEXUS,,,,,,,,,,,,,,
10312780,2763583,1,Driver,True,False,,L,AIR BAG DEPLOYED,G,OCCUPANT LAP SHOULDER HARNESS USED,,,,E,,,E,MAKING LEFT TURN,A,HAD NOT BEEN DRINKING,,,F,FEMALE,,,CA,H,HISPANIC,,,2020.0,KIA,,,,,,,,,,,,,,
10312779,2763582,2,Driver,,False,,M,AIR BAG NOT DEPLOYED,G,OCCUPANT LAP SHOULDER HARNESS USED,,NONE APPARENT,,E,,,A,STOPPED,A,HAD NOT BEEN DRINKING,,,M,MALE,,,CA,A,ASIAN,,,2020.0,TOYOTA,,,,,,,,,,,,,,
10312778,2763582,1,Driver,True,False,,M,AIR BAG NOT DEPLOYED,G,OCCUPANT LAP SHOULDER HARNESS USED,,NONE APPARENT,,E,,,B,PROCEEDING STRAIGHT,A,HAD NOT BEEN DRINKING,,,M,MALE,,,CA,W,WHITE,,,2000.0,JEEP,,,,,,,,,,,,,,
10312777,2763581,3,ParkedVehicle,,False,,,,,,,NONE APPARENT,,,,,O,PARKED,H,NOT APPLICABLE,,,,,,,,,,,,2010.0,HONDA,,,,,,,,,,,,,,
10312776,2763581,2,Driver,,False,,M,AIR BAG NOT DEPLOYED,Q,CHILD IN VEHICLE USED,,NONE APPARENT,,W,,,B,PROCEEDING STRAIGHT,A,HAD NOT BEEN DRINKING,,,M,MALE,,,CA,H,HISPANIC,,,2015.0,TOYOTA,,,,,,,,,,,,,,
10312775,2763581,1,Driver,True,False,,M,AIR BAG NOT DEPLOYED,Q,CHILD IN VEHICLE USED,,NONE APPARENT,,E,,,E,MAKING LEFT TURN,A,HAD NOT BEEN DRINKING,,,F,FEMALE,,,CA,H,HISPANIC,,,2011.0,HONDA,,,,,,,,,,,,,,
10312774,2763580,2,Driver,,False,,L,AIR BAG DEPLOYED,G,OCCUPANT LAP SHOULDER HARNESS USED,,NONE APPARENT,,N,,,B,PROCEEDING STRAIGHT,A,HAD NOT BEEN DRINKING,,,F,FEMALE,,,CA,H,HISPANIC,,,2013.0,ACURA,,,,,,,,,,,,,,
10312773,2763580,1,Driver,True,False,,N,OTHER,G,OCCUPANT LAP SHOULDER HARNESS USED,,NONE APPARENT,,W,,,L,ENTERING TRAFFICD,A,HAD NOT BEEN DRINKING,,,F,FEMALE,,,CA,H,HISPANIC,,,2015.0,HYUNDAI,,,,,,,,,,,,,,
10312772,2763579,2,Driver,,False,,M,AIR BAG NOT DEPLOYED,G,OCCUPANT LAP SHOULDER HARNESS USED,,NONE APPARENT,,W,,,B,PROCEEDING STRAIGHT,A,HAD NOT BEEN DRINKING,,,F,FEMALE,,,CA,A,ASIAN,,,2012.0,TOYOTA,,,,,,,,,,,,,,
10312771,2763579,1,Driver,True,False,,L,AIR BAG DEPLOYED,G,OCCUPANT LAP SHOULDER HARNESS USED,,INATTENTION,OTHER,N,,,B,PROCEEDING STRAIGHT,A,HAD NOT BEEN DRINKING,,,M,MALE,,,CA,H,HISPANIC,,,2002.0,FORD,,,,,,,,,,,,,,
10312770,2763578,2,Driver,,False,,M,AIR BAG NOT DEPLOYED,G,OCCUPANT LAP SHOULDER HARNESS USED,CELL PHONE NOT IN USE,NONE APPARENT,,S,,,B,PROCEEDING STRAIGHT,A,HAD NOT BEEN DRINKING,,,M,MALE,,,CA,H,HISPANIC,,,2018.0,DODGE,,,,,,,,,,,,,,
10312769,2763578,1,Driver,True,False,,M,AIR BAG NOT DEPLOYED,G,OCCUPANT LAP SHOULDER HARNESS USED,CELL PHONE NOT IN USE,NONE APPARENT,,S,,,A,STOPPED,A,HAD NOT BEEN DRINKING,,,F,FEMALE,,,CA,H,HISPANIC,,,2020.0,HONDA,,,,,,,,,,,,,,
10312768,2763577,2,Driver,,False,,L,AIR BAG DEPLOYED,G,OCCUPANT LAP SHOULDER HARNESS USED,,,,S,,,B,PROCEEDING STRAIGHT,A,HAD NOT BEEN DRINKING,,,F,FEMALE,,,CA,,,,,2019.0,HONDA,,,,,,,,,,,,,,
10312767,2763577,1,Driver,True,False,,M,AIR BAG NOT DEPLOYED,G,OCCUPANT LAP SHOULDER HARNESS USED,,NONE APPARENT,,W,,,E,MAKING LEFT TURN,A,HAD NOT BEEN DRINKING,,,M,MALE,,,CA,W,WHITE,,,2017.0,VOLKSWAGEN,,,,,,,,,,,,,,
10312766,2763576,2,Bicyclist,,False,,,,,,CELL PHONE NOT IN USE,NONE APPARENT,,S,,,B,PROCEEDING STRAIGHT,G,IMPAIRMENT_NOT_KNOWN,,,M,MALE,,,,B,BLACK,4.0,Bicycle,,,,,,,,,,,,,,,,
10312765,2763576,1,Driver,True,False,,M,AIR BAG NOT DEPLOYED,B,OCCUPANT UNKNOWN,CELL PHONE NOT IN USE,NONE APPARENT,,N,,,E,MAKING LEFT TURN,G,IMPAIRMENT_NOT_KNOWN,,,,,,,,,,,,,HONDA,,,,,,,,,,,,,,
10312764,2763575,2,Driver,,False,,M,AIR BAG NOT DEPLOYED,G,OCCUPANT LAP SHOULDER HARNESS USED,,,,S,,,B,PROCEEDING STRAIGHT,A,HAD NOT BEEN DRINKING,,,F,FEMALE,,,CA,W,WHITE,,,2017.0,KIA,,,,,,,,,,,,,,
10312763,2763575,1,Driver,True,False,,B,UNKNOWN,,,,,,E,,,B,PROCEEDING STRAIGHT,G,IMPAIRMENT_NOT_KNOWN,,,,,,,,,,,,,,,,,,,,,,,,,,,
10312762,2763574,2,Driver,,False,,M,AIR BAG NOT DEPLOYED,B,OCCUPANT UNKNOWN,,NONE APPARENT,,N,,,D,MAKING RIGHT TURN,A,HAD NOT BEEN DRINKING,,,F,FEMALE,,,CA,A,ASIAN,,,2015.0,AUDI,,,,,,,,,,,,,,
10312761,2763574,1,Driver,True,False,,L,AIR BAG DEPLOYED,B,OCCUPANT UNKNOWN,,VC SECTION VIOLATED - 22350,,N,,,B,PROCEEDING STRAIGHT,G,IMPAIRMENT_NOT_KNOWN,,,,,,,,,,,,2004.0,CADILLAC,,,,,,,,,,,,,,
10312760,2763573,2,ParkedVehicle,,False,,,,,,,NONE APPARENT,,,,,O,PARKED,H,NOT APPLICABLE,,,,,,,,,,,,2014.0,KIA,,,,,,,,,,,,,,
10312759,2763573,1,Driver,True,False,,L,AIR BAG DEPLOYED,G,OCCUPANT LAP SHOULDER HARNESS USED,,INATTENTION,OTHER,E,,,B,PROCEEDING STRAIGHT,A,HAD NOT BEEN DRINKING,,,F,FEMALE,,,CA,H,HISPANIC,,,2005.0,FORD,,,,,,,,,,,,,,
10312758,2763572,1,Driver,True,False,,M,AIR BAG NOT DEPLOYED,B,OCCUPANT UNKNOWN,,VC SECTION VIOLATED - 22350 / ENTERING OR LEAVING RAMP,,N,,,B,PROCEEDING STRAIGHT,G,IMPAIRMENT_NOT_KNOWN,,,M,MALE,,,CA,H,HISPANIC,,,2006.0,SATURN,,,,,,,,,,,,,,
10312757,2763571,2,Driver,,False,,L,AIR BAG DEPLOYED,C,OCCUPANT LAP BELT USED,CELL PHONE NOT IN USE,,,S,,,B,PROCEEDING STRAIGHT,A,HAD NOT BEEN DRINKING,,,M,MALE,,,CA,A,ASIAN,,,2007.0,LEXUS,,,,,,,,,,,,,,
10312756,2763571,1,Driver,True,False,,M,AIR BAG NOT DEPLOYED,D,OCCUPANT LAP BELT NOT USED,CELL PHONE NOT IN USE,,,N,,,E,MAKING LEFT TURN,A,HAD NOT BEEN DRINKING,,,M,MALE,,,CA,H,HISPANIC,,,1992.0,ACURA,,,,,,,,,,,,,,
10312755,2763569,3,Pedestrian,,False,,,,,,,NONE APPARENT,,N,,,B,PROCEEDING STRAIGHT,A,HAD NOT BEEN DRINKING,,,M,MALE,,,,W,WHITE,60.0,Pedestrian,,,,,,,,,,,,,,,,
10312754,2763569,2,Pedestrian,,False,,,,,,,NONE APPARENT,,N,,,B,PROCEEDING STRAIGHT,A,HAD NOT BEEN DRINKING,,,F,FEMALE,,,,W,WHITE,60.0,Pedestrian,,,,,,,,,,,,,,,,
10312753,2763569,1,Driver,True,False,,M,AIR BAG NOT DEPLOYED,B,OCCUPANT UNKNOWN,,NONE APPARENT,,N,,,E,MAKING LEFT TURN,A,HAD NOT BEEN DRINKING,,,M,MALE,,,CA,H,HISPANIC,,,2019.0,DODGE,,,,,,,,,,,,,,
10312752,2763570,2,Driver,,False,,P,NOT REQUIRED,B,OCCUPANT UNKNOWN,CELL PHONE NOT IN USE,,,S,,,B,PROCEEDING STRAIGHT,G,IMPAIRMENT_NOT_KNOWN,,,M,MALE,,,CA,,,,,1999.0,HARLEY-DAVIDSON,,,,,,,,,,,,,,
10312751,2763570,1,Driver,,False,,M,AIR BAG NOT DEPLOYED,B,OCCUPANT UNKNOWN,,VISION OBSCUREMENT,,E,,,L,ENTERING TRAFFICD,G,IMPAIRMENT_NOT_KNOWN,,,M,MALE,,,CA,H,HISPANIC,,,2021.0,KIA,,,,,,,,,,,,,,
10312750,2763568,2,Driver,,False,,P,NOT REQUIRED,,,CELL PHONE NOT IN USE,NONE APPARENT,,W,,,B,PROCEEDING STRAIGHT,A,HAD NOT BEEN DRINKING,,,M,MALE,,,CA,H,HISPANIC,,,2007.0,HARLEY-DAVIDSON,,,,,,,,,,,,,,
10312749,2763568,1,Driver,True,False,,B,UNKNOWN,,,,,,W,,,B,PROCEEDING STRAIGHT,G,IMPAIRMENT_NOT_KNOWN,,,,,,,,,,,,,,,,,,,,,,,,,,,
10312748,2763567,3,Driver,,False,,L,AIR BAG DEPLOYED,G,OCCUPANT LAP SHOULDER HARNESS USED,,,,S,,,,,A,HAD NOT BEEN DRINKING,,,M,MALE,,,CA,H,HISPANIC,,,2008.0,SCION,,,,,,,,,,,,,,
10312747,2763567,2,Driver,,False,,L,AIR BAG DEPLOYED,B,OCCUPANT UNKNOWN,,,,N,,,C,RAN OFF ROAD,A,HAD NOT BEEN DRINKING,,,M,MALE,,,,H,HISPANIC,,,2000.0,NISSAN,,,,,,,,,,,,,,
10312746,2763567,1,Driver,True,False,,L,AIR BAG DEPLOYED,B,OCCUPANT UNKNOWN,,,,N,,,J,CHANGING LANES,G,IMPAIRMENT_NOT_KNOWN,,,,,,,,,,,,1999.0,HONDA,,,,,,,,,,,,,,
10312641,2763512,2,Driver,,False,,L,AIR BAG DEPLOYED,C,OCCUPANT LAP BELT USED,,NONE APPARENT,,W,,,B,PROCEEDING STRAIGHT,A,HAD NOT BEEN DRINKING,,,F,FEMALE,,,CA,,,,,2011.0,NISSAN,,,,,,,,,,,,,,
10312640,2763512,1,Driver,True,False,,L,AIR BAG DEPLOYED,C,OCCUPANT LAP BELT USED,,NONE APPARENT,,S,,,B,PROCEEDING STRAIGHT,A,HAD NOT BEEN DRINKING,,,M,MALE,,,CA,H,HISPANIC,,,2003.0,HONDA,,,,,,,,,,,,,,
10312608,2763495,4,ParkedVehicle,,False,,,,,,,NONE APPARENT,,,,,O,PARKED,H,NOT APPLICABLE,,,,,,,,,,,,2003.0,LINCOLN,,,,,,,,,,,,,,
10312607,2763495,3,ParkedVehicle,,False,,,,,,,NONE APPARENT,,,,,O,PARKED,H,NOT APPLICABLE,,,,,,,,,,,,1993.0,FORD,,,,,,,,,,,,,,
10312606,2763495,2,ParkedVehicle,,False,,,,,,,NONE APPARENT,,,,,O,PARKED,H,NOT APPLICABLE,,,,,,,,,,,,2007.0,,,,,,,,,,,,,,,
10312605,2763495,1,Driver,True,False,,M,AIR BAG NOT DEPLOYED,B,OCCUPANT UNKNOWN,HAZARDOUS MATERIAL,VC SECTION VIOLATED - 23152 / NONE APPARENT,,E,,,I,PASSING OTHER VEHICLE,B,HBD-UNDER INFLUENCE,,,M,MALE,,,CA,H,HISPANIC,,,1993.0,FORD,,,,,,,,,,,,,,
10312602,2763493,2,Driver,,False,,M,AIR BAG NOT DEPLOYED,G,OCCUPANT LAP SHOULDER HARNESS USED,,NONE APPARENT,,W,,,E,MAKING LEFT TURN,A,HAD NOT BEEN DRINKING,,,M,MALE,,,CA,H,HISPANIC,,,2014.0,ACURA,,,,,,,,,,,,,,
10312601,2763493,1,Driver,True,False,,M,AIR BAG NOT DEPLOYED,G,OCCUPANT LAP SHOULDER HARNESS USED,,NONE APPARENT,,N,,,I,PASSING OTHER VEHICLE,A,HAD NOT BEEN DRINKING,,,M,MALE,,,CA,B,BLACK,,,2004.0,HONDA,,,,,,,,,,,,,,
10312600,2763492,2,Driver,,False,,M,AIR BAG NOT DEPLOYED,G,OCCUPANT LAP SHOULDER HARNESS USED,,NONE APPARENT,,W,,,A,STOPPED,A,HAD NOT BEEN DRINKING,,,F,FEMALE,,,CA,,,,,2008.0,NISSAN,,,,,,,,,,,,,,
10312599,2763492,1,Driver,True,False,,M,AIR BAG NOT DEPLOYED,G,OCCUPANT LAP SHOULDER HARNESS USED,,NONE APPARENT,,W,,,B,PROCEEDING STRAIGHT,A,HAD NOT BEEN DRINKING,,,F,FEMALE,,,CA,W,WHITE,,,2006.0,LEXUS,,,,,,,,,,,,,,
10312567,2763476,2,Driver,,False,,M,AIR BAG NOT DEPLOYED,G,OCCUPANT LAP SHOULDER HARNESS USED,CELL PHONE NOT IN USE,NONE APPARENT,,E,,,B,PROCEEDING STRAIGHT,A,HAD NOT BEEN DRINKING,,,F,FEMALE,,,CA,H,HISPANIC,1.0,PassengerCarStationWagonJeep,2016.0,FORD,,,,,,,,,,,,,,
10312566,2763476,1,Driver,True,False,,M,AIR BAG NOT DEPLOYED,G,OCCUPANT LAP SHOULDER HARNESS USED,CELL PHONE NOT IN USE,NONE APPARENT,,N,,,E,MAKING LEFT TURN,A,HAD NOT BEEN DRINKING,,,F,FEMALE,,,CA,A,ASIAN,,,2018.0,MERCEDES-BENZ,,,,,,,,,,,,,,
10312565,2763475,3,ParkedVehicle,,False,,,,,,,,,N,,,O,PARKED,H,NOT APPLICABLE,,,,,,,,,,,,2001.0,AUDI,,,,,,,,,,,,,,
10312564,2763475,2,ParkedVehicle,,False,,,,,,,,,S,,,O,PARKED,H,NOT APPLICABLE,,,,,,,,,,22.0,PickupsAndPanels,1990.0,FORD,,,,,,,,,,,,,,
10312563,2763475,1,Driver,True,False,,M,AIR BAG NOT DEPLOYED,B,OCCUPANT UNKNOWN,,VC SECTION VIOLATED - 23152 A / NONE APPARENT,,S,,,B,PROCEEDING STRAIGHT,B,HBD-UNDER INFLUENCE,,,F,FEMALE,,,CA,H,HISPANIC,,,2005.0,LEXUS,,,,,,,,,,,,,,
10312510,2763451,2,Driver,,False,,M,AIR BAG NOT DEPLOYED,C,OCCUPANT LAP BELT USED,,NONE APPARENT,,N,,,B,PROCEEDING STRAIGHT,A,HAD NOT BEEN DRINKING,,,M,MALE,,,CA,O,OTHER,,,,KINK,,,,,,,,,,,,,,
10312509,2763451,1,Driver,,False,,L,AIR BAG DEPLOYED,G,OCCUPANT LAP SHOULDER HARNESS USED,,NONE APPARENT,,E,,,B,PROCEEDING STRAIGHT,A,HAD NOT BEEN DRINKING,,,M,MALE,,,CA,W,WHITE,,,2020.0,VOLKSWAGEN,,,,,,,,,,,,,,
10312494,2763443,2,Driver,,False,,M,AIR BAG NOT DEPLOYED,G,OCCUPANT LAP SHOULDER HARNESS USED,CELL PHONE NOT IN USE,NONE APPARENT,,W,,,A,STOPPED,H,NOT APPLICABLE,,,F,FEMALE,,,CA,O,OTHER,,,1992.0,TOYOTA,,,,,,,,,,,,,,
10312493,2763443,1,Driver,True,False,,B,UNKNOWN,,,,INATTENTION,OTHER,W,,,B,PROCEEDING STRAIGHT,G,IMPAIRMENT_NOT_KNOWN,,,M,MALE,,,CA,W,WHITE,,,2000.0,CHEV,,,,,,,,,,,,,,
10311926,2763156,2,Driver,,False,,P,NOT REQUIRED,A,OCCUPANT NONE IN VEHICLE,,NONE APPARENT,,W,,,B,PROCEEDING STRAIGHT,H,NOT APPLICABLE,,,M,MALE,,,CA,H,HISPANIC,,,2014.0,HONDA,,,,,,,,,,,,,,
10311925,2763156,1,Driver,True,False,,M,AIR BAG NOT DEPLOYED,G,OCCUPANT LAP SHOULDER HARNESS USED,,VC SECTION VIOLATED - 12500 A / NONE APPARENT,,W,,,L,ENTERING TRAFFICD,H,NOT APPLICABLE,,,M,MALE,,,,H,HISPANIC,,,1990.0,INTERNATIONAL HARVESTER,,,,,,,,,,,,,,
10311355,2762885,2,ParkedVehicle,,False,,,,,,,NONE APPARENT,,S,,,O,PARKED,A,HAD NOT BEEN DRINKING,,,,,,,,,,22.0,PickupsAndPanels,2003.0,DODGE,,,,,,,,,,,,,,
10311354,2762885,1,Driver,True,False,,P,NOT REQUIRED,V,MOTOR BICYCLE DRIVER NO HELMET,,VC SECTION VIOLATED - 12500 B,,W,,,E,MAKING LEFT TURN,A,HAD NOT BEEN DRINKING,,,M,MALE,,,CA,H,HISPANIC,2.0,Motorcycle,2005.0,YAMAHA,,,,,,,,,,,,,,
10311353,2762884,2,Driver,,False,,M,AIR BAG NOT DEPLOYED,G,OCCUPANT LAP SHOULDER HARNESS USED,CELL PHONE NOT IN USE,,,W,,,B,PROCEEDING STRAIGHT,A,HAD NOT BEEN DRINKING,,,M,MALE,,,CA,A,ASIAN,1.0,PassengerCarStationWagonJeep,2013.0,NISSAN,,,,,,,,,,,,,,
10311352,2762884,1,Driver,True,False,,M,AIR BAG NOT DEPLOYED,G,OCCUPANT LAP SHOULDER HARNESS USED,CELL PHONE NOT IN USE,NONE APPARENT,,N,,,E,MAKING LEFT TURN,A,HAD NOT BEEN DRINKING,,,M,MALE,,,CA,H,HISPANIC,1.0,PassengerCarStationWagonJeep,2012.0,TOYOTA,,,,,,,,,,,,,,
10311351,2762883,2,Driver,,False,,L,AIR BAG DEPLOYED,G,OCCUPANT LAP SHOULDER HARNESS USED,,,,N,,,B,PROCEEDING STRAIGHT,A,HAD NOT BEEN DRINKING,,,M,MALE,,,CA,H,HISPANIC,1.0,PassengerCarStationWagonJeep,2015.0,TOYOTA,,,,,,,,,,,,,,
10311350,2762883,1,Driver,True,False,,B,UNKNOWN,G,OCCUPANT LAP SHOULDER HARNESS USED,,VC SECTION VIOLATED - 12500,,E,,,B,PROCEEDING STRAIGHT,A,HAD NOT BEEN DRINKING,,,M,MALE,,,,H,HISPANIC,1.0,PassengerCarStationWagonJeep,2016.0,FORD,,,,,,,,,,,,,,
10310987,2762704,2,Driver,,False,,M,AIR BAG NOT DEPLOYED,B,OCCUPANT UNKNOWN,,NONE APPARENT,,N,,,B,PROCEEDING STRAIGHT,A,HAD NOT BEEN DRINKING,,,M,MALE,,,CA,W,WHITE,1.0,PassengerCarStationWagonJeep,2014.0,HONDA,,,,,,,,,,,,,,
10310986,2762704,1,Bicyclist,True,False,,,,,,,INATTENTION,OTHER,E,,,B,PROCEEDING STRAIGHT,A,HAD NOT BEEN DRINKING,,,M,MALE,,,,W,WHITE,4.0,Bicycle,,,,,,,,,,,,,,,,
10310985,2762703,2,Driver,,False,,L,AIR BAG DEPLOYED,G,OCCUPANT LAP SHOULDER HARNESS USED,,NONE APPARENT,,S,,,B,PROCEEDING STRAIGHT,A,HAD NOT BEEN DRINKING,,,F,FEMALE,,,CA,H,HISPANIC,1.0,PassengerCarStationWagonJeep,2005.0,INFINITI,,,,,,,,,,,,,,
10310984,2762703,1,Driver,True,False,,L,AIR BAG DEPLOYED,G,OCCUPANT LAP SHOULDER HARNESS USED,,NONE APPARENT,,S,,,B,PROCEEDING STRAIGHT,A,HAD NOT BEEN DRINKING,,,F,FEMALE,,,CA,H,HISPANIC,1.0,PassengerCarStationWagonJeep,2017.0,VOLVO,,,,,,,,,,,,,,
10310983,2762702,2,Driver,,False,,L,AIR BAG DEPLOYED,G,OCCUPANT LAP SHOULDER HARNESS USED,,NONE APPARENT,,E,,,B,PROCEEDING STRAIGHT,A,HAD NOT BEEN DRINKING,,,F,FEMALE,,,CA,H,HISPANIC,1.0,PassengerCarStationWagonJeep,2008.0,FORD,,,,,,,,,,,,,,
10310982,2762702,1,Driver,True,False,,L,AIR BAG DEPLOYED,G,OCCUPANT LAP SHOULDER HARNESS USED,,NONE APPARENT,,N,,,B,PROCEEDING STRAIGHT,A,HAD NOT BEEN DRINKING,,,F,FEMALE,,,CA,,,1.0,PassengerCarStationWagonJeep,2017.0,TOYOTA,,,,,,,,,,,,,,
10310966,2762694,1,Driver,True,False,,L,AIR BAG DEPLOYED,G,OCCUPANT LAP SHOULDER HARNESS USED,CELL PHONE HANDSFREE IN USE,VC SECTION VIOLATED - 22107 / INATTENTION,CELL PHONE HANDSFREE,N,,,E,MAKING LEFT TURN,B,HBD-UNDER INFLUENCE,,,M,MALE,,,CA,O,OTHER,,,2011.0,MERCEDES-BENZ,,,,,,,,,,,,,,
10310965,2762693,2,Driver,,False,,L,AIR BAG DEPLOYED,G,OCCUPANT LAP SHOULDER HARNESS USED,,,,N,,,H,SLOWING/STOPPING,A,HAD NOT BEEN DRINKING,,,M,MALE,,,CA,H,HISPANIC,,,2012.0,KIA,,,,,,,,,,,,,,
10310964,2762693,1,Driver,True,False,,L,AIR BAG DEPLOYED,B,OCCUPANT UNKNOWN,,VC SECTION VIOLATED - 16025 A,,N,,,P,MERGING,G,IMPAIRMENT_NOT_KNOWN,,,M,MALE,,,,W,WHITE,,,2015.0,MINI,,,,,,,,,,,,,,
10310963,2762692,3,ParkedVehicle,,False,,,,,,CELL PHONE NOT IN USE,VC SECTION VIOLATED,,,,,O,PARKED,H,NOT APPLICABLE,,,,,,,,,,,,,LEXUS,,,,,,,,,,,,,,
10310962,2762692,2,Driver,,False,,L,AIR BAG DEPLOYED,G,OCCUPANT LAP SHOULDER HARNESS USED,CELL PHONE NOT IN USE,,,E,,,B,PROCEEDING STRAIGHT,A,HAD NOT BEEN DRINKING,,,M,MALE,,,CA,H,HISPANIC,,,2006.0,HONDA,,,,,,,,,,,,,,
10310961,2762692,1,Pedestrian,True,False,,,,,,CELL PHONE NOT IN USE,UNINVOLVED VEHICLE / OTHER,,E,,,R,OTHER,G,IMPAIRMENT_NOT_KNOWN,,,F,FEMALE,,,,B,BLACK,60.0,Pedestrian,,,,,,,,,,,,,,,,
10310960,2762691,2,Driver,,False,,M,AIR BAG NOT DEPLOYED,C,OCCUPANT LAP BELT USED,,,,N,,,B,PROCEEDING STRAIGHT,A,HAD NOT BEEN DRINKING,,,M,MALE,,,CA,,,,,2010.0,HONDA,,,,,,,,,,,,,,
10310959,2762691,1,Driver,True,False,,M,AIR BAG NOT DEPLOYED,C,OCCUPANT LAP BELT USED,,,,E,,,B,PROCEEDING STRAIGHT,A,HAD NOT BEEN DRINKING,,,F,FEMALE,,,CA,,,,,2015.0,FORD,,,,,,,,,,,,,,
10310958,2762690,3,Driver,,False,,M,AIR BAG NOT DEPLOYED,G,OCCUPANT LAP SHOULDER HARNESS USED,,NONE APPARENT,,N,,,A,STOPPED,A,HAD NOT BEEN DRINKING,,,M,MALE,,,CA,W,WHITE,,,2005.0,GMC,,,,,,,,,,,,,,
10310957,2762690,2,Driver,,False,,M,AIR BAG NOT DEPLOYED,G,OCCUPANT LAP SHOULDER HARNESS USED,,NONE APPARENT,,N,,,A,STOPPED,A,HAD NOT BEEN DRINKING,,,F,FEMALE,,,NV,H,HISPANIC,,,2014.0,JEEP,,,,,,,,,,,,,,
10310956,2762690,1,Driver,True,False,,L,AIR BAG DEPLOYED,G,OCCUPANT LAP SHOULDER HARNESS USED,,NONE APPARENT,,N,,,B,PROCEEDING STRAIGHT,A,HAD NOT BEEN DRINKING,,,M,MALE,,,CA,,,,,2010.0,TOYOTA,,,,,,,,,,,,,,