PartyId,CollisionId,PartyNumber,PartyType,IsAtFault,IsOnDutyEmergencyVehicle,IsHitAndRun,AirbagCode,AirbagDescription,SafetyEquipmentCode,SafetyEquipmentDescription,Special Information,Other Associate Factor,Inattention,DirectionOfTravel,StreetOrHighwayName,SpeedLimit,MovementPrecCollCode,MovementPrecCollDescription,SobrietyDrugPhysicalCode1,SobrietyDrugPhysicalDescription1,SobrietyDrugPhysicalCode2,SobrietyDrugPhysicalDescription2,GenderCode,GenderDescription,StatedAge,DriverLicenseClass,DriverLicenseStateCode,RaceCode,RaceDesc,Vehicle1TypeId, Vehicle1TypeDesc, Vehicle1Year,Vehicle1Make,Vehicle1Model,Vehicle1Color,V1IsVehicleTowed,Vehicle2TypeId, Vehicle2TypeDesc, Vehicle2Year,Vehicle2Make,Vehicle2Model,Vehicle2Color,V2IsVehicleTowed,Lane,ThruLanes,TotalLanes,IsDREConducted
10380620,2797280,2,Driver,,False,,L,AIR BAG DEPLOYED,C,OCCUPANT LAP BELT USED,,NONE APPARENT,,E,,,B,PROCEEDING STRAIGHT,H,NOT APPLICABLE,,,F,FEMALE,,,CA,W,WHITE,,,2018.0,HYUNDAI,,,,,,,,,,,,,,
10380619,2797280,1,Driver,,False,,B,UNKNOWN,,,,NONE APPARENT,,W,,,E,MAKING LEFT TURN,H,NOT APPLICABLE,,,F,FEMALE,,,CA,,,,,2010.0,LEXUS,,,,,,,,,,,,,,
10380618,2797278,2,Driver,,False,,B,UNKNOWN,,,CELL PHONE NOT IN USE,NONE APPARENT,,S,,,B,PROCEEDING STRAIGHT,A,HAD NOT BEEN DRINKING,,,M,MALE,,,CA,W,WHITE,,,2009.0,SAAB,,,,,,,,,,,,,,
10380617,2797278,1,Driver,True,False,,B,UNKNOWN,C,OCCUPANT LAP BELT USED,CELL PHONE NOT IN USE,NONE APPARENT,,W,,,B,PROCEEDING STRAIGHT,A,HAD NOT BEEN DRINKING,,,F,FEMALE,,,CA,H,HISPANIC,,,2017.0,HONDA,,,,,,,,,,,,,,
10380616,2797275,1,Driver,True,False,,L,AIR BAG DEPLOYED,C,OCCUPANT LAP BELT USED,CELL PHONE HANDHELD IN USE,,,E,,,B,PROCEEDING STRAIGHT,A,HAD NOT BEEN DRINKING,,,F,FEMALE,,,CA,W,WHITE,,,,,,,,,,,,,,,,,,
10380615,2797277,2,Driver,,False,,M,AIR BAG NOT DEPLOYED,G,OCCUPANT LAP SHOULDER HARNESS USED,,NONE APPARENT,,E,,,B,PROCEEDING STRAIGHT,A,HAD NOT BEEN DRINKING,,,F,FEMALE,,,CA,A,ASIAN,,,2019.0,HONDA,,,,,,,,,,,,,,
10380614,2797277,1,Other,True,False,,,,,,,NONE APPARENT,,S,,,B,PROCEEDING STRAIGHT,A,HAD NOT BEEN DRINKING,,,,,,,,,,,,,,,,,,,,,,,,,,,
10380613,2797270,1,Driver,True,False,,M,AIR BAG NOT DEPLOYED,H,OCCUPANT LAP SHOULDER HARNESS NOT USED,,,,W,,,M,OTHER UNSAFE TURNING,G,IMPAIRMENT_NOT_KNOWN,,,F,FEMALE,,,CA,B,BLACK,,,1998.0,TOYOTA,,,,,,,,,,,,,,
10380612,2797266,2,Driver,,False,,,,,,,NONE APPARENT,,S,,,A,STOPPED,A,HAD NOT BEEN DRINKING,,,F,FEMALE,,,,H,HISPANIC,,,1999.0,NISSAN,,,,,,,,,,,,,,
10380611,2797266,1,Driver,True,False,,,,,,,OTHER,,S,,,B,PROCEEDING STRAIGHT,G,IMPAIRMENT_NOT_KNOWN,,,,,,,,,,,,2013.0,FORD,,,,,,,,,,,,,,
10380608,2797265,2,Driver,,False,,M,AIR BAG NOT DEPLOYED,G,OCCUPANT LAP SHOULDER HARNESS USED,,NONE APPARENT,,S,,,E,MAKING LEFT TURN,A,HAD NOT BEEN DRINKING,,,F,FEMALE,,,CA,H,HISPANIC,,,2006.0,TOYOTA,,,,,,,,,,,,,,
10380607,2797265,1,Driver,True,False,,,,,,,VC SECTION VIOLATED - 20001,,,,,B,PROCEEDING STRAIGHT,G,IMPAIRMENT_NOT_KNOWN,,,,,,,,,,,,,,,,,,,,,,,,,,,
10380606,2797264,2,Driver,True,False,,B,UNKNOWN,,,,VC SECTION VIOLATED - 22450,,,,,E,MAKING LEFT TURN,G,IMPAIRMENT_NOT_KNOWN,,,,,,,,,,,,,,,,,,,,,,,,,,,
10380605,2797264,1,Driver,,False,,P,NOT REQUIRED,,,,NONE APPARENT,,E,,,D,MAKING RIGHT TURN,A,HAD NOT BEEN DRINKING,,,M,MALE,,,CA,H,HISPANIC,,,,YAMAHA,,,,,,,,,,,,,,
10380574,2797248,2,Driver,,False,,M,AIR BAG NOT DEPLOYED,G,OCCUPANT LAP SHOULDER HARNESS USED,,NONE APPARENT,,W,,,H,SLOWING/STOPPING,A,HAD NOT BEEN DRINKING,,,M,MALE,,,CA,A,ASIAN,,,2017.0,VOLKSWAGEN,,,,,,,,,,,,,,
10380573,2797248,1,Driver,True,False,,M,AIR BAG NOT DEPLOYED,G,OCCUPANT LAP SHOULDER HARNESS USED,,NONE APPARENT,,W,,,B,PROCEEDING STRAIGHT,A,HAD NOT BEEN DRINKING,,,F,FEMALE,,,CA,B,BLACK,,,2018.0,DODGE,,,,,,,,,,,,,,
10380572,2797247,3,ParkedVehicle,,False,,,,,,,,,,,,O,PARKED,,,,,,,,,,,,,,2017.0,GMC,,,,,,,,,,,,,,
10380571,2797247,2,Driver,,False,,M,AIR BAG NOT DEPLOYED,G,OCCUPANT LAP SHOULDER HARNESS USED,CELL PHONE NOT IN USE,,,S,,,B,PROCEEDING STRAIGHT,A,HAD NOT BEEN DRINKING,,,M,MALE,,,CA,H,HISPANIC,,,,FORD,,,,,,,,,,,,,,
10380570,2797247,1,Driver,True,False,,M,AIR BAG NOT DEPLOYED,G,OCCUPANT LAP SHOULDER HARNESS USED,CELL PHONE NOT IN USE,,,S,,,G,BACKING,A,HAD NOT BEEN DRINKING,,,F,FEMALE,,,CA,A,ASIAN,,,2017.0,HONDA,,,,,,,,,,,,,,
10380463,2797188,2,Driver,,False,,M,AIR BAG NOT DEPLOYED,G,OCCUPANT LAP SHOULDER HARNESS USED,CELL PHONE NOT IN USE,VC SECTION VIOLATED,,W,,,B,PROCEEDING STRAIGHT,A,HAD NOT BEEN DRINKING,,,F,FEMALE,,U,CA,H,HISPANIC,1.0,PassengerCarStationWagonJeep,1990.0,LEXUS,,,,,,,,,,,,,,
10380462,2797188,1,Driver,True,False,,M,AIR BAG NOT DEPLOYED,G,OCCUPANT LAP SHOULDER HARNESS USED,CELL PHONE NOT IN USE,NONE APPARENT,,W,,,L,ENTERING TRAFFICD,A,HAD NOT BEEN DRINKING,,,M,MALE,,C,CA,A,ASIAN,8.0,MiniVan,2012.0,TOYOTA,,,,,,,,,,,,,,
10380285,2797095,2,Driver,,False,,L,AIR BAG DEPLOYED,C,OCCUPANT LAP BELT USED,CELL PHONE NOT IN USE,NONE APPARENT,,N,,,D,MAKING RIGHT TURN,A,HAD NOT BEEN DRINKING,,,M,MALE,,C,CA,H,HISPANIC,,,2011.0,MAZDA,,,,,,,,,,,,,,
10380284,2797095,1,Driver,True,False,,L,AIR BAG DEPLOYED,D,OCCUPANT LAP BELT NOT USED,CELL PHONE NOT IN USE,NONE APPARENT,,S,,,B,PROCEEDING STRAIGHT,A,HAD NOT BEEN DRINKING,,,M,MALE,,,,H,HISPANIC,,,1998.0,CHEVROLET,,,,,,,,,,,,,,
10380281,2797093,1,Driver,True,False,,,,,,,,,,,,,,,,,,M,MALE,,C,CA,A,ASIAN,,,2020.0,FORD,,,,,,,,,,,,,,
10380280,2797092,3,ParkedVehicle,,False,,,,,,,,,,,,O,PARKED,,,,,,,,,,,,,,2004.0,KIA,,,,,,,,,,,,,,
10380279,2797092,2,ParkedVehicle,,False,,,,,,,,,,,,O,PARKED,,,,,,,,,,,,,,2011.0,TOYOTA,,,,,,,,,,,,,,
10380278,2797092,1,Driver,True,False,,L,AIR BAG DEPLOYED,B,OCCUPANT UNKNOWN,,VC SECTION VIOLATED - 23152 A,,E,,,B,PROCEEDING STRAIGHT,B,HBD-UNDER INFLUENCE,,,M,MALE,,U,CA,H,HISPANIC,,,2004.0,FORD,,,,,,,,,,,,,,
10380277,2797091,1,Driver,True,False,,L,AIR BAG DEPLOYED,G,OCCUPANT LAP SHOULDER HARNESS USED,,VC SECTION VIOLATED - 22350 / NONE APPARENT,,E,,,B,PROCEEDING STRAIGHT,B,HBD-UNDER INFLUENCE,,,F,FEMALE,,C,CA,W,WHITE,,,2016.0,VOLKSWAGEN,,,,,,,,,,,,,,
10380276,2797090,2,Driver,,False,,L,AIR BAG DEPLOYED,G,OCCUPANT LAP SHOULDER HARNESS USED,,VC SECTION VIOLATED - 12500 A,,N,,,A,STOPPED,G,IMPAIRMENT_NOT_KNOWN,,,M,MALE,,,,H,HISPANIC,,,2001.0,TOYOTA,,,,,,,,,,,,,,
10380275,2797090,1,Driver,True,False,,L,AIR BAG DEPLOYED,G,OCCUPANT LAP SHOULDER HARNESS USED,,VC SECTION VIOLATED - 12500 A,,S,,,A,STOPPED,G,IMPAIRMENT_NOT_KNOWN,,,M,MALE,,,,H,HISPANIC,1.0,PassengerCarStationWagonJeep,2007.0,MERCEDES-BENZ,,,,,,,,,,,,,,
10380274,2797089,2,ParkedVehicle,,False,,,,,,,,,,,,,,,,,,,,,,,,,,,1993.0,CHEVROLET,,,,,,,,,,,,,,
10380273,2797089,1,Driver,True,False,,L,AIR BAG DEPLOYED,B,OCCUPANT UNKNOWN,,NONE APPARENT,,S,,,B,PROCEEDING STRAIGHT,D,HBD-IMPAIRMENT UNKNOWN,,,M,MALE,,,CA,W,WHITE,,,2000.0,FORD,,,,,,,,,,,,,,
10380272,2797088,4,ParkedVehicle,,False,,,,,,,,,,,,,,,,,,,,,,,,,,,2003.0,MITSUBISHI,,,,,,,,,,,,,,
10380271,2797088,3,ParkedVehicle,,False,,,,,,,,,,,,,,,,,,,,,,,,,,,2006.0,DODGE,,,,,,,,,,,,,,
10380270,2797088,2,ParkedVehicle,,False,,,,,,,,,,,,,,,,,,,,,,,,,,,2020.0,TOYOTA,,,,,,,,,,,,,,
10380269,2797088,1,Driver,True,False,,L,AIR BAG DEPLOYED,B,OCCUPANT UNKNOWN,CELL PHONE NOT IN USE,NONE APPARENT,,E,,,B,PROCEEDING STRAIGHT,G,IMPAIRMENT_NOT_KNOWN,,,M,MALE,,,CA,H,HISPANIC,1.0,PassengerCarStationWagonJeep,2012.0,HONDA,,,,,,,,,,,,,,
10380268,2797087,2,Driver,,False,,M,AIR BAG NOT DEPLOYED,G,OCCUPANT LAP SHOULDER HARNESS USED,,NONE APPARENT,,N,,,B,PROCEEDING STRAIGHT,G,IMPAIRMENT_NOT_KNOWN,,,F,FEMALE,,,CA,H,HISPANIC,1.0,PassengerCarStationWagonJeep,2019.0,CHEVROLET,,,,,,,,,,,,,,
10380267,2797087,1,Driver,True,False,,M,AIR BAG NOT DEPLOYED,B,OCCUPANT UNKNOWN,,NONE APPARENT,,N,,,B,PROCEEDING STRAIGHT,G,IMPAIRMENT_NOT_KNOWN,,,F,FEMALE,,,CA,W,WHITE,,,1994.0,FORD,,,,,,,,,,,,,,
10380266,2797086,1,Driver,True,False,,M,AIR BAG NOT DEPLOYED,C,OCCUPANT LAP BELT USED,,DEFECTIVE VEHICLE EQUIPMENT,,S,,,C,RAN OFF ROAD,A,HAD NOT BEEN DRINKING,,,M,MALE,,,CA,H,HISPANIC,1.0,PassengerCarStationWagonJeep,2018.0,LEXUS,,,,,,,,,,,,,,
10380265,2797085,5,Driver,,False,,L,AIR BAG DEPLOYED,G,OCCUPANT LAP SHOULDER HARNESS USED,,NONE APPARENT,,E,,,B,PROCEEDING STRAIGHT,G,IMPAIRMENT_NOT_KNOWN,,,F,FEMALE,,,,W,WHITE,,,2011.0,HYUNDAI,,,,,,,,,,,,,,
10380264,2797085,4,Driver,,False,,L,AIR BAG DEPLOYED,G,OCCUPANT LAP SHOULDER HARNESS USED,,NONE APPARENT,,E,,,B,PROCEEDING STRAIGHT,G,IMPAIRMENT_NOT_KNOWN,,,F,FEMALE,,,CA,H,HISPANIC,,,2014.0,DODGE,,,,,,,,,,,,,,
10380263,2797085,3,Driver,,False,,L,AIR BAG DEPLOYED,G,OCCUPANT LAP SHOULDER HARNESS USED,,NONE APPARENT,,E,,,B,PROCEEDING STRAIGHT,G,IMPAIRMENT_NOT_KNOWN,,,M,MALE,,,CA,H,HISPANIC,,,2013.0,ACURA,,,,,,,,,,,,,,
10380262,2797085,2,Driver,,False,,L,AIR BAG DEPLOYED,G,OCCUPANT LAP SHOULDER HARNESS USED,,NONE APPARENT,,S,,,B,PROCEEDING STRAIGHT,G,IMPAIRMENT_NOT_KNOWN,,,F,FEMALE,,,CA,W,WHITE,1.0,PassengerCarStationWagonJeep,2019.0,TOYOTA,,,,,,,,,,,,,,
10380261,2797085,1,Driver,True,False,,L,AIR BAG DEPLOYED,G,OCCUPANT LAP SHOULDER HARNESS USED,,NONE APPARENT,,W,,,B,PROCEEDING STRAIGHT,,,,,M,MALE,,,CA,,,,,2021.0,DODGE,,,,,,,,,,,,,,
10380260,2797084,2,Driver,,False,,L,AIR BAG DEPLOYED,G,OCCUPANT LAP SHOULDER HARNESS USED,,,,E,,,B,PROCEEDING STRAIGHT,A,HAD NOT BEEN DRINKING,,,F,FEMALE,,,CA,A,ASIAN,,,2017.0,TOYOTA,,,,,,,,,,,,,,
10380259,2797084,1,Driver,True,False,,L,AIR BAG DEPLOYED,G,OCCUPANT LAP SHOULDER HARNESS USED,,,,N,,,E,MAKING LEFT TURN,A,HAD NOT BEEN DRINKING,,,M,MALE,,,CA,W,WHITE,1.0,PassengerCarStationWagonJeep,2018.0,HONDA,,,,,,,,,,,,,,
10380258,2797083,2,Driver,,False,,M,AIR BAG NOT DEPLOYED,C,OCCUPANT LAP BELT USED,,NONE APPARENT,,S,,,B,PROCEEDING STRAIGHT,A,HAD NOT BEEN DRINKING,,,F,FEMALE,,,CA,,,,,2004.0,TOYOTA,,,,,,,,,,,,,,
10380257,2797083,1,Driver,True,False,,M,AIR BAG NOT DEPLOYED,C,OCCUPANT LAP BELT USED,,NONE APPARENT,,S,,,L,ENTERING TRAFFICD,A,HAD NOT BEEN DRINKING,,,M,MALE,,,CA,H,HISPANIC,,,2006.0,HONDA,,,,,,,,,,,,,,
10379657,2796784,2,Driver,,False,,M,AIR BAG NOT DEPLOYED,G,OCCUPANT LAP SHOULDER HARNESS USED,CELL PHONE NOT IN USE,NONE APPARENT,,S,,,B,PROCEEDING STRAIGHT,A,HAD NOT BEEN DRINKING,,,M,MALE,,,,H,HISPANIC,,,1999.0,FORD,,,,,,,,,,,,,,
10379656,2796784,1,Driver,True,False,,M,AIR BAG NOT DEPLOYED,G,OCCUPANT LAP SHOULDER HARNESS USED,CELL PHONE NOT IN USE,NONE APPARENT,,S,,,L,ENTERING TRAFFICD,A,HAD NOT BEEN DRINKING,,,M,MALE,,,,H,HISPANIC,,,2007.0,VOLKSWAGEN,,,,,,,,,,,,,,
10379655,2796783,2,Pedestrian,,False,,,,,,,UNFAMILIAR WITH ROAD,,W,,,,,,,,,F,FEMALE,,,,W,WHITE,60.0,Pedestrian,,,,,,,,,,,,,,,,
10379654,2796783,1,Driver,,False,,L,AIR BAG DEPLOYED,C,OCCUPANT LAP BELT USED,HAZARDOUS MATERIAL,PREVIOUS COLLISION,,N,,,,,G,IMPAIRMENT_NOT_KNOWN,,,M,MALE,,,CA,,,,,2018.0,TESLA,,,,,,,,,,,,,,
10379653,2796782,2,Bicyclist,,False,,,,,,,NONE APPARENT,,W,,,B,PROCEEDING STRAIGHT,A,HAD NOT BEEN DRINKING,,,M,MALE,,,,W,WHITE,4.0,Bicycle,,,,,,,,,,,,,,,,
10379652,2796782,1,Driver,True,False,,M,AIR BAG NOT DEPLOYED,B,OCCUPANT UNKNOWN,,INATTENTION,OTHER,N,,,D,MAKING RIGHT TURN,A,HAD NOT BEEN DRINKING,,,M,MALE,,,CA,A,ASIAN,,,2015.0,TOYOTA,,,,,,,,,,,,,,
10379651,2796781,2,Driver,,False,,L,AIR BAG DEPLOYED,C,OCCUPANT LAP BELT USED,,NONE APPARENT,,N,,,B,PROCEEDING STRAIGHT,A,HAD NOT BEEN DRINKING,,,F,FEMALE,,,CA,H,HISPANIC,,,2018.0,HYUNDAI,,,,,,,,,,,,,,
10379650,2796781,1,Driver,,False,,M,AIR BAG NOT DEPLOYED,C,OCCUPANT LAP BELT USED,,NONE APPARENT,,S,,,F,MAKING U TURN,A,HAD NOT BEEN DRINKING,,,F,FEMALE,,,CA,,,,,2018.0,HYUNDAI,,,,,,,,,,,,,,
10379649,2796780,3,Driver,,False,,M,AIR BAG NOT DEPLOYED,G,OCCUPANT LAP SHOULDER HARNESS USED,,NONE APPARENT,,N,,,H,SLOWING/STOPPING,A,HAD NOT BEEN DRINKING,,,F,FEMALE,,,CA,H,HISPANIC,,,2014.0,TOYOTA,,,,,,,,,,,,,,
10379648,2796780,2,Driver,,False,,M,AIR BAG NOT DEPLOYED,G,OCCUPANT LAP SHOULDER HARNESS USED,,NONE APPARENT,,N,,,H,SLOWING/STOPPING,A,HAD NOT BEEN DRINKING,,,M,MALE,,,CA,A,ASIAN,,,2016.0,HYUNDAI,,,,,,,,,,,,,,
10379647,2796780,1,Driver,True,False,,M,AIR BAG NOT DEPLOYED,G,OCCUPANT LAP SHOULDER HARNESS USED,,NONE APPARENT,,N,,,B,PROCEEDING STRAIGHT,A,HAD NOT BEEN DRINKING,,,M,MALE,,,CA,B,BLACK,,,2005.0,CHEVROLET,,,,,,,,,,,,,,
10379644,2796779,3,ParkedVehicle,,False,,,,,,,,,,,,,,,,,,,,,,,,,,,2008.0,LEXUS,,,,,,,,,,,,,,
10379643,2796779,2,ParkedVehicle,,False,,,,,,,,,,,,,,,,,,,,,,,,,,,2021.0,LAND ROVER,,,,,,,,,,,,,,
10379642,2796779,1,Driver,,False,,L,AIR BAG DEPLOYED,B,OCCUPANT UNKNOWN,,OTHER,,N,,,B,PROCEEDING STRAIGHT,G,IMPAIRMENT_NOT_KNOWN,I,SLEEPY/FATIGUED,M,MALE,,,CA,H,HISPANIC,,,2017.0,MERCEDES-BENZ,,,,,,,,,,,,,,
10379641,2796777,2,Driver,,False,,M,AIR BAG NOT DEPLOYED,G,OCCUPANT LAP SHOULDER HARNESS USED,,,,E,,,A,STOPPED,A,HAD NOT BEEN DRINKING,,,M,MALE,,,CA,H,HISPANIC,,,2004.0,ACURA,,,,,,,,,,,,,,
10379640,2796777,1,Driver,True,False,,M,AIR BAG NOT DEPLOYED,B,OCCUPANT UNKNOWN,,VC SECTION VIOLATED,,E,,,B,PROCEEDING STRAIGHT,B,HBD-UNDER INFLUENCE,,,M,MALE,,,CA,H,HISPANIC,,,1997.0,ACURA,,,,,,,,,,,,,,
10379627,2796770,2,Bicyclist,,False,,,,,,,,,N,,,B,PROCEEDING STRAIGHT,A,HAD NOT BEEN DRINKING,,,M,MALE,,,,,,4.0,Bicycle,,,,,,,,,,,,,,,,
10379626,2796770,1,Driver,True,False,,M,AIR BAG NOT DEPLOYED,G,OCCUPANT LAP SHOULDER HARNESS USED,,,,W,,,B,PROCEEDING STRAIGHT,A,HAD NOT BEEN DRINKING,,,F,FEMALE,,,CA,,,,,2001.0,HONDA,,,,,,,,,,,,,,
10375859,2794947,2,ParkedVehicle,,False,,,,,,,NONE APPARENT,,E,,,O,PARKED,H,NOT APPLICABLE,,,,,,,,,,,,2012.0,MINI,,,,,,,,,,,,,,
10375858,2794947,1,Driver,True,False,,L,AIR BAG DEPLOYED,G,OCCUPANT LAP SHOULDER HARNESS USED,CELL PHONE NOT IN USE,NONE APPARENT,,S,,,B,PROCEEDING STRAIGHT,A,HAD NOT BEEN DRINKING,,,M,MALE,,,CA,H,HISPANIC,,,1997.0,MERCEDES-BENZ,,,,,,,,,,,,,,
10375857,2794946,1,Driver,True,False,,L,AIR BAG DEPLOYED,G,OCCUPANT LAP SHOULDER HARNESS USED,CELL PHONE NOT IN USE,NONE APPARENT,,N,,,B,PROCEEDING STRAIGHT,A,HAD NOT BEEN DRINKING,,,M,MALE,,,CA,,,,,2004.0,NISSAN,,,,,,,,,,,,,,
10395437,2804661,1,Driver,True,False,,L,AIR BAG DEPLOYED,G,OCCUPANT LAP SHOULDER HARNESS USED,,NONE APPARENT,,S,,,C,RAN OFF ROAD,H,NOT APPLICABLE,,,M,MALE,,,CA,A,ASIAN,7.0,SportUtilityVehicle,2020.0,MAZDA,,,,,,,,,,,,,,
10395361,2804624,2,Driver,,False,,,,,,,,,N,,,,,,,,,,,,,,,,,,,,,,,,,,,,,,,,,
10395360,2804624,1,Driver,True,False,,,,,,,INATTENTION,OTHER,N,,,C,RAN OFF ROAD,A,HAD NOT BEEN DRINKING,,,F,FEMALE,,,CA,H,HISPANIC,,,1998.0,TOYOTA,,,,,,,,,,,,,,
10395351,2804618,2,Driver,,False,,L,AIR BAG DEPLOYED,G,OCCUPANT LAP SHOULDER HARNESS USED,CELL PHONE NOT IN USE,,,S,,,B,PROCEEDING STRAIGHT,A,HAD NOT BEEN DRINKING,,,F,FEMALE,,,CA,H,HISPANIC,,,2003.0,PONTIAC,,,,,,,,,,,,,,
10395350,2804618,1,Driver,True,False,,M,AIR BAG NOT DEPLOYED,G,OCCUPANT LAP SHOULDER HARNESS USED,CELL PHONE NOT IN USE,,,N,,,E,MAKING LEFT TURN,A,HAD NOT BEEN DRINKING,,,F,FEMALE,,,CA,W,WHITE,,,1997.0,TOYOTA,,,,,,,,,,,,,,
10395342,2804613,2,Driver,,False,,L,AIR BAG DEPLOYED,G,OCCUPANT LAP SHOULDER HARNESS USED,,NONE APPARENT,,W,,,E,MAKING LEFT TURN,,,,,M,MALE,,,,H,HISPANIC,,,2016.0,JEEP,,,,,,,,,,,,,,
10395341,2804613,1,Driver,True,False,,L,AIR BAG DEPLOYED,G,OCCUPANT LAP SHOULDER HARNESS USED,,NONE APPARENT,,E,,,B,PROCEEDING STRAIGHT,,,,,F,FEMALE,,,,W,WHITE,,,2017.0,BMW,,,,,,,,,,,,,,
10395340,2804612,2,Bicyclist,,False,,,,,,CELL PHONE NOT IN USE,NONE APPARENT,,N,,,B,PROCEEDING STRAIGHT,H,NOT APPLICABLE,,,M,MALE,,,,W,WHITE,4.0,Bicycle,,,,,,,,,,,,,,,,
10395339,2804612,1,Driver,True,False,,P,NOT REQUIRED,H,OCCUPANT LAP SHOULDER HARNESS NOT USED,CELL PHONE NOT IN USE,VC SECTION VIOLATED - 22517 / NONE APPARENT,,,,,O,PARKED,H,NOT APPLICABLE,,,M,MALE,,,CA,A,ASIAN,,,2018.0,LEXUS,,,,,,,,,,,,,,
10395338,2804611,2,Driver,,False,,M,AIR BAG NOT DEPLOYED,C,OCCUPANT LAP BELT USED,HAZARDOUS MATERIAL,,,E,,,B,PROCEEDING STRAIGHT,A,HAD NOT BEEN DRINKING,,,M,MALE,,,CA,H,HISPANIC,,,1990.0,HONDA,,,,,,,,,,,,,,
10395337,2804611,1,Driver,True,False,,M,AIR BAG NOT DEPLOYED,C,OCCUPANT LAP BELT USED,HAZARDOUS MATERIAL,,,N,,,D,MAKING RIGHT TURN,A,HAD NOT BEEN DRINKING,,,M,MALE,,,CA,H,HISPANIC,,,2005.0,TOYOTA,,,,,,,,,,,,,,
10395336,2804610,1,Driver,True,False,,L,AIR BAG DEPLOYED,G,OCCUPANT LAP SHOULDER HARNESS USED,CELL PHONE NOT IN USE,INATTENTION,ANIMALS,N,,,B,PROCEEDING STRAIGHT,A,HAD NOT BEEN DRINKING,,,F,FEMALE,,,CA,,,,,2007.0,LEXUS,,,,,,,,,,,,,,
10395335,2804609,2,Driver,,False,,L,AIR BAG DEPLOYED,G,OCCUPANT LAP SHOULDER HARNESS USED,,NONE APPARENT,,E,,,B,PROCEEDING STRAIGHT,A,HAD NOT BEEN DRINKING,,,F,FEMALE,,,CA,W,WHITE,,,2002.0,HONDA,,,,,,,,,,,,,,
10395334,2804609,1,Driver,True,False,,L,AIR BAG DEPLOYED,G,OCCUPANT LAP SHOULDER HARNESS USED,,NONE APPARENT,,W,,,E,MAKING LEFT TURN,A,HAD NOT BEEN DRINKING,,,M,MALE,,,CA,H,HISPANIC,,,1997.0,FORD,,,,,,,,,,,,,,
10395333,2804608,2,Driver,,False,,M,AIR BAG NOT DEPLOYED,G,OCCUPANT LAP SHOULDER HARNESS USED,,NONE APPARENT,,N,,,G,BACKING,G,IMPAIRMENT_NOT_KNOWN,,,F,FEMALE,,,CA,A,ASIAN,,,,HONDA,,,,,,,,,,,,,,
10395332,2804608,1,Driver,True,False,,L,AIR BAG DEPLOYED,G,OCCUPANT LAP SHOULDER HARNESS USED,,INATTENTION,OTHER,E,,,B,PROCEEDING STRAIGHT,G,IMPAIRMENT_NOT_KNOWN,,,F,FEMALE,,,,O,OTHER,,,2021.0,HONDA,,,,,,,,,,,,,,
10395331,2804607,2,Driver,,False,,M,AIR BAG NOT DEPLOYED,G,OCCUPANT LAP SHOULDER HARNESS USED,,NONE APPARENT,,S,,,A,STOPPED,A,HAD NOT BEEN DRINKING,,,F,FEMALE,,,CA,,,,,2011.0,MERCEDES-BENZ,,,,,,,,,,,,,,
10395330,2804607,1,Driver,True,False,,L,AIR BAG DEPLOYED,G,OCCUPANT LAP SHOULDER HARNESS USED,,INATTENTION,OTHER,S,,,B,PROCEEDING STRAIGHT,A,HAD NOT BEEN DRINKING,,,F,FEMALE,,,,H,HISPANIC,,,2012.0,KIA,,,,,,,,,,,,,,
10395329,2804606,1,Driver,True,False,,L,AIR BAG DEPLOYED,H,OCCUPANT LAP SHOULDER HARNESS NOT USED,,,,S,,,E,MAKING LEFT TURN,A,HAD NOT BEEN DRINKING,,,M,MALE,,,CA,A,ASIAN,,,2010.0,HONDA,,,,,,,,,,,,,,
10394971,2804423,2,Driver,,False,,M,AIR BAG NOT DEPLOYED,B,OCCUPANT UNKNOWN,,,,W,,,B,PROCEEDING STRAIGHT,H,NOT APPLICABLE,,,M,MALE,,,CA,H,HISPANIC,1.0,PassengerCarStationWagonJeep,2006.0,GMC,,,,,,,,,,,,,,
10394970,2804423,1,Bicyclist,True,False,,,,,,,,,,,,B,PROCEEDING STRAIGHT,H,NOT APPLICABLE,,,M,MALE,,,,W,WHITE,4.0,Bicycle,,,,,,,,,,,,,,,,
10394969,2804422,1,Driver,True,False,,M,AIR BAG NOT DEPLOYED,G,OCCUPANT LAP SHOULDER HARNESS USED,,,,S,,,B,PROCEEDING STRAIGHT,,,,,M,MALE,,,CA,W,WHITE,,,2011.0,CHRYSLER,,,,,,,,,,,,,,
10394968,2804421,2,Driver,,False,,L,AIR BAG DEPLOYED,G,OCCUPANT LAP SHOULDER HARNESS USED,CELL PHONE NOT IN USE,NONE APPARENT,,S,,,A,STOPPED,A,HAD NOT BEEN DRINKING,,,F,FEMALE,,,CA,,,,,2011.0,HONDA,,,,,,,,,,,,,,
10394967,2804421,1,Driver,True,False,,L,AIR BAG DEPLOYED,G,OCCUPANT LAP SHOULDER HARNESS USED,CELL PHONE NOT IN USE,NONE APPARENT,,N,,,B,PROCEEDING STRAIGHT,A,HAD NOT BEEN DRINKING,,,F,FEMALE,,,CA,A,ASIAN,,,2018.0,MERCEDES-BENZ,,,,,,,,,,,,,,
10394966,2804420,1,Driver,True,False,,L,AIR BAG DEPLOYED,C,OCCUPANT LAP BELT USED,,NONE APPARENT,,N,,,B,PROCEEDING STRAIGHT,H,NOT APPLICABLE,,,F,FEMALE,,,CA,H,HISPANIC,,,2017.0,MITSUBISHI,,,,,,,,,,,,,,
10394955,2804414,2,Driver,,False,,M,AIR BAG NOT DEPLOYED,G,OCCUPANT LAP SHOULDER HARNESS USED,CELL PHONE NOT IN USE,NONE APPARENT,,E,,,B,PROCEEDING STRAIGHT,A,HAD NOT BEEN DRINKING,,,M,MALE,,,CA,W,WHITE,,,2016.0,CADILLAC,,,,,,,,,,,,,,
10394954,2804414,1,Driver,True,False,,M,AIR BAG NOT DEPLOYED,G,OCCUPANT LAP SHOULDER HARNESS USED,CELL PHONE NOT IN USE,NONE APPARENT,,W,,,A,STOPPED,A,HAD NOT BEEN DRINKING,,,F,FEMALE,,,CA,W,WHITE,,,2016.0,TOYOTA,,,,,,,,,,,,,,
10394721,2804292,3,Driver,,False,,M,AIR BAG NOT DEPLOYED,G,OCCUPANT LAP SHOULDER HARNESS USED,,,,S,,,,,H,NOT APPLICABLE,,,F,FEMALE,,F,,H,HISPANIC,,,2005.0,TOYOTA,,,,,,,,,,,,,,