PartyId,CollisionId,PartyNumber,PartyType,IsAtFault,IsOnDutyEmergencyVehicle,IsHitAndRun,AirbagCode,AirbagDescription,SafetyEquipmentCode,SafetyEquipmentDescription,Special Information,Other Associate Factor,Inattention,DirectionOfTravel,StreetOrHighwayName,SpeedLimit,MovementPrecCollCode,MovementPrecCollDescription,SobrietyDrugPhysicalCode1,SobrietyDrugPhysicalDescription1,SobrietyDrugPhysicalCode2,SobrietyDrugPhysicalDescription2,GenderCode,GenderDescription,StatedAge,DriverLicenseClass,DriverLicenseStateCode,RaceCode,RaceDesc,Vehicle1TypeId, Vehicle1TypeDesc, Vehicle1Year,Vehicle1Make,Vehicle1Model,Vehicle1Color,V1IsVehicleTowed,Vehicle2TypeId, Vehicle2TypeDesc, Vehicle2Year,Vehicle2Make,Vehicle2Model,Vehicle2Color,V2IsVehicleTowed,Lane,ThruLanes,TotalLanes,IsDREConducted
10419073,2816329,2,Driver,,False,,B,UNKNOWN,,,,,,,,,A,STOPPED,A,HAD NOT BEEN DRINKING,,,M,MALE,,M,,H,HISPANIC,,,2001.0,GMC,,,,,,,,,,,,,,
10419072,2816329,1,Driver,,False,,M,AIR BAG NOT DEPLOYED,B,OCCUPANT UNKNOWN,,VC SECTION VIOLATED - 23152 A,,E,,,B,PROCEEDING STRAIGHT,B,HBD-UNDER INFLUENCE,,,M,MALE,,,,H,HISPANIC,,,2020.0,NISSAN,,,,,,,,,,,,,,
10419071,2816328,3,ParkedVehicle,,False,,,,,,,,,,,,O,PARKED,G,IMPAIRMENT_NOT_KNOWN,,,,,,,,,,,,2001.0,CHEVROLET,,,,,,,,,,,,,,
10419070,2816328,2,Pedestrian,,False,,,,,,,,,S,,,R,OTHER,G,IMPAIRMENT_NOT_KNOWN,,,M,MALE,,,,H,HISPANIC,60.0,Pedestrian,,,,,,,,,,,,,,,,
10419069,2816328,1,Driver,,False,,M,AIR BAG NOT DEPLOYED,B,OCCUPANT UNKNOWN,,,,N,,,B,PROCEEDING STRAIGHT,C,HBD-NOT UNDER INFLUENCE,,,M,MALE,,,CA,H,HISPANIC,,,2018.0,FIAT,,,,,,,,,,,,,,
10419068,2816327,3,Driver,,False,,M,AIR BAG NOT DEPLOYED,C,OCCUPANT LAP BELT USED,,NONE APPARENT,,N,,,A,STOPPED,H,NOT APPLICABLE,,,F,FEMALE,,C,CA,H,HISPANIC,,,2011.0,NISSAN,,,,,,,,,,,,,,
10419067,2816327,2,Driver,,False,,M,AIR BAG NOT DEPLOYED,C,OCCUPANT LAP BELT USED,,NONE APPARENT,,N,,,B,PROCEEDING STRAIGHT,H,NOT APPLICABLE,,,M,MALE,,C,CA,W,WHITE,,,2017.0,NISSAN,,,,,,,,,,,,,,
10419066,2816327,1,Driver,True,False,,M,AIR BAG NOT DEPLOYED,C,OCCUPANT LAP BELT USED,,NONE APPARENT,,N,,,J,CHANGING LANES,H,NOT APPLICABLE,,,F,FEMALE,,,CA,H,HISPANIC,,,2011.0,KIA,,,,,,,,,,,,,,
10418463,2816042,3,Pedestrian,,False,,,,,,,,,N,,,,,,,,,M,MALE,,,,,,60.0,Pedestrian,,,,,,,,,,,,,,,,
10418462,2816042,2,Pedestrian,,False,,,,,,,,,N,,,,,,,,,F,FEMALE,,,,,,60.0,Pedestrian,,,,,,,,,,,,,,,,
10418461,2816042,1,Driver,True,False,,M,AIR BAG NOT DEPLOYED,G,OCCUPANT LAP SHOULDER HARNESS USED,CELL PHONE NOT IN USE,NONE APPARENT,,E,,,E,MAKING LEFT TURN,H,NOT APPLICABLE,,,M,MALE,,,CA,A,ASIAN,,,1996.0,TOYOTA,,,,,,,,,,,,,,
10418460,2816041,2,Driver,,False,,L,AIR BAG DEPLOYED,H,OCCUPANT LAP SHOULDER HARNESS NOT USED,,,,N,,,B,PROCEEDING STRAIGHT,A,HAD NOT BEEN DRINKING,,,M,MALE,,,CA,W,WHITE,,,1999.0,HONDA,,,,,,,,,,,,,,
10418459,2816041,1,Driver,True,False,,L,AIR BAG DEPLOYED,B,OCCUPANT UNKNOWN,,VC SECTION VIOLATED - 20001,,,,,R,OTHER,G,IMPAIRMENT_NOT_KNOWN,,,,,,,,,,,,2001.0,LEXUS,,,,,,,,,,,,,,
10418458,2816040,2,Bicyclist,,False,,,,,,CELL PHONE NOT IN USE,VC SECTION VIOLATED,,W,,,B,PROCEEDING STRAIGHT,A,HAD NOT BEEN DRINKING,,,M,MALE,,,,H,HISPANIC,4.0,Bicycle,,,,,,,,,,,,,,,,
10418457,2816040,1,Driver,,False,,M,AIR BAG NOT DEPLOYED,W,MOTOR BICYCLE DRIVER WITH HELMET,CELL PHONE NOT IN USE,,,W,,,E,MAKING LEFT TURN,A,HAD NOT BEEN DRINKING,,,M,MALE,,,CA,,,,,2007.0,HONDA,,,,,,,,,,,,,,
10418456,2816039,4,ParkedVehicle,,False,,,,,,,NONE APPARENT,,,,,O,PARKED,H,NOT APPLICABLE,,,,,,,,,,,,2011.0,TOYOTA,,,,,,,,,,,,,,
10418455,2816039,3,ParkedVehicle,,False,,,,,,,NONE APPARENT,,,,,O,PARKED,H,NOT APPLICABLE,,,,,,,,,,,,2011.0,TOYOTA,,,,,,,,,,,,,,
10418454,2816039,2,ParkedVehicle,,False,,,,,,,NONE APPARENT,,,,,O,PARKED,H,NOT APPLICABLE,,,,,,,,,,,,2001.0,TOYOTA,,,,,,,,,,,,,,
10418453,2816039,1,Driver,True,False,,,,,,,INATTENTION,OTHER,E,,,B,PROCEEDING STRAIGHT,A,HAD NOT BEEN DRINKING,,,M,MALE,,,CA,H,HISPANIC,,,2015.0,CHEVROLET,,,,,,,,,,,,,,
10418452,2816038,2,Driver,,False,,M,AIR BAG NOT DEPLOYED,G,OCCUPANT LAP SHOULDER HARNESS USED,,NONE APPARENT,,S,,,B,PROCEEDING STRAIGHT,A,HAD NOT BEEN DRINKING,,,M,MALE,,,CA,,,,,2002.0,ACURA,,,,,,,,,,,,,,
10418451,2816038,1,Driver,True,False,,M,AIR BAG NOT DEPLOYED,G,OCCUPANT LAP SHOULDER HARNESS USED,,NONE APPARENT,,N,,,E,MAKING LEFT TURN,A,HAD NOT BEEN DRINKING,,,M,MALE,,,CA,A,ASIAN,,,2004.0,TOYOTA,,,,,,,,,,,,,,
10418450,2816037,3,Driver,,False,,M,AIR BAG NOT DEPLOYED,G,OCCUPANT LAP SHOULDER HARNESS USED,CELL PHONE NOT IN USE,NONE APPARENT,,N,,,A,STOPPED,A,HAD NOT BEEN DRINKING,,,M,MALE,,,CA,H,HISPANIC,,,2012.0,FORD,,,,,,,,,,,,,,
10418449,2816037,2,Driver,,False,,M,AIR BAG NOT DEPLOYED,G,OCCUPANT LAP SHOULDER HARNESS USED,CELL PHONE NOT IN USE,NONE APPARENT,,E,,,D,MAKING RIGHT TURN,A,HAD NOT BEEN DRINKING,,,M,MALE,,C,CA,H,HISPANIC,,,2012.0,FORD,,,,,,,,,,,,,,
10418448,2816037,1,Driver,True,False,,P,NOT REQUIRED,,,CELL PHONE NOT IN USE,NONE APPARENT,,E,,,B,PROCEEDING STRAIGHT,A,HAD NOT BEEN DRINKING,,,M,MALE,,M,CA,H,HISPANIC,2.0,Motorcycle,2020.0,KAWASAKI,,,,,,,,,,,,,,
10418447,2816036,2,Driver,,False,,M,AIR BAG NOT DEPLOYED,G,OCCUPANT LAP SHOULDER HARNESS USED,CELL PHONE NOT IN USE,STOP & GO TRAFFIC,,N,,,A,STOPPED,A,HAD NOT BEEN DRINKING,,,M,MALE,,,,H,HISPANIC,,,2016.0,TOYOTA,,,,,,,,,,,,,,
10418446,2816036,1,Driver,True,False,,M,AIR BAG NOT DEPLOYED,G,OCCUPANT LAP SHOULDER HARNESS USED,CELL PHONE NOT IN USE,STOP & GO TRAFFIC,,N,,,B,PROCEEDING STRAIGHT,A,HAD NOT BEEN DRINKING,,,M,MALE,,,CA,H,HISPANIC,,,2007.0,VOLKSWAGEN,,,,,,,,,,,,,,
10418445,2816035,2,Bicyclist,,False,,,,,,CELL PHONE NOT IN USE,NONE APPARENT,,W,,,B,PROCEEDING STRAIGHT,A,HAD NOT BEEN DRINKING,,,M,MALE,,,,H,HISPANIC,,,,,,,,,,,,,,,,,,
10418444,2816035,1,Driver,True,False,,M,AIR BAG NOT DEPLOYED,G,OCCUPANT LAP SHOULDER HARNESS USED,CELL PHONE NOT IN USE,NONE APPARENT,,W,,,D,MAKING RIGHT TURN,A,HAD NOT BEEN DRINKING,,,M,MALE,,,CA,A,ASIAN,,,2012.0,LEXUS,,,,,,,,,,,,,,
10418443,2816034,2,Driver,True,False,,M,AIR BAG NOT DEPLOYED,G,OCCUPANT LAP SHOULDER HARNESS USED,CELL PHONE NOT IN USE,NONE APPARENT,,E,,,E,MAKING LEFT TURN,A,HAD NOT BEEN DRINKING,,,M,MALE,,,CA,H,HISPANIC,,,2001.0,HONDA,,,,,,,,,,,,,,
10418442,2816034,1,Driver,,False,,B,UNKNOWN,,,CELL PHONE NOT IN USE,NONE APPARENT,,N,,,B,PROCEEDING STRAIGHT,G,IMPAIRMENT_NOT_KNOWN,,,,,,,,,,,,1999.0,GMC,,,,,,,,,,,,,,
10417914,2815784,1,Driver,True,False,,L,AIR BAG DEPLOYED,G,OCCUPANT LAP SHOULDER HARNESS USED,,VC SECTION VIOLATED - 20002,,N,,,B,PROCEEDING STRAIGHT,A,HAD NOT BEEN DRINKING,,,M,MALE,,,CA,H,HISPANIC,,,2013.0,HONDA,,,,,,,,,,,,,,
10417913,2815782,4,ParkedVehicle,,False,,,,,,,NONE APPARENT,,S,,,O,PARKED,C,HBD-NOT UNDER INFLUENCE,,,,,,,,,,,,2020.0,TOYOTA,,,,,,,,,,,,,,
10417912,2815782,3,ParkedVehicle,,False,,,,,,,NONE APPARENT,,,,,O,PARKED,A,HAD NOT BEEN DRINKING,,,,,,,,,,,,2015.0,JEEP,,,,,,,,,,,,,,
10417911,2815782,2,ParkedVehicle,,False,,,,,,,NONE APPARENT,,,,,O,PARKED,A,HAD NOT BEEN DRINKING,,,,,,,,,,,,2010.0,TOYOTA,,,,,,,,,,,,,,
10417910,2815782,1,Driver,True,False,,,,,,,OTHER,,S,,,R,OTHER,C,HBD-NOT UNDER INFLUENCE,,,,,,,,,,,,2005.0,MERCEDES-BENZ,,,,,,,,,,,,,,
10417909,2815781,2,Pedestrian,,False,,,,,,,,,N,,,B,PROCEEDING STRAIGHT,C,HBD-NOT UNDER INFLUENCE,,,M,MALE,,,,O,OTHER,60.0,Pedestrian,,,,,,,,,,,,,,,,
10417908,2815781,1,Driver,True,False,,B,UNKNOWN,,,,RUNAWAY VEHICLE,,E,,,B,PROCEEDING STRAIGHT,D,HBD-IMPAIRMENT UNKNOWN,,,,,,,,,,,,,,,,,,,,,,,,,,,
10417907,2815780,3,ParkedVehicle,,False,,,,,,CELL PHONE NOT IN USE,NONE APPARENT,,,,,O,PARKED,H,NOT APPLICABLE,,,,,,,,,,,,2017.0,TOYOTA,,,,,,,,,,,,,,
10417906,2815780,2,Driver,,False,,L,AIR BAG DEPLOYED,C,OCCUPANT LAP BELT USED,CELL PHONE NOT IN USE,NONE APPARENT,,E,,,B,PROCEEDING STRAIGHT,A,HAD NOT BEEN DRINKING,,,F,FEMALE,,,CA,B,BLACK,,,2000.0,LEXUS,,,,,,,,,,,,,,
10417905,2815780,1,Driver,True,False,,L,AIR BAG DEPLOYED,C,OCCUPANT LAP BELT USED,CELL PHONE NOT IN USE,NONE APPARENT,,W,,,E,MAKING LEFT TURN,A,HAD NOT BEEN DRINKING,,,M,MALE,,,CA,B,BLACK,,,2016.0,TOYOTA,,,,,,,,,,,,,,
10417904,2815779,4,ParkedVehicle,,False,,,,,,,NONE APPARENT,,E,,,O,PARKED,H,NOT APPLICABLE,,,,,,,,,,,,2002.0,HONDA,,,,,,,,,,,,,,
10417903,2815779,3,ParkedVehicle,,False,,,,,,,NONE APPARENT,,E,,,O,PARKED,H,NOT APPLICABLE,,,,,,,,,,,,2008.0,TOYOTA,,,,,,,,,,,,,,
10417902,2815779,2,ParkedVehicle,,False,,,,,,,NONE APPARENT,,E,,,O,PARKED,H,NOT APPLICABLE,,,,,,,,,,,,2016.0,TOYOTA,,,,,,,,,,,,,,
10417901,2815779,1,Driver,True,False,,M,AIR BAG NOT DEPLOYED,G,OCCUPANT LAP SHOULDER HARNESS USED,,NONE APPARENT,,W,,,B,PROCEEDING STRAIGHT,A,HAD NOT BEEN DRINKING,,,F,FEMALE,,,CA,H,HISPANIC,,,2006.0,MITSUBISHI,,,,,,,,,,,,,,
10417900,2815778,2,Driver,,False,,M,AIR BAG NOT DEPLOYED,G,OCCUPANT LAP SHOULDER HARNESS USED,,NONE APPARENT,,N,,,B,PROCEEDING STRAIGHT,A,HAD NOT BEEN DRINKING,,,F,FEMALE,,,CA,W,WHITE,,,2001.0,FORD,,,,,,,,,,,,,,
10417899,2815778,1,Driver,True,False,,L,AIR BAG DEPLOYED,G,OCCUPANT LAP SHOULDER HARNESS USED,,NONE APPARENT,,S,,,Q,TRAVELLING WRONG WAY,A,HAD NOT BEEN DRINKING,,,M,MALE,,,CA,,,,,2021.0,TOYOTA,,,,,,,,,,,,,,
10417898,2815777,5,ParkedVehicle,,False,,,,,,,,,,,,,,,,,,,,,,,,,,,,MAZDA,,,,,,,,,,,,,,
10417897,2815777,4,ParkedVehicle,,False,,,,,,,,,,,,,,,,,,,,,,,,,,,2018.0,HONDA,,,,,,,,,,,,,,
10417896,2815777,3,ParkedVehicle,,False,,,,,,,NONE APPARENT,,,,,,,,,,,,,,,,,,,,2004.0,HONDA,,,,,,,,,,,,,,
10417895,2815777,2,Driver,,False,,M,AIR BAG NOT DEPLOYED,G,OCCUPANT LAP SHOULDER HARNESS USED,,,,S,,,,,A,HAD NOT BEEN DRINKING,,,M,MALE,,,,H,HISPANIC,,,1993.0,NISSAN,,,,,,,,,,,,,,
10417894,2815777,1,Driver,True,False,,M,AIR BAG NOT DEPLOYED,G,OCCUPANT LAP SHOULDER HARNESS USED,,VC SECTION VIOLATED - 22350,,S,,,B,PROCEEDING STRAIGHT,A,HAD NOT BEEN DRINKING,,,F,FEMALE,,,CA,A,ASIAN,,,2011.0,HONDA,,,,,,,,,,,,,,
10417893,2815776,3,Driver,,False,,M,AIR BAG NOT DEPLOYED,G,OCCUPANT LAP SHOULDER HARNESS USED,,STOP & GO TRAFFIC,,S,,,H,SLOWING/STOPPING,A,HAD NOT BEEN DRINKING,,,F,FEMALE,,,,,,,,2010.0,TOYOTA,,,,,,,,,,,,,,
10417892,2815776,2,Driver,,False,,M,AIR BAG NOT DEPLOYED,G,OCCUPANT LAP SHOULDER HARNESS USED,,STOP & GO TRAFFIC,,S,,,A,STOPPED,A,HAD NOT BEEN DRINKING,,,F,FEMALE,,,CA,H,HISPANIC,,,2020.0,HONDA,,,,,,,,,,,,,,
10417891,2815776,1,Driver,True,False,,M,AIR BAG NOT DEPLOYED,C,OCCUPANT LAP BELT USED,,STOP & GO TRAFFIC,,S,,,B,PROCEEDING STRAIGHT,A,HAD NOT BEEN DRINKING,,,M,MALE,,,,H,HISPANIC,,,2017.0,FORD,,,,,,,,,,,,,,
10417890,2815775,2,Driver,,False,,M,AIR BAG NOT DEPLOYED,G,OCCUPANT LAP SHOULDER HARNESS USED,CELL PHONE HANDHELD IN USE,NONE APPARENT,,W,,,R,OTHER,H,NOT APPLICABLE,,,M,MALE,,,CA,,,,,2012.0,HONDA,,,,,,,,,,,,,,
10417889,2815775,1,Driver,True,False,,P,NOT REQUIRED,,,,NONE APPARENT,,W,,,I,PASSING OTHER VEHICLE,H,NOT APPLICABLE,,,M,MALE,,,CA,W,WHITE,,,1991.0,HONDA,,,,,,,,,,,,,,
10417888,2815774,2,Bicyclist,,False,,,,,,CELL PHONE NOT IN USE,NONE APPARENT,,S,,,B,PROCEEDING STRAIGHT,A,HAD NOT BEEN DRINKING,,,F,FEMALE,,,,W,WHITE,4.0,Bicycle,,,,,,,,,,,,,,,,
10417887,2815774,1,Driver,True,False,,M,AIR BAG NOT DEPLOYED,G,OCCUPANT LAP SHOULDER HARNESS USED,CELL PHONE NOT IN USE,NONE APPARENT,,N,,,D,MAKING RIGHT TURN,A,HAD NOT BEEN DRINKING,,,F,FEMALE,,F,MA,W,WHITE,,,2022.0,HONDA,,,,,,,,,,,,,,
10417886,2815773,2,Driver,,False,,P,NOT REQUIRED,W,MOTOR BICYCLE DRIVER WITH HELMET,CELL PHONE NOT IN USE,NONE APPARENT,,W,,,B,PROCEEDING STRAIGHT,A,HAD NOT BEEN DRINKING,,,M,MALE,,,WA,W,WHITE,,,2015.0,YAMAHA,,,,,,,,,,,,,,
10417885,2815773,1,Driver,True,False,,M,AIR BAG NOT DEPLOYED,W,MOTOR BICYCLE DRIVER WITH HELMET,CELL PHONE NOT IN USE,NONE APPARENT,,S,,,A,STOPPED,A,HAD NOT BEEN DRINKING,,,M,MALE,,,CA,O,OTHER,,,2012.0,TOYOTA,,,,,,,,,,,,,,
10417884,2815772,2,Driver,,False,,M,AIR BAG NOT DEPLOYED,C,OCCUPANT LAP BELT USED,,NONE APPARENT,,W,,,E,MAKING LEFT TURN,C,HBD-NOT UNDER INFLUENCE,,,F,FEMALE,,,,H,HISPANIC,,,2017.0,BMW,,,,,,,,,,,,,,
10417883,2815772,1,Driver,True,False,,L,AIR BAG DEPLOYED,B,OCCUPANT UNKNOWN,,NONE APPARENT,,N,,,B,PROCEEDING STRAIGHT,C,HBD-NOT UNDER INFLUENCE,,,F,FEMALE,,,,H,HISPANIC,,,2013.0,HYUNDAI,,,,,,,,,,,,,,
10417882,2815771,3,Driver,,False,,M,AIR BAG NOT DEPLOYED,C,OCCUPANT LAP BELT USED,CELL PHONE NOT IN USE,NONE APPARENT,,N,,,A,STOPPED,G,IMPAIRMENT_NOT_KNOWN,,,M,MALE,,,CA,H,HISPANIC,,,2018.0,TOYOTA,,,,,,,,,,,,,,
10417881,2815771,2,Driver,,False,,M,AIR BAG NOT DEPLOYED,C,OCCUPANT LAP BELT USED,CELL PHONE NOT IN USE,NONE APPARENT,,N,,,A,STOPPED,G,IMPAIRMENT_NOT_KNOWN,,,F,FEMALE,,,CA,,,,,2017.0,TOYOTA,,,,,,,,,,,,,,
10417880,2815771,1,Driver,True,False,,M,AIR BAG NOT DEPLOYED,C,OCCUPANT LAP BELT USED,CELL PHONE NOT IN USE,VC SECTION VIOLATED - 21703,,N,,,B,PROCEEDING STRAIGHT,G,IMPAIRMENT_NOT_KNOWN,,,F,FEMALE,,,CA,H,HISPANIC,,,2007.0,FORD,,,,,,,,,,,,,,
10417879,2815770,1,Driver,,False,,L,AIR BAG DEPLOYED,C,OCCUPANT LAP BELT USED,,NONE APPARENT,,W,,,C,RAN OFF ROAD,D,HBD-IMPAIRMENT UNKNOWN,,,M,MALE,,,CA,A,ASIAN,,,2005.0,HONDA,,,,,,,,,,,,,,
10417876,2815768,3,ParkedVehicle,,False,,,,,,,,,,,,O,PARKED,H,NOT APPLICABLE,,,,,,,,,,,,2019.0,FORD,,,,,,,,,,,,,,
10417875,2815768,2,Driver,,False,,L,AIR BAG DEPLOYED,G,OCCUPANT LAP SHOULDER HARNESS USED,,,,N,,,B,PROCEEDING STRAIGHT,A,HAD NOT BEEN DRINKING,,,F,FEMALE,,,CA,W,WHITE,,,2007.0,VOLKSWAGEN,,,,,,,,,,,,,,
10417874,2815768,1,Driver,True,False,,L,AIR BAG DEPLOYED,B,OCCUPANT UNKNOWN,,,,E,,,B,PROCEEDING STRAIGHT,G,IMPAIRMENT_NOT_KNOWN,,,,,,,,,,,,2010.0,AUDI,,,,,,,,,,,,,,
10416567,2815107,2,Pedestrian,,False,,,,,,,NONE APPARENT,,W,,,R,OTHER,A,HAD NOT BEEN DRINKING,,,M,MALE,,,,H,HISPANIC,60.0,Pedestrian,,,,,,,,,,,,,,,,
10416566,2815107,1,Driver,True,False,,M,AIR BAG NOT DEPLOYED,G,OCCUPANT LAP SHOULDER HARNESS USED,,NONE APPARENT,,N,,,E,MAKING LEFT TURN,A,HAD NOT BEEN DRINKING,,,M,MALE,,,,H,HISPANIC,1.0,PassengerCarStationWagonJeep,1994.0,HONDA,,,,,,,,,,,,,,
10416562,2815105,3,Driver,,False,,L,AIR BAG DEPLOYED,W,MOTOR BICYCLE DRIVER WITH HELMET,,,,W,,,B,PROCEEDING STRAIGHT,H,NOT APPLICABLE,,,M,MALE,,,CA,W,WHITE,1.0,PassengerCarStationWagonJeep,1999.0,SAAB,,,,,,,,,,,,,,
10416561,2815105,2,Driver,,False,,L,AIR BAG DEPLOYED,W,MOTOR BICYCLE DRIVER WITH HELMET,,,,W,,,B,PROCEEDING STRAIGHT,H,NOT APPLICABLE,,,M,MALE,,,,H,HISPANIC,1.0,PassengerCarStationWagonJeep,2012.0,NISSAN,,,,,,,,,,,,,,
10416560,2815105,1,Driver,True,False,,L,AIR BAG DEPLOYED,W,MOTOR BICYCLE DRIVER WITH HELMET,,VC SECTION VIOLATED - 21453 A,,N,,,B,PROCEEDING STRAIGHT,H,NOT APPLICABLE,,,M,MALE,,,CA,H,HISPANIC,7.0,SportUtilityVehicle,2000.0,DODGE,,,,,,,,,,,,,,
10416434,2815044,2,Driver,,False,,M,AIR BAG NOT DEPLOYED,E,OCCUPANT SHOULDER HARNESS USED,,,,,,,B,PROCEEDING STRAIGHT,A,HAD NOT BEEN DRINKING,,,F,FEMALE,,,CA,H,HISPANIC,,,2009.0,NISSAN,,,,,,,,,,,,,,
10416433,2815044,1,Bicyclist,True,False,,,,,,,NONE APPARENT,,W,,,I,PASSING OTHER VEHICLE,A,HAD NOT BEEN DRINKING,,,M,MALE,,,,H,HISPANIC,4.0,Bicycle,,,,,,,,,,,,,,,,
10433931,2823645,5,Driver,,False,,M,AIR BAG NOT DEPLOYED,G,OCCUPANT LAP SHOULDER HARNESS USED,,,,N,,,A,STOPPED,A,HAD NOT BEEN DRINKING,,,M,MALE,,C,CA,W,WHITE,1.0,PassengerCarStationWagonJeep,2018.0,TESLA,,,,,,,,,,,,,,
10433930,2823645,4,Driver,,False,,M,AIR BAG NOT DEPLOYED,G,OCCUPANT LAP SHOULDER HARNESS USED,,,,N,,,A,STOPPED,A,HAD NOT BEEN DRINKING,,,M,MALE,,C,CA,H,HISPANIC,22.0,PickupsAndPanels,2016.0,TOYOTA,,,,,,,,,,,,,,
10433929,2823645,3,Driver,,False,,M,AIR BAG NOT DEPLOYED,G,OCCUPANT LAP SHOULDER HARNESS USED,,,,N,,,A,STOPPED,A,HAD NOT BEEN DRINKING,,,F,FEMALE,,C,CA,W,WHITE,7.0,SportUtilityVehicle,2014.0,NISSAN,,,,,,,,,,,,,,
10433928,2823645,2,Driver,,False,,M,AIR BAG NOT DEPLOYED,G,OCCUPANT LAP SHOULDER HARNESS USED,,,,N,,,A,STOPPED,A,HAD NOT BEEN DRINKING,,,F,FEMALE,,C,CA,H,HISPANIC,1.0,PassengerCarStationWagonJeep,2006.0,MAZDA,,,,,,,,,,,,,,
10433927,2823645,1,Driver,True,False,,M,AIR BAG NOT DEPLOYED,G,OCCUPANT LAP SHOULDER HARNESS USED,,,,N,,,B,PROCEEDING STRAIGHT,A,HAD NOT BEEN DRINKING,,,F,FEMALE,,U,CA,,,1.0,PassengerCarStationWagonJeep,2020.0,KIA,,,,,,,,,,,,,,
10433926,2823644,3,Driver,,False,,B,UNKNOWN,,,,,,W,,,E,MAKING LEFT TURN,A,HAD NOT BEEN DRINKING,,,M,MALE,,,CA,H,HISPANIC,1.0,PassengerCarStationWagonJeep,2010.0,SCION,,,,,,,,,,,,,,
10433925,2823644,2,Driver,,False,,B,UNKNOWN,,,,,,E,,,E,MAKING LEFT TURN,A,HAD NOT BEEN DRINKING,,,M,MALE,,,CA,H,HISPANIC,22.0,PickupsAndPanels,,TOYOTA,,,,,,,,,,,,,,
10433924,2823644,1,Driver,True,False,,L,AIR BAG DEPLOYED,B,OCCUPANT UNKNOWN,,INATTENTION,OTHER,S,,,A,STOPPED,A,HAD NOT BEEN DRINKING,,,F,FEMALE,,,CA,,,1.0,PassengerCarStationWagonJeep,,TOY,,,,,,,,,,,,,,
10433923,2823643,2,Pedestrian,,False,,,,,,,,,E,,,R,OTHER,A,HAD NOT BEEN DRINKING,,,F,FEMALE,,,,H,HISPANIC,60.0,Pedestrian,,,,,,,,,,,,,,,,
10433922,2823643,1,Driver,True,False,,M,AIR BAG NOT DEPLOYED,G,OCCUPANT LAP SHOULDER HARNESS USED,,,,S,,,D,MAKING RIGHT TURN,A,HAD NOT BEEN DRINKING,,,M,MALE,,,CA,W,WHITE,22.0,PickupsAndPanels,2014.0,FORD,,,,,,,,,,,,,,
10433921,2823642,2,Driver,,False,,L,AIR BAG DEPLOYED,G,OCCUPANT LAP SHOULDER HARNESS USED,,NONE APPARENT,,S,,,B,PROCEEDING STRAIGHT,A,HAD NOT BEEN DRINKING,,,F,FEMALE,,C,CA,H,HISPANIC,1.0,PassengerCarStationWagonJeep,2018.0,HONDA,,,,,,,,,,,,,,
10433920,2823642,1,Driver,True,False,,M,AIR BAG NOT DEPLOYED,G,OCCUPANT LAP SHOULDER HARNESS USED,,NONE APPARENT,,W,,,D,MAKING RIGHT TURN,A,HAD NOT BEEN DRINKING,,,M,MALE,,U,CA,H,HISPANIC,7.0,SportUtilityVehicle,2007.0,GMC,,,,,,,,,,,,,,
10433919,2823641,3,Driver,,False,,M,AIR BAG NOT DEPLOYED,G,OCCUPANT LAP SHOULDER HARNESS USED,,NONE APPARENT,,,,,A,STOPPED,A,HAD NOT BEEN DRINKING,,,F,FEMALE,,C,CA,A,ASIAN,1.0,PassengerCarStationWagonJeep,2010.0,LEXUS,,,,,,,,,,,,,,
10433918,2823641,2,Driver,,False,,L,AIR BAG DEPLOYED,G,OCCUPANT LAP SHOULDER HARNESS USED,,NONE APPARENT,,S,,,A,STOPPED,A,HAD NOT BEEN DRINKING,,,M,MALE,,C,CA,A,ASIAN,1.0,PassengerCarStationWagonJeep,2006.0,ACURA,,,,,,,,,,,,,,
10433917,2823641,1,Driver,True,False,,L,AIR BAG DEPLOYED,G,OCCUPANT LAP SHOULDER HARNESS USED,,NONE APPARENT,,S,,,B,PROCEEDING STRAIGHT,A,HAD NOT BEEN DRINKING,,,M,MALE,,C,CA,H,HISPANIC,22.0,PickupsAndPanels,2021.0,NISSAN,,,,,,,,,,,,,,
10433916,2823640,2,Driver,,False,,M,AIR BAG NOT DEPLOYED,G,OCCUPANT LAP SHOULDER HARNESS USED,,NONE APPARENT,,N,,,B,PROCEEDING STRAIGHT,A,HAD NOT BEEN DRINKING,,,F,FEMALE,,C,CA,H,HISPANIC,1.0,PassengerCarStationWagonJeep,2006.0,TOYOTA,,,,,,,,,,,,,,
10433915,2823640,1,Driver,True,False,,M,AIR BAG NOT DEPLOYED,G,OCCUPANT LAP SHOULDER HARNESS USED,,NONE APPARENT,,W,,,B,PROCEEDING STRAIGHT,A,HAD NOT BEEN DRINKING,,,M,MALE,,C,CA,H,HISPANIC,22.0,PickupsAndPanels,2008.0,GMC,,,,,,,,,,,,,,
10433255,2823316,3,ParkedVehicle,,False,,,,,,,,,,,,O,PARKED,H,NOT APPLICABLE,,,,,,,,,,1.0,PassengerCarStationWagonJeep,2017.0,VOLKSWAGEN,,,,,,,,,,,,,,
10433254,2823316,2,Driver,,False,,L,AIR BAG DEPLOYED,G,OCCUPANT LAP SHOULDER HARNESS USED,,,,N,,,B,PROCEEDING STRAIGHT,C,HBD-NOT UNDER INFLUENCE,,,M,MALE,,C,CA,H,HISPANIC,7.0,SportUtilityVehicle,2004.0,FORD,,,,,,,,,,,,,,
10433253,2823316,1,Driver,,False,,L,AIR BAG DEPLOYED,G,OCCUPANT LAP SHOULDER HARNESS USED,,,,W,,,B,PROCEEDING STRAIGHT,C,HBD-NOT UNDER INFLUENCE,,,F,FEMALE,,C,CA,O,OTHER,1.0,PassengerCarStationWagonJeep,2016.0,HONDA,,,,,,,,,,,,,,
10433199,2823292,2,Driver,,False,,M,AIR BAG NOT DEPLOYED,G,OCCUPANT LAP SHOULDER HARNESS USED,,NONE APPARENT,,E,,,E,MAKING LEFT TURN,A,HAD NOT BEEN DRINKING,,,F,FEMALE,,,CA,,,,,2001.0,TOYOTA,,,,,,,,,,,,,,