PartyId,CollisionId,PartyNumber,PartyType,IsAtFault,IsOnDutyEmergencyVehicle,IsHitAndRun,AirbagCode,AirbagDescription,SafetyEquipmentCode,SafetyEquipmentDescription,Special Information,Other Associate Factor,Inattention,DirectionOfTravel,StreetOrHighwayName,SpeedLimit,MovementPrecCollCode,MovementPrecCollDescription,SobrietyDrugPhysicalCode1,SobrietyDrugPhysicalDescription1,SobrietyDrugPhysicalCode2,SobrietyDrugPhysicalDescription2,GenderCode,GenderDescription,StatedAge,DriverLicenseClass,DriverLicenseStateCode,RaceCode,RaceDesc,Vehicle1TypeId, Vehicle1TypeDesc, Vehicle1Year,Vehicle1Make,Vehicle1Model,Vehicle1Color,V1IsVehicleTowed,Vehicle2TypeId, Vehicle2TypeDesc, Vehicle2Year,Vehicle2Make,Vehicle2Model,Vehicle2Color,V2IsVehicleTowed,Lane,ThruLanes,TotalLanes,IsDREConducted
10433198,2823292,1,Driver,True,False,,L,AIR BAG DEPLOYED,B,OCCUPANT UNKNOWN,,VC SECTION VIOLATED - 21453 / NONE APPARENT,,N,,,B,PROCEEDING STRAIGHT,A,HAD NOT BEEN DRINKING,,,F,FEMALE,,,CA,H,HISPANIC,,,1996.0,TOYOTA,,,,,,,,,,,,,,
10432115,2822756,1,Driver,True,False,,L,AIR BAG DEPLOYED,B,OCCUPANT UNKNOWN,,VC SECTION VIOLATED - 23152,,W,,,C,RAN OFF ROAD,B,HBD-UNDER INFLUENCE,,,M,MALE,,,,H,HISPANIC,1.0,PassengerCarStationWagonJeep,2006.0,FORD,,,,,,,,,,,,,,
10432073,2822732,2,Pedestrian,,False,,,,,,,INATTENTION,OTHER,,,,R,OTHER,A,HAD NOT BEEN DRINKING,,,M,MALE,,,,H,HISPANIC,60.0,Pedestrian,,,,,,,,,,,,,,,,
10432072,2822732,1,Driver,True,False,,M,AIR BAG NOT DEPLOYED,G,OCCUPANT LAP SHOULDER HARNESS USED,,VC SECTION VIOLATED / INATTENTION,OTHER,N,,,D,MAKING RIGHT TURN,A,HAD NOT BEEN DRINKING,,,M,MALE,,C,CA,H,HISPANIC,,,2005.0,MAZDA,,,,,,,,,,,,,,
10432071,2822733,1,Driver,True,False,,L,AIR BAG DEPLOYED,E,OCCUPANT SHOULDER HARNESS USED,CELL PHONE NOT IN USE,DEFECTIVE VEHICLE EQUIPMENT,,,,,J,CHANGING LANES,A,HAD NOT BEEN DRINKING,,,M,MALE,,C,CA,W,WHITE,,,1998.0,PONTIAC,,,,,,,,,,,,,,
10432070,2822731,2,Pedestrian,,False,,,,,,,NONE APPARENT,,N,,,R,OTHER,A,HAD NOT BEEN DRINKING,,,M,MALE,,,,H,HISPANIC,60.0,Pedestrian,,,,,,,,,,,,,,,,
10432069,2822731,1,Driver,True,False,,M,AIR BAG NOT DEPLOYED,,,,NONE APPARENT,,S,,,E,MAKING LEFT TURN,A,HAD NOT BEEN DRINKING,,,F,FEMALE,,C,CA,A,ASIAN,,,2003.0,TOYOTA,,,,,,,,,,,,,,
10432068,2822730,2,Driver,,False,,M,AIR BAG NOT DEPLOYED,B,OCCUPANT UNKNOWN,CELL PHONE NOT IN USE,NONE APPARENT,,,,,B,PROCEEDING STRAIGHT,A,HAD NOT BEEN DRINKING,,,F,FEMALE,,C,CA,O,OTHER,,,2013.0,HONDA,,,,,,,,,,,,,,
10432067,2822730,1,Bicyclist,True,False,,,,,,CELL PHONE NOT IN USE,,,N,,,B,PROCEEDING STRAIGHT,A,HAD NOT BEEN DRINKING,,,M,MALE,,,,H,HISPANIC,4.0,Bicycle,,,,,,,,,,,,,,,,
10432066,2822729,2,Driver,,False,,L,AIR BAG DEPLOYED,,,CELL PHONE NOT IN USE,NONE APPARENT,,N,,,A,STOPPED,C,HBD-NOT UNDER INFLUENCE,,,F,FEMALE,,C,CA,H,HISPANIC,1.0,PassengerCarStationWagonJeep,2020.0,HONDA,,,,,,,,,,,,,,
10432065,2822729,1,Driver,True,False,,L,AIR BAG DEPLOYED,B,OCCUPANT UNKNOWN,CELL PHONE NOT IN USE,VC SECTION VIOLATED / NONE APPARENT,,N,,,M,OTHER UNSAFE TURNING,C,HBD-NOT UNDER INFLUENCE,,,M,MALE,,,,H,HISPANIC,1.0,PassengerCarStationWagonJeep,2020.0,HONDA,,,,,,,,,,,,,,
10432064,2822728,1,Driver,True,False,,L,AIR BAG DEPLOYED,,,,NONE APPARENT,,W,,,B,PROCEEDING STRAIGHT,A,HAD NOT BEEN DRINKING,,,M,MALE,,C,CA,H,HISPANIC,,,2000.0,ACURA,,,,,,,,,,,,,,
10432063,2822727,2,Bicyclist,,False,,,,,,,,,E,,,B,PROCEEDING STRAIGHT,A,HAD NOT BEEN DRINKING,,,M,MALE,,,,W,WHITE,4.0,Bicycle,,,,,,,,,,,,,,,,
10432062,2822727,1,Driver,True,False,,M,AIR BAG NOT DEPLOYED,G,OCCUPANT LAP SHOULDER HARNESS USED,,,,E,,,I,PASSING OTHER VEHICLE,A,HAD NOT BEEN DRINKING,,,M,MALE,,C,CA,,,,,2014.0,GILLIG (BUS),,,,,,,,,,,,,,
10432061,2822726,2,Driver,,False,,L,AIR BAG DEPLOYED,G,OCCUPANT LAP SHOULDER HARNESS USED,,NONE APPARENT,,S,,,B,PROCEEDING STRAIGHT,H,NOT APPLICABLE,,,M,MALE,,C,CA,H,HISPANIC,,,2002.0,HONDA,,,,,,,,,,,,,,
10432060,2822726,1,Driver,True,False,,L,AIR BAG DEPLOYED,G,OCCUPANT LAP SHOULDER HARNESS USED,,NONE APPARENT,,W,,,E,MAKING LEFT TURN,H,NOT APPLICABLE,,,M,MALE,,C,CA,H,HISPANIC,,,1996.0,CHEVROLET,,,,,,,,,,,,,,
10432059,2822725,2,Driver,,False,,L,AIR BAG DEPLOYED,,,,,,N,,,B,PROCEEDING STRAIGHT,A,HAD NOT BEEN DRINKING,,,M,MALE,,C,CA,H,HISPANIC,,,2020.0,TOYOTA,,,,,,,,,,,,,,
10432058,2822725,1,Driver,True,False,,M,AIR BAG NOT DEPLOYED,G,OCCUPANT LAP SHOULDER HARNESS USED,,,,,,,E,MAKING LEFT TURN,A,HAD NOT BEEN DRINKING,,,F,FEMALE,,C,CA,O,OTHER,,,2001.0,TOYOTA,,,,,,,,,,,,,,
10432057,2822724,4,ParkedVehicle,,False,,,,,,,,,,,,O,PARKED,,,,,,,,,,,,,,2017.0,CHEVROLET,,,,,,,,,,,,,,
10432056,2822724,3,ParkedVehicle,,False,,,,,,,,,,,,O,PARKED,,,,,,,,,,,,,,2014.0,SCION,,,,,,,,,,,,,,
10432055,2822724,2,ParkedVehicle,,False,,,,,,,,,,,,O,PARKED,,,,,,,,,,,,,,1993.0,CHEVROLET,,,,,,,,,,,,,,
10432054,2822724,1,Driver,True,False,,L,AIR BAG DEPLOYED,B,OCCUPANT UNKNOWN,,,,W,,,B,PROCEEDING STRAIGHT,B,HBD-UNDER INFLUENCE,,,M,MALE,,C,CA,H,HISPANIC,,,2015.0,DODGE,,,,,,,,,,,,,,
10432053,2822723,2,Driver,,False,,L,AIR BAG DEPLOYED,G,OCCUPANT LAP SHOULDER HARNESS USED,CELL PHONE NOT IN USE,NONE APPARENT,,,,,B,PROCEEDING STRAIGHT,A,HAD NOT BEEN DRINKING,,,M,MALE,,C,CA,W,WHITE,,,2017.0,HONDA,,,,,,,,,,,,,,
10432052,2822723,1,Driver,True,False,,L,AIR BAG DEPLOYED,G,OCCUPANT LAP SHOULDER HARNESS USED,CELL PHONE NOT IN USE,NONE APPARENT,,,,,P,MERGING,A,HAD NOT BEEN DRINKING,,,M,MALE,,C,CA,H,HISPANIC,,,2015.0,VOLKSWAGEN,,,,,,,,,,,,,,
10432051,2822722,2,Driver,,False,,M,AIR BAG NOT DEPLOYED,E,OCCUPANT SHOULDER HARNESS USED,,NONE APPARENT,,E,,,B,PROCEEDING STRAIGHT,A,HAD NOT BEEN DRINKING,,,F,FEMALE,,C,CA,H,HISPANIC,,,,TOYOTA,,,,,,,,,,,,,,
10432050,2822722,1,Driver,True,False,,M,AIR BAG NOT DEPLOYED,E,OCCUPANT SHOULDER HARNESS USED,,INATTENTION,OTHER,N,,,B,PROCEEDING STRAIGHT,A,HAD NOT BEEN DRINKING,,,F,FEMALE,,C,CA,,,,,2009.0,TOYOTA,,,,,,,,,,,,,,
10432044,2822720,2,Driver,,False,,L,AIR BAG DEPLOYED,G,OCCUPANT LAP SHOULDER HARNESS USED,,NONE APPARENT,,,,,B,PROCEEDING STRAIGHT,A,HAD NOT BEEN DRINKING,,,F,FEMALE,,C,CA,,,,,2016.0,VOLVO,,,,,,,,,,,,,,
10432043,2822720,1,Driver,True,False,,L,AIR BAG DEPLOYED,G,OCCUPANT LAP SHOULDER HARNESS USED,,NONE APPARENT,,N,,,E,MAKING LEFT TURN,A,HAD NOT BEEN DRINKING,,,M,MALE,,C,CA,A,ASIAN,,,2015.0,MERCEDES-BENZ,,,,,,,,,,,,,,
10431932,2822666,2,Driver,,False,,L,AIR BAG DEPLOYED,C,OCCUPANT LAP BELT USED,CELL PHONE NOT IN USE,NONE APPARENT,,S,,,B,PROCEEDING STRAIGHT,A,HAD NOT BEEN DRINKING,,,M,MALE,,,,H,HISPANIC,,,2002.0,TOYOTA,,,,,,,,,,,,,,
10431931,2822666,1,Driver,True,False,,L,AIR BAG DEPLOYED,C,OCCUPANT LAP BELT USED,CELL PHONE NOT IN USE,NONE APPARENT,,W,,,B,PROCEEDING STRAIGHT,A,HAD NOT BEEN DRINKING,,,F,FEMALE,,,,W,WHITE,,,1995.0,HONDA,,,,,,,,,,,,,,
10431930,2822665,2,Driver,,False,,M,AIR BAG NOT DEPLOYED,G,OCCUPANT LAP SHOULDER HARNESS USED,,,,S,,,B,PROCEEDING STRAIGHT,A,HAD NOT BEEN DRINKING,,,F,FEMALE,,,CA,H,HISPANIC,,,2017.0,TOYOTA,,,,,,,,,,,,,,
10431929,2822665,1,Bicyclist,True,False,,,,,,SCHOOL BUS RELATED,INATTENTION,OTHER,W,,,B,PROCEEDING STRAIGHT,A,HAD NOT BEEN DRINKING,,,M,MALE,,,,W,WHITE,4.0,Bicycle,,,,,,,,,,,,,,,,
10431928,2822664,2,Driver,,False,,M,AIR BAG NOT DEPLOYED,G,OCCUPANT LAP SHOULDER HARNESS USED,,NONE APPARENT,,,,,B,PROCEEDING STRAIGHT,A,HAD NOT BEEN DRINKING,,,F,FEMALE,,,CA,H,HISPANIC,,,2012.0,KIA,,,,,,,,,,,,,,
10431927,2822664,1,Driver,True,False,,M,AIR BAG NOT DEPLOYED,G,OCCUPANT LAP SHOULDER HARNESS USED,,NONE APPARENT,,S,,,A,STOPPED,A,HAD NOT BEEN DRINKING,,,M,MALE,,,CA,B,BLACK,,,2010.0,MERCEDES-BENZ,,,,,,,,,,,,,,
10431926,2822663,2,Driver,,False,,L,AIR BAG DEPLOYED,B,OCCUPANT UNKNOWN,,,,W,,,B,PROCEEDING STRAIGHT,D,HBD-IMPAIRMENT UNKNOWN,,,F,FEMALE,,,CA,A,ASIAN,,,2006.0,LEXUS,,,,,,,,,,,,,,
10431925,2822663,1,Driver,True,False,,M,AIR BAG NOT DEPLOYED,B,OCCUPANT UNKNOWN,,VC SECTION VIOLATED - 21657 / INATTENTION,OTHER,E,,,B,PROCEEDING STRAIGHT,D,HBD-IMPAIRMENT UNKNOWN,,,F,FEMALE,,,CA,H,HISPANIC,,,2018.0,HYUN,,,,,,,,,,,,,,
10431924,2822662,1,Driver,True,False,,,,,,,,,S,,,B,PROCEEDING STRAIGHT,A,HAD NOT BEEN DRINKING,,,M,MALE,,,CA,A,ASIAN,,,2002.0,TOYOTA,,,,,,,,,,,,,,
10431923,2822661,2,Driver,,False,,M,AIR BAG NOT DEPLOYED,G,OCCUPANT LAP SHOULDER HARNESS USED,CELL PHONE NOT IN USE,NONE APPARENT,,E,,,B,PROCEEDING STRAIGHT,A,HAD NOT BEEN DRINKING,,,M,MALE,,,CA,A,ASIAN,,,2016.0,ACURA,,,,,,,,,,,,,,
10431922,2822661,1,Bicyclist,True,False,,,,,,CELL PHONE NOT IN USE,NONE APPARENT,,N,,,E,MAKING LEFT TURN,A,HAD NOT BEEN DRINKING,,,M,MALE,,,,A,ASIAN,4.0,Bicycle,,,,,,,,,,,,,,,,
10431921,2822660,1,Driver,True,False,,L,AIR BAG DEPLOYED,G,OCCUPANT LAP SHOULDER HARNESS USED,CELL PHONE NOT IN USE,NONE APPARENT,,E,,,J,CHANGING LANES,A,HAD NOT BEEN DRINKING,,,M,MALE,,,CA,H,HISPANIC,,,2019.0,CHEVROLET,,,,,,,,,,,,,,
10431920,2822659,3,Driver,,False,,,,,,,,,E,,,A,STOPPED,A,HAD NOT BEEN DRINKING,,,F,FEMALE,,,CA,H,HISPANIC,,,2017.0,FORD,,,,,,,,,,,,,,
10431919,2822659,2,Driver,,False,,M,AIR BAG NOT DEPLOYED,G,OCCUPANT LAP SHOULDER HARNESS USED,,,,,,,A,STOPPED,A,HAD NOT BEEN DRINKING,,,F,FEMALE,,,CA,W,WHITE,,,2019.0,FORD,,,,,,,,,,,,,,
10431918,2822659,1,Driver,True,False,,L,AIR BAG DEPLOYED,G,OCCUPANT LAP SHOULDER HARNESS USED,,,,E,,,B,PROCEEDING STRAIGHT,A,HAD NOT BEEN DRINKING,,,F,FEMALE,,,CA,H,HISPANIC,,,2012.0,HYUNDAI,,,,,,,,,,,,,,
10431917,2822658,2,Bicyclist,,False,,,,,,CELL PHONE NOT IN USE,NONE APPARENT,,E,,,B,PROCEEDING STRAIGHT,A,HAD NOT BEEN DRINKING,,,M,MALE,,,,W,WHITE,4.0,Bicycle,,,,,,,,,,,,,,,,
10431916,2822658,1,Driver,True,False,,M,AIR BAG NOT DEPLOYED,G,OCCUPANT LAP SHOULDER HARNESS USED,CELL PHONE NOT IN USE,NONE APPARENT,,W,,,E,MAKING LEFT TURN,A,HAD NOT BEEN DRINKING,,,M,MALE,,,CA,,,,,2009.0,LEXUS,,,,,,,,,,,,,,
10431915,2822657,2,Pedestrian,,False,,,,,,CELL PHONE NOT IN USE,NONE APPARENT,,S,,,B,PROCEEDING STRAIGHT,G,IMPAIRMENT_NOT_KNOWN,,,M,MALE,,,,B,BLACK,60.0,Pedestrian,,,,,,,,,,,,,,,,
10431914,2822657,1,Driver,True,False,,M,AIR BAG NOT DEPLOYED,B,OCCUPANT UNKNOWN,CELL PHONE NOT IN USE,NONE APPARENT,,E,,,B,PROCEEDING STRAIGHT,A,HAD NOT BEEN DRINKING,,,M,MALE,,,,W,WHITE,,,,,,,,,,,,,,,,,,
10426441,2819968,2,Driver,,False,,L,AIR BAG DEPLOYED,B,OCCUPANT UNKNOWN,,NONE APPARENT,,W,,,B,PROCEEDING STRAIGHT,H,NOT APPLICABLE,,,M,MALE,,,CA,H,HISPANIC,,,2009.0,HONDA,,,,,,,,,,,,,,
10426440,2819968,1,Driver,True,False,,L,AIR BAG DEPLOYED,G,OCCUPANT LAP SHOULDER HARNESS USED,,NONE APPARENT,,E,,,E,MAKING LEFT TURN,H,NOT APPLICABLE,,,M,MALE,,,CA,H,HISPANIC,,,2002.0,TOYOTA,,,,,,,,,,,,,,
10426343,2819920,2,Driver,,False,,M,AIR BAG NOT DEPLOYED,,,,NONE APPARENT,,N,,,E,MAKING LEFT TURN,A,HAD NOT BEEN DRINKING,,,M,MALE,,,CA,H,HISPANIC,,,2017.0,PVOS,,,,,,,,,,,,,,
10426342,2819920,1,Driver,True,False,,L,AIR BAG DEPLOYED,,,,NONE APPARENT,,S,,,B,PROCEEDING STRAIGHT,G,IMPAIRMENT_NOT_KNOWN,,,M,MALE,,,CA,H,HISPANIC,,,2004.0,LINCOLN,,,,,,,,,,,,,,
10426328,2819913,2,Driver,,False,,M,AIR BAG NOT DEPLOYED,B,OCCUPANT UNKNOWN,,NONE APPARENT,,W,,,B,PROCEEDING STRAIGHT,A,HAD NOT BEEN DRINKING,,,M,MALE,,,,H,HISPANIC,,,2010.0,TOYOTA,,,,,,,,,,,,,,
10426327,2819913,1,Driver,True,False,,L,AIR BAG DEPLOYED,B,OCCUPANT UNKNOWN,,NONE APPARENT,,N,,,E,MAKING LEFT TURN,A,HAD NOT BEEN DRINKING,,,F,FEMALE,,,CA,H,HISPANIC,,,2021.0,HONDA,,,,,,,,,,,,,,
10426326,2819912,2,Driver,,False,,M,AIR BAG NOT DEPLOYED,G,OCCUPANT LAP SHOULDER HARNESS USED,,,,S,,,B,PROCEEDING STRAIGHT,A,HAD NOT BEEN DRINKING,,,M,MALE,,,CA,A,ASIAN,,,2005.0,TOYOTA,,,,,,,,,,,,,,
10426325,2819912,1,Driver,True,False,,L,AIR BAG DEPLOYED,G,OCCUPANT LAP SHOULDER HARNESS USED,,,,E,,,B,PROCEEDING STRAIGHT,A,HAD NOT BEEN DRINKING,,,F,FEMALE,,,CA,O,OTHER,,,2020.0,CHEVROLET,,,,,,,,,,,,,,
10426324,2819911,2,Driver,,False,,L,AIR BAG DEPLOYED,G,OCCUPANT LAP SHOULDER HARNESS USED,CELL PHONE NOT IN USE,NONE APPARENT,,S,,,F,MAKING U TURN,A,HAD NOT BEEN DRINKING,,,F,FEMALE,,,CA,,,,,2002.0,TOYOTA,,,,,,,,,,,,,,
10426323,2819911,1,Driver,True,False,,L,AIR BAG DEPLOYED,G,OCCUPANT LAP SHOULDER HARNESS USED,CELL PHONE NOT IN USE,NONE APPARENT,,E,,,B,PROCEEDING STRAIGHT,A,HAD NOT BEEN DRINKING,,,M,MALE,,,CA,W,WHITE,,,2008.0,HONDA,,,,,,,,,,,,,,
10426322,2819910,2,Driver,,False,,M,AIR BAG NOT DEPLOYED,G,OCCUPANT LAP SHOULDER HARNESS USED,,,,W,,,A,STOPPED,A,HAD NOT BEEN DRINKING,,,F,FEMALE,,,CA,A,ASIAN,,,2018.0,TESLA,,,,,,,,,,,,,,
10426321,2819910,1,Driver,,False,,M,AIR BAG NOT DEPLOYED,G,OCCUPANT LAP SHOULDER HARNESS USED,,,,W,,,B,PROCEEDING STRAIGHT,A,HAD NOT BEEN DRINKING,,,F,FEMALE,,,CA,A,ASIAN,,,2021.0,TESLA,,,,,,,,,,,,,,
10426320,2819909,2,Driver,,False,,M,AIR BAG NOT DEPLOYED,C,OCCUPANT LAP BELT USED,,,,W,,,A,STOPPED,A,HAD NOT BEEN DRINKING,,,M,MALE,,,CA,A,ASIAN,,,2018.0,BMW,,,,,,,,,,,,,,
10426319,2819909,1,Driver,True,False,,L,AIR BAG DEPLOYED,C,OCCUPANT LAP BELT USED,,STOP & GO TRAFFIC,,W,,,B,PROCEEDING STRAIGHT,A,HAD NOT BEEN DRINKING,,,M,MALE,,,CA,A,ASIAN,,,2010.0,TOYOTA,,,,,,,,,,,,,,
10426318,2819908,4,ParkedVehicle,,False,,,,,,,,,,,,O,PARKED,,,,,,,,,,,,,,2001.0,FORD,,,,,,,,,,,,,,
10426317,2819908,3,ParkedVehicle,,False,,,,,,,,,,,,O,PARKED,,,,,,,,,,,,,,2017.0,TOYOTA,,,,,,,,,,,,,,
10426316,2819908,2,ParkedVehicle,,False,,,,,,,,,,,,O,PARKED,,,,,,,,,,,,,,2010.0,SCION,,,,,,,,,,,,,,
10426315,2819908,1,Driver,True,False,,M,AIR BAG NOT DEPLOYED,B,OCCUPANT UNKNOWN,,NONE APPARENT,,N,,,B,PROCEEDING STRAIGHT,A,HAD NOT BEEN DRINKING,,,M,MALE,,,,H,HISPANIC,,,2007.0,NISSAN,,,,,,,,,,,,,,
10426314,2819907,2,Pedestrian,,False,,,,,,CELL PHONE NOT IN USE,NONE APPARENT,,E,,,N,XING INTO OPPOSING LANE,H,NOT APPLICABLE,,,M,MALE,,,,B,BLACK,60.0,Pedestrian,,,,,,,,,,,,,,,,
10426313,2819907,1,Driver,True,False,,B,UNKNOWN,,,CELL PHONE NOT IN USE,NONE APPARENT,,N,,,B,PROCEEDING STRAIGHT,H,NOT APPLICABLE,,,M,MALE,,,,H,HISPANIC,,,2004.0,LEXUS,,,,,,,,,,,,,,
10426312,2819906,4,Driver,,False,,M,AIR BAG NOT DEPLOYED,G,OCCUPANT LAP SHOULDER HARNESS USED,,NONE APPARENT,,S,,,A,STOPPED,A,HAD NOT BEEN DRINKING,,,F,FEMALE,,,CA,A,ASIAN,,,2019.0,AUDI,,,,,,,,,,,,,,
10426311,2819906,3,Driver,,False,,M,AIR BAG NOT DEPLOYED,G,OCCUPANT LAP SHOULDER HARNESS USED,,NONE APPARENT,,S,,,A,STOPPED,A,HAD NOT BEEN DRINKING,,,F,FEMALE,,,CA,A,ASIAN,,,2020.0,TESLA,,,,,,,,,,,,,,
10426310,2819906,2,Driver,,False,,L,AIR BAG DEPLOYED,G,OCCUPANT LAP SHOULDER HARNESS USED,,NONE APPARENT,,N,,,E,MAKING LEFT TURN,A,HAD NOT BEEN DRINKING,,,F,FEMALE,,,CA,W,WHITE,,,2016.0,FORD,,,,,,,,,,,,,,
10426309,2819906,1,Driver,True,False,,L,AIR BAG DEPLOYED,G,OCCUPANT LAP SHOULDER HARNESS USED,,NONE APPARENT,,W,,,B,PROCEEDING STRAIGHT,A,HAD NOT BEEN DRINKING,,,F,FEMALE,,,CA,O,OTHER,,,2018.0,VOLVO,,,,,,,,,,,,,,
10426308,2819905,2,ParkedVehicle,,False,,,,,,CELL PHONE NOT IN USE,,,,,,O,PARKED,H,NOT APPLICABLE,,,,,,,,,,,,1993.0,HONDA,,,,,,,,,,,,,,
10426307,2819905,1,Driver,True,False,,M,AIR BAG NOT DEPLOYED,G,OCCUPANT LAP SHOULDER HARNESS USED,CELL PHONE NOT IN USE,OTHER,,S,,,C,RAN OFF ROAD,A,HAD NOT BEEN DRINKING,,,M,MALE,,,CA,,,,,2007.0,HONDA,,,,,,,,,,,,,,
10426306,2819904,2,Driver,,False,,M,AIR BAG NOT DEPLOYED,G,OCCUPANT LAP SHOULDER HARNESS USED,,NONE APPARENT,,S,,,E,MAKING LEFT TURN,C,HBD-NOT UNDER INFLUENCE,,,M,MALE,,,CA,W,WHITE,,,2017.0,TOYOTA,,,,,,,,,,,,,,
10426305,2819904,1,Driver,True,False,,M,AIR BAG NOT DEPLOYED,G,OCCUPANT LAP SHOULDER HARNESS USED,,NONE APPARENT,,W,,,B,PROCEEDING STRAIGHT,C,HBD-NOT UNDER INFLUENCE,,,M,MALE,,,CA,H,HISPANIC,,,2007.0,DODGE,,,,,,,,,,,,,,
10426304,2819903,2,Driver,,False,,L,AIR BAG DEPLOYED,G,OCCUPANT LAP SHOULDER HARNESS USED,,NONE APPARENT,,E,,,E,MAKING LEFT TURN,A,HAD NOT BEEN DRINKING,,,F,FEMALE,,,CA,,,,,2015.0,HONDA,,,,,,,,,,,,,,
10426303,2819903,1,Driver,True,False,,L,AIR BAG DEPLOYED,G,OCCUPANT LAP SHOULDER HARNESS USED,,NONE APPARENT,,W,,,B,PROCEEDING STRAIGHT,A,HAD NOT BEEN DRINKING,,,M,MALE,,,CA,,,,,2019.0,CHEVROLET,,,,,,,,,,,,,,
10425851,2819672,1,Driver,True,False,,L,AIR BAG DEPLOYED,G,OCCUPANT LAP SHOULDER HARNESS USED,,NONE APPARENT,,S,,,B,PROCEEDING STRAIGHT,G,IMPAIRMENT_NOT_KNOWN,,,M,MALE,,,,H,HISPANIC,22.0,PickupsAndPanels,2005.0,TOYOTA,,,,,,,,,,,,,,
10425850,2819671,2,Pedestrian,,False,,,,,,,NONE APPARENT,,N,,,R,OTHER,A,HAD NOT BEEN DRINKING,,,M,MALE,,,,B,BLACK,60.0,Pedestrian,,,,,,,,,,,,,,,,
10425849,2819671,1,Driver,True,False,,B,UNKNOWN,,,,VC SECTION VIOLATED - 20001,,E,,,B,PROCEEDING STRAIGHT,G,IMPAIRMENT_NOT_KNOWN,,,,,,,,,,,,,,,,,,,,,,,,,,,
10425848,2819670,2,ParkedVehicle,,False,,,,,,,,,,,,O,PARKED,H,NOT APPLICABLE,,,,,,,,,,,,2013.0,CHEVROLET,,,,,,,,,,,,,,
10425847,2819670,1,Driver,True,False,,L,AIR BAG DEPLOYED,,,,VC SECTION VIOLATED - 22350,,S,,,B,PROCEEDING STRAIGHT,B,HBD-UNDER INFLUENCE,,,M,MALE,,,CA,H,HISPANIC,,,1997.0,MERCEDES-BENZ,,,,,,,,,,,,,,
10425846,2819669,2,Driver,,False,,M,AIR BAG NOT DEPLOYED,G,OCCUPANT LAP SHOULDER HARNESS USED,,,,E,,,,,,,,,F,FEMALE,,,CA,H,HISPANIC,1.0,PassengerCarStationWagonJeep,2017.0,CHEVROLET,,,,,,,,,,,,,,
10425845,2819669,1,Driver,True,False,,M,AIR BAG NOT DEPLOYED,G,OCCUPANT LAP SHOULDER HARNESS USED,,,,N,,,,,,,,,F,FEMALE,,,CA,H,HISPANIC,,,2019.0,FORD,,,,,,,,,,,,,,
10425844,2819668,2,Driver,,False,,M,AIR BAG NOT DEPLOYED,B,OCCUPANT UNKNOWN,,,,S,,,B,PROCEEDING STRAIGHT,A,HAD NOT BEEN DRINKING,,,F,FEMALE,,,CA,,,1.0,PassengerCarStationWagonJeep,2014.0,TOYOTA,,,,,,,,,,,,,,
10425843,2819668,1,Driver,True,False,,M,AIR BAG NOT DEPLOYED,B,OCCUPANT UNKNOWN,,VC SECTION VIOLATED - 21703,,S,,,B,PROCEEDING STRAIGHT,A,HAD NOT BEEN DRINKING,,,M,MALE,,,CA,H,HISPANIC,,,1997.0,MAZDA,,,,,,,,,,,,,,
10425842,2819667,1,Driver,True,False,,L,AIR BAG DEPLOYED,C,OCCUPANT LAP BELT USED,,,,W,,,C,RAN OFF ROAD,H,NOT APPLICABLE,,,F,FEMALE,,,CA,H,HISPANIC,,,2003.0,CHEVROLET,,,,,,,,,,,,,,
10425841,2819666,2,Driver,,False,,L,AIR BAG DEPLOYED,B,OCCUPANT UNKNOWN,CELL PHONE NOT IN USE,NONE APPARENT,,N,,,F,MAKING U TURN,A,HAD NOT BEEN DRINKING,,,M,MALE,,,CA,A,ASIAN,22.0,PickupsAndPanels,2005.0,TOYOTA,,,,,,,,,,,,,,
10425840,2819666,1,Driver,True,False,,M,AIR BAG NOT DEPLOYED,G,OCCUPANT LAP SHOULDER HARNESS USED,CELL PHONE NOT IN USE,NONE APPARENT,,N,,,B,PROCEEDING STRAIGHT,A,HAD NOT BEEN DRINKING,,,M,MALE,,,CA,B,BLACK,1.0,PassengerCarStationWagonJeep,2007.0,TOYOTA,,,,,,,,,,,,,,
10425839,2819665,2,Driver,,False,,L,AIR BAG DEPLOYED,G,OCCUPANT LAP SHOULDER HARNESS USED,,NONE APPARENT,,N,,,B,PROCEEDING STRAIGHT,A,HAD NOT BEEN DRINKING,,,F,FEMALE,,,,H,HISPANIC,1.0,PassengerCarStationWagonJeep,2017.0,HONDA,,,,,,,,,,,,,,
10425838,2819665,1,Driver,True,False,,L,AIR BAG DEPLOYED,G,OCCUPANT LAP SHOULDER HARNESS USED,,NONE APPARENT,,S,,,M,OTHER UNSAFE TURNING,D,HBD-IMPAIRMENT UNKNOWN,,,,,,,,,,1.0,PassengerCarStationWagonJeep,2000.0,TOYOTA,,,,,,,,,,,,,,
10425837,2819664,2,Bicyclist,,False,,,,,,,NONE APPARENT,,W,,,B,PROCEEDING STRAIGHT,A,HAD NOT BEEN DRINKING,,,M,MALE,,,,A,ASIAN,4.0,Bicycle,,,,,,,,,,,,,,,,
10425836,2819664,1,Driver,True,False,,M,AIR BAG NOT DEPLOYED,G,OCCUPANT LAP SHOULDER HARNESS USED,,NONE APPARENT,,S,,,D,MAKING RIGHT TURN,A,HAD NOT BEEN DRINKING,,,F,FEMALE,,,CA,H,HISPANIC,7.0,SportUtilityVehicle,2018.0,HONDA,,,,,,,,,,,,,,
10425835,2819663,2,Driver,,False,,M,AIR BAG NOT DEPLOYED,G,OCCUPANT LAP SHOULDER HARNESS USED,,,,S,,,B,PROCEEDING STRAIGHT,A,HAD NOT BEEN DRINKING,,,F,FEMALE,,,CA,A,ASIAN,,,2021.0,TOYOTA,,,,,,,,,,,,,,
10425834,2819663,1,Driver,True,False,,M,AIR BAG NOT DEPLOYED,G,OCCUPANT LAP SHOULDER HARNESS USED,,,,E,,,D,MAKING RIGHT TURN,A,HAD NOT BEEN DRINKING,,,F,FEMALE,,,CA,H,HISPANIC,,,2021.0,SUBARU,,,,,,,,,,,,,,
10425833,2819662,2,Pedestrian,,False,,,,,,CELL PHONE NOT IN USE,,,S,,,B,PROCEEDING STRAIGHT,A,HAD NOT BEEN DRINKING,,,M,MALE,,,,W,WHITE,60.0,Pedestrian,,,,,,,,,,,,,,,,