PartyId,CollisionId,PartyNumber,PartyType,IsAtFault,IsOnDutyEmergencyVehicle,IsHitAndRun,AirbagCode,AirbagDescription,SafetyEquipmentCode,SafetyEquipmentDescription,Special Information,Other Associate Factor,Inattention,DirectionOfTravel,StreetOrHighwayName,SpeedLimit,MovementPrecCollCode,MovementPrecCollDescription,SobrietyDrugPhysicalCode1,SobrietyDrugPhysicalDescription1,SobrietyDrugPhysicalCode2,SobrietyDrugPhysicalDescription2,GenderCode,GenderDescription,StatedAge,DriverLicenseClass,DriverLicenseStateCode,RaceCode,RaceDesc,Vehicle1TypeId, Vehicle1TypeDesc, Vehicle1Year,Vehicle1Make,Vehicle1Model,Vehicle1Color,V1IsVehicleTowed,Vehicle2TypeId, Vehicle2TypeDesc, Vehicle2Year,Vehicle2Make,Vehicle2Model,Vehicle2Color,V2IsVehicleTowed,Lane,ThruLanes,TotalLanes,IsDREConducted
10437561,2825420,1,Driver,True,False,,M,AIR BAG NOT DEPLOYED,G,OCCUPANT LAP SHOULDER HARNESS USED,,VC SECTION VIOLATED - 22350,,,,,B,PROCEEDING STRAIGHT,A,HAD NOT BEEN DRINKING,,,F,FEMALE,,F,,H,HISPANIC,,,2008.0,TOYOTA,,,,,,,,,,,,,,
10437560,2825419,2,Driver,,False,,M,AIR BAG NOT DEPLOYED,G,OCCUPANT LAP SHOULDER HARNESS USED,,NONE APPARENT,,E,,,A,STOPPED,A,HAD NOT BEEN DRINKING,,,F,FEMALE,,,CA,,,,,2006.0,FORD,,,,,,,,,,,,,,
10437559,2825419,1,Driver,True,False,,M,AIR BAG NOT DEPLOYED,,,,NONE APPARENT,,E,,,B,PROCEEDING STRAIGHT,A,HAD NOT BEEN DRINKING,,,M,MALE,,,CA,H,HISPANIC,,,2011.0,CHEV,,,,,,,,,,,,,,
10437558,2825418,2,Driver,,False,,M,AIR BAG NOT DEPLOYED,G,OCCUPANT LAP SHOULDER HARNESS USED,,,,N,,,B,PROCEEDING STRAIGHT,A,HAD NOT BEEN DRINKING,,,M,MALE,,,CA,H,HISPANIC,,,2007.0,HONDA,,,,,,,,,,,,,,
10437557,2825418,1,Driver,True,False,,M,AIR BAG NOT DEPLOYED,G,OCCUPANT LAP SHOULDER HARNESS USED,,,,,,,B,PROCEEDING STRAIGHT,A,HAD NOT BEEN DRINKING,,,F,FEMALE,,,,H,HISPANIC,,,2005.0,TOYOTA,,,,,,,,,,,,,,
10437556,2825417,2,Driver,,False,,,,,,,NONE APPARENT,,,,,B,PROCEEDING STRAIGHT,C,HBD-NOT UNDER INFLUENCE,,,F,FEMALE,,,CA,W,WHITE,,,2014.0,HONDA,,,,,,,,,,,,,,
10437555,2825417,1,Driver,True,False,,,,,,,NONE APPARENT,,S,,,D,MAKING RIGHT TURN,C,HBD-NOT UNDER INFLUENCE,,,M,MALE,,,CA,A,ASIAN,,,2010.0,FORD,,,,,,,,,,,,,,
10437554,2825416,2,Driver,,False,,L,AIR BAG DEPLOYED,G,OCCUPANT LAP SHOULDER HARNESS USED,,NONE APPARENT,,N,,,B,PROCEEDING STRAIGHT,A,HAD NOT BEEN DRINKING,,,M,MALE,,,CA,H,HISPANIC,,,2002.0,TOYOTA,,,,,,,,,,,,,,
10437553,2825416,1,Driver,True,False,,L,AIR BAG DEPLOYED,G,OCCUPANT LAP SHOULDER HARNESS USED,,NONE APPARENT,,W,,,P,MERGING,A,HAD NOT BEEN DRINKING,,,F,FEMALE,,,CA,,,,,2004.0,ACURA,,,,,,,,,,,,,,
10437552,2825415,1,Driver,True,False,,L,AIR BAG DEPLOYED,G,OCCUPANT LAP SHOULDER HARNESS USED,,UNINVOLVED VEHICLE,,,,,B,PROCEEDING STRAIGHT,H,NOT APPLICABLE,,,F,FEMALE,,,CA,W,WHITE,,,2000.0,CHRYSLER,,,,,,,,,,,,,,
10437551,2825414,4,ParkedVehicle,,False,,,,,,,,,,,,O,PARKED,H,NOT APPLICABLE,,,,,,,,,,,,1988.0,CHEV,,,,,,,,,,,,,,
10437550,2825414,3,ParkedVehicle,,False,,,,,,,,,,,,O,PARKED,H,NOT APPLICABLE,,,,,,,,,,,,1981.0,GMC,,,,,,,,,,,,,,
10437549,2825414,2,ParkedVehicle,,False,,,,,,,,,,,,O,PARKED,H,NOT APPLICABLE,,,,,,,,,,,,2002.0,TOYOTA,,,,,,,,,,,,,,
10437548,2825414,1,Driver,True,False,,L,AIR BAG DEPLOYED,G,OCCUPANT LAP SHOULDER HARNESS USED,,VC SECTION VIOLATED - 12500 A,,N,,,M,OTHER UNSAFE TURNING,A,HAD NOT BEEN DRINKING,,,F,FEMALE,,,,H,HISPANIC,,,2005.0,NISS,,,,,,,,,,,,,,
10437547,2825413,3,ParkedVehicle,,False,,,,,,,NONE APPARENT,,,,,O,PARKED,H,NOT APPLICABLE,,,,,,,,,,,,2018.0,NISSAN,,,,,,,,,,,,,,
10437546,2825413,2,Driver,,False,,L,AIR BAG DEPLOYED,G,OCCUPANT LAP SHOULDER HARNESS USED,,NONE APPARENT,,E,,,B,PROCEEDING STRAIGHT,H,NOT APPLICABLE,,,F,FEMALE,,,CA,H,HISPANIC,,,2007.0,HONDA,,,,,,,,,,,,,,
10437545,2825413,1,Driver,True,False,,L,AIR BAG DEPLOYED,G,OCCUPANT LAP SHOULDER HARNESS USED,,VC SECTION VIOLATED - 21453 A,,S,,,B,PROCEEDING STRAIGHT,H,NOT APPLICABLE,,,M,MALE,,,CA,,,,,2008.0,HONDA,,,,,,,,,,,,,,
10437544,2825412,2,Driver,,False,,L,AIR BAG DEPLOYED,G,OCCUPANT LAP SHOULDER HARNESS USED,,,,N,,,E,MAKING LEFT TURN,H,NOT APPLICABLE,,,M,MALE,,,CA,B,BLACK,,,1997.0,LINCOLN,,,,,,,,,,,,,,
10437543,2825412,1,Driver,True,False,,L,AIR BAG DEPLOYED,G,OCCUPANT LAP SHOULDER HARNESS USED,,,,,,,B,PROCEEDING STRAIGHT,H,NOT APPLICABLE,,,F,FEMALE,,,CA,W,WHITE,,,2015.0,TOYOTA,,,,,,,,,,,,,,
10437542,2825411,2,Driver,,False,,P,NOT REQUIRED,G,OCCUPANT LAP SHOULDER HARNESS USED,CELL PHONE NOT IN USE,NONE APPARENT,,E,,,B,PROCEEDING STRAIGHT,H,NOT APPLICABLE,,,M,MALE,,,CA,H,HISPANIC,,,2006.0,NISS,,,,,,,,,,,,,,
10437541,2825411,1,Driver,True,False,,P,NOT REQUIRED,G,OCCUPANT LAP SHOULDER HARNESS USED,CELL PHONE NOT IN USE,NONE APPARENT,,N,,,E,MAKING LEFT TURN,H,NOT APPLICABLE,,,F,FEMALE,,,CA,W,WHITE,,,2012.0,CHRYSLER,,,,,,,,,,,,,,
10437355,2825324,2,Driver,,False,,,,,,,NONE APPARENT,,N,,,B,PROCEEDING STRAIGHT,A,HAD NOT BEEN DRINKING,,,M,MALE,,,CA,H,HISPANIC,,,2021.0,TOYOTA,,,,,,,,,,,,,,
10437354,2825324,1,Driver,,False,,L,AIR BAG DEPLOYED,G,OCCUPANT LAP SHOULDER HARNESS USED,,NONE APPARENT,,E,,,E,MAKING LEFT TURN,A,HAD NOT BEEN DRINKING,,,M,MALE,,,CA,W,WHITE,,,2002.0,GMC,,,,,,,,,,,,,,
10437290,2825293,2,Driver,,False,,L,AIR BAG DEPLOYED,G,OCCUPANT LAP SHOULDER HARNESS USED,CELL PHONE NOT IN USE,NONE APPARENT,,E,,,B,PROCEEDING STRAIGHT,A,HAD NOT BEEN DRINKING,,,M,MALE,,,CA,,,,,2020.0,TOYOTA,,,,,,,,,,,,,,
10437289,2825293,1,Driver,True,False,,,,,,,NONE APPARENT,,N,,,B,PROCEEDING STRAIGHT,G,IMPAIRMENT_NOT_KNOWN,,,,,,,,,,,,,,,,,,,,,,,,,,,
10437288,2825292,2,Pedestrian,,False,,,,,,,,,E,,,B,PROCEEDING STRAIGHT,B,HBD-UNDER INFLUENCE,,,M,MALE,,,,H,HISPANIC,60.0,Pedestrian,,,,,,,,,,,,,,,,
10437287,2825292,1,Driver,True,False,,B,UNKNOWN,,,,VC SECTION VIOLATED - 20001,,N,,,B,PROCEEDING STRAIGHT,H,NOT APPLICABLE,,,,,,,,,,,,,,,,,,,,,,,,,,,
10437286,2825291,2,Driver,,False,,P,NOT REQUIRED,W,MOTOR BICYCLE DRIVER WITH HELMET,,NONE APPARENT,,E,,,B,PROCEEDING STRAIGHT,H,NOT APPLICABLE,,,M,MALE,,,CA,H,HISPANIC,,,2021.0,HARLEY-DAVIDSON,,,,,,,,,,,,,,
10437285,2825291,1,Driver,True,False,,M,AIR BAG NOT DEPLOYED,G,OCCUPANT LAP SHOULDER HARNESS USED,,UNFAMILIAR WITH ROAD,,W,,,E,MAKING LEFT TURN,H,NOT APPLICABLE,,,F,FEMALE,,,CA,H,HISPANIC,,,2021.0,TOY,,,,,,,,,,,,,,
10437284,2825290,2,ParkedVehicle,,False,,,,,,,NONE APPARENT,,,,,,,H,NOT APPLICABLE,,,,,,,,,,,,2016.0,TOYOTA,,,,,,,,,,,,,,
10437283,2825290,1,Driver,True,False,,L,AIR BAG DEPLOYED,,,,NONE APPARENT,,E,,,B,PROCEEDING STRAIGHT,H,NOT APPLICABLE,,,F,FEMALE,,,CA,W,WHITE,,,2014.0,KIA,,,,,,,,,,,,,,
10437282,2825289,2,Driver,,False,,L,AIR BAG DEPLOYED,G,OCCUPANT LAP SHOULDER HARNESS USED,,NONE APPARENT,,S,,,B,PROCEEDING STRAIGHT,A,HAD NOT BEEN DRINKING,,,F,FEMALE,,,CA,H,HISPANIC,,,2014.0,HONDA,,,,,,,,,,,,,,
10437281,2825289,1,Driver,True,False,,L,AIR BAG DEPLOYED,B,OCCUPANT UNKNOWN,,NONE APPARENT,,S,,,B,PROCEEDING STRAIGHT,G,IMPAIRMENT_NOT_KNOWN,,,,,,,,,,,,2011.0,CADI,,,,,,,,,,,,,,
10437280,2825288,2,Driver,,False,,M,AIR BAG NOT DEPLOYED,G,OCCUPANT LAP SHOULDER HARNESS USED,,NONE APPARENT,,N,,,E,MAKING LEFT TURN,D,HBD-IMPAIRMENT UNKNOWN,,,M,MALE,,,CA,H,HISPANIC,,,2013.0,MERCEDES-BENZ,,,,,,,,,,,,,,
10437279,2825288,1,Driver,,False,,P,NOT REQUIRED,,,,NONE APPARENT,,,,,B,PROCEEDING STRAIGHT,D,HBD-IMPAIRMENT UNKNOWN,,,,,,,,,,,,,,,,,,,,,,,,,,,
10437278,2825287,2,Driver,,False,,M,AIR BAG NOT DEPLOYED,G,OCCUPANT LAP SHOULDER HARNESS USED,,,,S,,,H,SLOWING/STOPPING,A,HAD NOT BEEN DRINKING,,,M,MALE,,,CA,,,,,2010.0,TOYOTA,,,,,,,,,,,,,,
10437277,2825287,1,Driver,True,False,,B,UNKNOWN,,,,VC SECTION VIOLATED - 20001,,S,,,H,SLOWING/STOPPING,G,IMPAIRMENT_NOT_KNOWN,,,M,MALE,,,,H,HISPANIC,,,,,,,,,,,,,,,,,,
10437276,2825286,2,Bicyclist,,False,,,,,,,VC SECTION VIOLATED,,W,,,B,PROCEEDING STRAIGHT,A,HAD NOT BEEN DRINKING,,,F,FEMALE,,,,,,4.0,Bicycle,,,,,,,,,,,,,,,,
10437275,2825286,1,Driver,True,False,,,,,,,VC SECTION VIOLATED - 20001,,N,,,B,PROCEEDING STRAIGHT,G,IMPAIRMENT_NOT_KNOWN,,,,,,,,,,,,,,,,,,,,,,,,,,,
10437274,2825285,1,Driver,True,False,,,,,,,RUNAWAY VEHICLE,,N,,,B,PROCEEDING STRAIGHT,H,NOT APPLICABLE,,,M,MALE,,,CA,W,WHITE,,,1998.0,KAWASAKI,,,,,,,,,,,,,,
10437273,2825284,1,Driver,True,False,,L,AIR BAG DEPLOYED,B,OCCUPANT UNKNOWN,,NONE APPARENT,,W,,,B,PROCEEDING STRAIGHT,G,IMPAIRMENT_NOT_KNOWN,,,F,FEMALE,,,CA,H,HISPANIC,,,2016.0,HONDA,,,,,,,,,,,,,,
10437272,2825283,2,Driver,,False,,M,AIR BAG NOT DEPLOYED,B,OCCUPANT UNKNOWN,,,,W,,,B,PROCEEDING STRAIGHT,A,HAD NOT BEEN DRINKING,,,M,MALE,,,CA,H,HISPANIC,,,2004.0,HONDA,,,,,,,,,,,,,,
10437271,2825283,1,Driver,True,False,,M,AIR BAG NOT DEPLOYED,B,OCCUPANT UNKNOWN,,VC SECTION VIOLATED - 21801 A / INATTENTION,OTHER,N,,,E,MAKING LEFT TURN,A,HAD NOT BEEN DRINKING,,,M,MALE,,,CA,A,ASIAN,,,2002.0,TOYOTA,,,,,,,,,,,,,,
10437270,2825282,1,Driver,True,False,,L,AIR BAG DEPLOYED,B,OCCUPANT UNKNOWN,,VC SECTION VIOLATED - 21651 B,,N,,,C,RAN OFF ROAD,B,HBD-UNDER INFLUENCE,,,F,FEMALE,,,CA,H,HISPANIC,,,2018.0,HONDA,,,,,,,,,,,,,,
10437269,2825281,3,Driver,,False,,M,AIR BAG NOT DEPLOYED,G,OCCUPANT LAP SHOULDER HARNESS USED,,,,S,,,B,PROCEEDING STRAIGHT,A,HAD NOT BEEN DRINKING,,,F,FEMALE,,,CA,,,,,2019.0,BMW,,,,,,,,,,,,,,
10437268,2825281,2,Driver,,False,,L,AIR BAG DEPLOYED,,,,,,S,,,B,PROCEEDING STRAIGHT,A,HAD NOT BEEN DRINKING,,,M,MALE,,,CA,,,,,2015.0,MAZDA,,,,,,,,,,,,,,
10437267,2825281,1,Driver,True,False,,M,AIR BAG NOT DEPLOYED,,,,INATTENTION,OTHER,S,,,B,PROCEEDING STRAIGHT,A,HAD NOT BEEN DRINKING,,,M,MALE,,,CA,W,WHITE,,,1975.0,MERCEDES-BENZ,,,,,,,,,,,,,,
10437266,2825280,2,Driver,,False,,M,AIR BAG NOT DEPLOYED,G,OCCUPANT LAP SHOULDER HARNESS USED,,NONE APPARENT,,W,,,B,PROCEEDING STRAIGHT,A,HAD NOT BEEN DRINKING,,,M,MALE,,,CA,O,OTHER,,,2010.0,HONDA,,,,,,,,,,,,,,
10437265,2825280,1,Bicyclist,True,False,,,,,,,VC SECTION VIOLATED - 21201 D,,S,,,B,PROCEEDING STRAIGHT,D,HBD-IMPAIRMENT UNKNOWN,,,M,MALE,,,,H,HISPANIC,4.0,Bicycle,,,,,,,,,,,,,,,,
10437264,2825279,2,Driver,,False,,M,AIR BAG NOT DEPLOYED,G,OCCUPANT LAP SHOULDER HARNESS USED,,,,N,,,B,PROCEEDING STRAIGHT,A,HAD NOT BEEN DRINKING,,,F,FEMALE,,,CA,A,ASIAN,,,2013.0,LEXUS,,,,,,,,,,,,,,
10437263,2825279,1,Bicyclist,,False,,,,,,,,,N,,,B,PROCEEDING STRAIGHT,A,HAD NOT BEEN DRINKING,,,F,FEMALE,,,,A,ASIAN,4.0,Bicycle,,,,,,,,,,,,,,,,
10437262,2825278,2,Driver,,False,,M,AIR BAG NOT DEPLOYED,G,OCCUPANT LAP SHOULDER HARNESS USED,CELL PHONE NOT IN USE,NONE APPARENT,,S,,,B,PROCEEDING STRAIGHT,A,HAD NOT BEEN DRINKING,,,M,MALE,,,CA,,,,,2017.0,VOLKSWAGEN,,,,,,,,,,,,,,
10437261,2825278,1,Driver,True,False,,M,AIR BAG NOT DEPLOYED,G,OCCUPANT LAP SHOULDER HARNESS USED,CELL PHONE NOT IN USE,INATTENTION,OTHER,E,,,B,PROCEEDING STRAIGHT,A,HAD NOT BEEN DRINKING,,,M,MALE,,,MD,B,BLACK,,,2011.0,CHEVROLET,,,,,,,,,,,,,,
10437260,2825277,2,Driver,,False,,M,AIR BAG NOT DEPLOYED,A,OCCUPANT NONE IN VEHICLE,,NONE APPARENT,,E,,,B,PROCEEDING STRAIGHT,A,HAD NOT BEEN DRINKING,,,M,MALE,,,CA,B,BLACK,,,2018.0,KAWASAKI,,,,,,,,,,,,,,
10437259,2825277,1,Driver,True,False,,M,AIR BAG NOT DEPLOYED,C,OCCUPANT LAP BELT USED,,NONE APPARENT,,E,,,M,OTHER UNSAFE TURNING,A,HAD NOT BEEN DRINKING,,,F,FEMALE,,,CA,,,,,2012.0,TOYOTA,,,,,,,,,,,,,,
10437258,2825276,2,Driver,,False,,M,AIR BAG NOT DEPLOYED,A,OCCUPANT NONE IN VEHICLE,,NONE APPARENT,,W,,,B,PROCEEDING STRAIGHT,G,IMPAIRMENT_NOT_KNOWN,,,M,MALE,,,CA,H,HISPANIC,,,2003.0,HARLEY-DAVIDSON,,,,,,,,,,,,,,
10437257,2825276,1,Driver,True,False,,M,AIR BAG NOT DEPLOYED,B,OCCUPANT UNKNOWN,,NONE APPARENT,,W,,,J,CHANGING LANES,G,IMPAIRMENT_NOT_KNOWN,,,F,FEMALE,,,CA,,,,,2007.0,LEXUS,,,,,,,,,,,,,,
10437254,2825274,2,Driver,,False,,P,NOT REQUIRED,,,,NONE APPARENT,,E,,,B,PROCEEDING STRAIGHT,A,HAD NOT BEEN DRINKING,,,M,MALE,,,CA,H,HISPANIC,,,2003.0,YAMAHA,,,,,,,,,,,,,,
10437253,2825274,1,Driver,True,False,,M,AIR BAG NOT DEPLOYED,B,OCCUPANT UNKNOWN,,INATTENTION,CELL PHONE HANDHELD,N,,,B,PROCEEDING STRAIGHT,A,HAD NOT BEEN DRINKING,,,M,MALE,,,,H,HISPANIC,,,2004.0,HONDA,,,,,,,,,,,,,,
10453138,2833101,2,Driver,,False,,,,R,CHILD IN VEHICLE NOT USED,,,,E,,,E,MAKING LEFT TURN,A,HAD NOT BEEN DRINKING,,,M,MALE,,,CA,,,,,2021.0,LEXUS,,,,,,,,,,,,,,
10453137,2833101,1,Driver,True,False,,,,,,,INATTENTION,OTHER,N,,,B,PROCEEDING STRAIGHT,A,HAD NOT BEEN DRINKING,,,M,MALE,,,,H,HISPANIC,,,2018.0,CHEVROLET,,,,,,,,,,,,,,
10453136,2833100,1,Driver,True,False,,L,AIR BAG DEPLOYED,C,OCCUPANT LAP BELT USED,CELL PHONE NOT IN USE,NONE APPARENT,,E,,,B,PROCEEDING STRAIGHT,B,HBD-UNDER INFLUENCE,,,M,MALE,,,,W,WHITE,,,,,,,,,,,,,,,,,,
10453132,2833098,2,Driver,,False,,L,AIR BAG DEPLOYED,G,OCCUPANT LAP SHOULDER HARNESS USED,CELL PHONE NOT IN USE,NONE APPARENT,,,,,B,PROCEEDING STRAIGHT,A,HAD NOT BEEN DRINKING,,,M,MALE,,,CA,H,HISPANIC,,,2011.0,BMW,,,,,,,,,,,,,,
10453131,2833098,1,Driver,True,False,,L,AIR BAG DEPLOYED,G,OCCUPANT LAP SHOULDER HARNESS USED,CELL PHONE NOT IN USE,NONE APPARENT,,E,,,B,PROCEEDING STRAIGHT,B,HBD-UNDER INFLUENCE,,,M,MALE,,,CA,H,HISPANIC,,,1998.0,BMW,,,,,,,,,,,,,,
10453126,2833095,2,Driver,,False,,,,,,,,,,,,B,PROCEEDING STRAIGHT,A,HAD NOT BEEN DRINKING,,,M,MALE,,,CA,H,HISPANIC,,,2017.0,JEEP,,,,,,,,,,,,,,
10453125,2833095,1,Driver,True,False,,L,AIR BAG DEPLOYED,W,MOTOR BICYCLE DRIVER WITH HELMET,,,,E,,,B,PROCEEDING STRAIGHT,B,HBD-UNDER INFLUENCE,,,M,MALE,,,CA,H,HISPANIC,,,2001.0,TOYOTA,,,,,,,,,,,,,,
10453116,2833091,3,ParkedVehicle,,False,,,,,,,NONE APPARENT,,,,,O,PARKED,H,NOT APPLICABLE,,,,,,,,,,,,2020.0,CHEVROLET,,,,,,,,,,,,,,
10453115,2833091,2,Driver,,False,,M,AIR BAG NOT DEPLOYED,B,OCCUPANT UNKNOWN,,NONE APPARENT,,,,,O,PARKED,A,HAD NOT BEEN DRINKING,,,F,FEMALE,,,,H,HISPANIC,,,2004.0,MAZDA,,,,,,,,,,,,,,
10453114,2833091,1,Driver,True,False,,M,AIR BAG NOT DEPLOYED,B,OCCUPANT UNKNOWN,,NONE APPARENT,,E,,,B,PROCEEDING STRAIGHT,D,HBD-IMPAIRMENT UNKNOWN,,,,,,,,,,,,1995.0,HONDA,,,,,,,,,,,,,,
10453113,2833090,2,Driver,,False,,M,AIR BAG NOT DEPLOYED,G,OCCUPANT LAP SHOULDER HARNESS USED,,,,W,,,B,PROCEEDING STRAIGHT,A,HAD NOT BEEN DRINKING,,,M,MALE,,,CA,H,HISPANIC,,,2015.0,ACURA,,,,,,,,,,,,,,
10453112,2833090,1,Driver,,False,,M,AIR BAG NOT DEPLOYED,G,OCCUPANT LAP SHOULDER HARNESS USED,,,,W,,,B,PROCEEDING STRAIGHT,A,HAD NOT BEEN DRINKING,,,M,MALE,,,CA,,,,,2010.0,TOYOTA,,,,,,,,,,,,,,
10453108,2833088,3,ParkedVehicle,,False,,,,,,,NONE APPARENT,,,,,A,STOPPED,,,,,,,,,,,,,,2015.0,HYUN,,,,,,,,,,,,,,
10453107,2833088,2,Driver,,False,,L,AIR BAG DEPLOYED,G,OCCUPANT LAP SHOULDER HARNESS USED,,NONE APPARENT,,N,,,B,PROCEEDING STRAIGHT,H,NOT APPLICABLE,,,M,MALE,,,,B,BLACK,,,2020.0,CHEVROLET,,,,,,,,,,,,,,
10453106,2833088,1,Driver,True,False,,P,NOT REQUIRED,G,OCCUPANT LAP SHOULDER HARNESS USED,,VC SECTION VIOLATED - 22107,,N,,,E,MAKING LEFT TURN,H,NOT APPLICABLE,,,F,FEMALE,,,CA,A,ASIAN,,,2017.0,TOYOTA,,,,,,,,,,,,,,
10453101,2833085,4,ParkedVehicle,,False,,,,,,,NONE APPARENT,,E,,,O,PARKED,H,NOT APPLICABLE,,,,,,,,,,,,2015.0,LEXUS,,,,,,,,,,,,,,
10453100,2833085,3,ParkedVehicle,,False,,,,,,,NONE APPARENT,,E,,,B,PROCEEDING STRAIGHT,H,NOT APPLICABLE,,,,,,,,,,,,2010.0,MAZDA,,,,,,,,,,,,,,
10453099,2833085,2,Driver,,False,,M,AIR BAG NOT DEPLOYED,G,OCCUPANT LAP SHOULDER HARNESS USED,,NONE APPARENT,,E,,,B,PROCEEDING STRAIGHT,A,HAD NOT BEEN DRINKING,,,M,MALE,,,CA,W,WHITE,,,2017.0,TOYOTA,,,,,,,,,,,,,,
10453098,2833085,1,Driver,True,False,,M,AIR BAG NOT DEPLOYED,G,OCCUPANT LAP SHOULDER HARNESS USED,,NONE APPARENT,,N,,,E,MAKING LEFT TURN,A,HAD NOT BEEN DRINKING,,,M,MALE,,,CA,,,,,2015.0,TOYOTA,,,,,,,,,,,,,,
10453091,2833081,2,Driver,,False,,M,AIR BAG NOT DEPLOYED,G,OCCUPANT LAP SHOULDER HARNESS USED,,,,N,,,B,PROCEEDING STRAIGHT,A,HAD NOT BEEN DRINKING,,,F,FEMALE,,,CA,H,HISPANIC,1.0,PassengerCarStationWagonJeep,2016.0,TOYOTA,,,,,,,,,,,,,,
10453090,2833081,1,Driver,True,False,,L,AIR BAG DEPLOYED,G,OCCUPANT LAP SHOULDER HARNESS USED,CELL PHONE HANDSFREE IN USE,,,N,,,B,PROCEEDING STRAIGHT,A,HAD NOT BEEN DRINKING,,,F,FEMALE,,,CA,H,HISPANIC,,,2012.0,HONDA,,,,,,,,,,,,,,
10453082,2833078,4,ParkedVehicle,,False,,,,,,CELL PHONE NOT IN USE,NONE APPARENT,,,,,O,PARKED,H,NOT APPLICABLE,,,,,,,,,,,,2012.0,TOYOTA,,,,,,,,,,,,,,
10453081,2833078,3,ParkedVehicle,,False,,,,,,CELL PHONE NOT IN USE,NONE APPARENT,,,,,O,PARKED,H,NOT APPLICABLE,,,,,,,,,,,,2021.0,TOYOTA,,,,,,,,,,,,,,
10453080,2833078,2,ParkedVehicle,,False,,,,,,CELL PHONE NOT IN USE,NONE APPARENT,,,,,O,PARKED,H,NOT APPLICABLE,,,,,,,,,,,,2006.0,TOYOTA,,,,,,,,,,,,,,
10453079,2833078,1,Driver,True,False,,L,AIR BAG DEPLOYED,G,OCCUPANT LAP SHOULDER HARNESS USED,CELL PHONE NOT IN USE,NONE APPARENT,,W,,,B,PROCEEDING STRAIGHT,A,HAD NOT BEEN DRINKING,,,M,MALE,,,CA,H,HISPANIC,,,2017.0,GMC,,,,,,,,,,,,,,
10453070,2833073,2,Pedestrian,,False,,,,,,,NONE APPARENT,,,,,B,PROCEEDING STRAIGHT,A,HAD NOT BEEN DRINKING,,,M,MALE,,,,W,WHITE,60.0,Pedestrian,,,,,,,,,,,,,,,,
10453069,2833073,1,Driver,True,False,,M,AIR BAG NOT DEPLOYED,G,OCCUPANT LAP SHOULDER HARNESS USED,,VISION OBSCUREMENT,,E,,,K,PARKING MANEUVER,A,HAD NOT BEEN DRINKING,,,M,MALE,,,CA,H,HISPANIC,,,2001.0,FORD,,,,,,,,,,,,,,
10453066,2833071,6,Driver,,False,,B,UNKNOWN,W,MOTOR BICYCLE DRIVER WITH HELMET,,NONE APPARENT,,,,,B,PROCEEDING STRAIGHT,A,HAD NOT BEEN DRINKING,,,M,MALE,,,CA,H,HISPANIC,,,2007.0,TOYOTA,,,,,,,,,,,,,,
10453065,2833071,5,Driver,,False,,B,UNKNOWN,W,MOTOR BICYCLE DRIVER WITH HELMET,,NONE APPARENT,,W,,,B,PROCEEDING STRAIGHT,A,HAD NOT BEEN DRINKING,,,M,MALE,,,CA,H,HISPANIC,,,2017.0,HONDA,,,,,,,,,,,,,,
10453064,2833071,4,Other,,False,,,,,,,NONE APPARENT,,E,,,B,PROCEEDING STRAIGHT,G,IMPAIRMENT_NOT_KNOWN,,,,,,,,,,,,,,,,,,,,,,,,,,,
10453063,2833071,3,Driver,,False,,B,UNKNOWN,W,MOTOR BICYCLE DRIVER WITH HELMET,,NONE APPARENT,,E,,,B,PROCEEDING STRAIGHT,A,HAD NOT BEEN DRINKING,,,M,MALE,,,CA,H,HISPANIC,,,2020.0,DODGE,,,,,,,,,,,,,,
10453062,2833071,2,Other,,False,,,,,,,NONE APPARENT,,W,,,B,PROCEEDING STRAIGHT,G,IMPAIRMENT_NOT_KNOWN,,,,,,,,,,,,,,,,,,,,,,,,,,,
10453061,2833071,1,Driver,True,False,,L,AIR BAG DEPLOYED,W,MOTOR BICYCLE DRIVER WITH HELMET,,NONE APPARENT,,W,,,B,PROCEEDING STRAIGHT,,,,,M,MALE,,,CA,H,HISPANIC,,,2014.0,FORD,,,,,,,,,,,,,,
10453058,2833069,2,Driver,,False,,L,AIR BAG DEPLOYED,B,OCCUPANT UNKNOWN,,NONE APPARENT,,,,,G,BACKING,A,HAD NOT BEEN DRINKING,,,F,FEMALE,,,CA,H,HISPANIC,,,2000.0,HONDA,,,,,,,,,,,,,,
10453057,2833069,1,Driver,True,False,,M,AIR BAG NOT DEPLOYED,G,OCCUPANT LAP SHOULDER HARNESS USED,,NONE APPARENT,,S,,,B,PROCEEDING STRAIGHT,G,IMPAIRMENT_NOT_KNOWN,,,M,MALE,,,CA,H,HISPANIC,,,2015.0,JEEP,,,,,,,,,,,,,,
10453052,2833066,2,Driver,,False,,L,AIR BAG DEPLOYED,G,OCCUPANT LAP SHOULDER HARNESS USED,,NONE APPARENT,,W,,,B,PROCEEDING STRAIGHT,A,HAD NOT BEEN DRINKING,,,F,FEMALE,,,CA,H,HISPANIC,,,2017.0,VOLKSWAGEN,,,,,,,,,,,,,,
10453051,2833066,1,Driver,True,False,,M,AIR BAG NOT DEPLOYED,G,OCCUPANT LAP SHOULDER HARNESS USED,,NONE APPARENT,,N,,,E,MAKING LEFT TURN,A,HAD NOT BEEN DRINKING,,,M,MALE,,,CA,H,HISPANIC,,,2000.0,TOYOTA,,,,,,,,,,,,,,
10453050,2833065,2,Driver,,False,,M,AIR BAG NOT DEPLOYED,G,OCCUPANT LAP SHOULDER HARNESS USED,CELL PHONE NOT IN USE,NONE APPARENT,,E,,,B,PROCEEDING STRAIGHT,A,HAD NOT BEEN DRINKING,,,M,MALE,,,CA,,,,,2020.0,TOYOTA,,,,,,,,,,,,,,
10453049,2833065,1,Driver,True,False,,M,AIR BAG NOT DEPLOYED,G,OCCUPANT LAP SHOULDER HARNESS USED,CELL PHONE NOT IN USE,NONE APPARENT,,S,,,E,MAKING LEFT TURN,A,HAD NOT BEEN DRINKING,,,M,MALE,,,CA,H,HISPANIC,,,2018.0,CHEVROLET,,,,,,,,,,,,,,
10453046,2833063,2,Bicyclist,,False,,,,,,CELL PHONE NOT IN USE,NONE APPARENT,,,,,B,PROCEEDING STRAIGHT,A,HAD NOT BEEN DRINKING,,,M,MALE,,,,,,4.0,Bicycle,,,,,,,,,,,,,,,,