PartyId,CollisionId,PartyNumber,PartyType,IsAtFault,IsOnDutyEmergencyVehicle,IsHitAndRun,AirbagCode,AirbagDescription,SafetyEquipmentCode,SafetyEquipmentDescription,Special Information,Other Associate Factor,Inattention,DirectionOfTravel,StreetOrHighwayName,SpeedLimit,MovementPrecCollCode,MovementPrecCollDescription,SobrietyDrugPhysicalCode1,SobrietyDrugPhysicalDescription1,SobrietyDrugPhysicalCode2,SobrietyDrugPhysicalDescription2,GenderCode,GenderDescription,StatedAge,DriverLicenseClass,DriverLicenseStateCode,RaceCode,RaceDesc,Vehicle1TypeId, Vehicle1TypeDesc, Vehicle1Year,Vehicle1Make,Vehicle1Model,Vehicle1Color,V1IsVehicleTowed,Vehicle2TypeId, Vehicle2TypeDesc, Vehicle2Year,Vehicle2Make,Vehicle2Model,Vehicle2Color,V2IsVehicleTowed,Lane,ThruLanes,TotalLanes,IsDREConducted
10485289,2849099,1,Driver,True,False,,M,AIR BAG NOT DEPLOYED,G,OCCUPANT LAP SHOULDER HARNESS USED,,INATTENTION,OTHER,S,,,B,PROCEEDING STRAIGHT,A,HAD NOT BEEN DRINKING,,,M,MALE,,,CA,H,HISPANIC,,,2021.0,HONDA,,,,,,,,,,,,,,
10485288,2849097,3,Driver,,False,,M,AIR BAG NOT DEPLOYED,G,OCCUPANT LAP SHOULDER HARNESS USED,,,,W,,,A,STOPPED,A,HAD NOT BEEN DRINKING,,,M,MALE,,,CA,,,,,2015.0,LEXUS,,,,,,,,,,,,,,
10485287,2849097,2,Driver,,False,,L,AIR BAG DEPLOYED,G,OCCUPANT LAP SHOULDER HARNESS USED,,,,W,,,A,STOPPED,A,HAD NOT BEEN DRINKING,,,F,FEMALE,,,CA,H,HISPANIC,,,2007.0,HONDA,,,,,,,,,,,,,,
10485286,2849097,1,Driver,True,False,,L,AIR BAG DEPLOYED,G,OCCUPANT LAP SHOULDER HARNESS USED,,INATTENTION,OTHER,W,,,B,PROCEEDING STRAIGHT,A,HAD NOT BEEN DRINKING,,,F,FEMALE,,,CA,H,HISPANIC,,,2017.0,VOLKSWAGEN,,,,,,,,,,,,,,
10485285,2849098,2,Driver,,False,,M,AIR BAG NOT DEPLOYED,G,OCCUPANT LAP SHOULDER HARNESS USED,,,,E,,,E,MAKING LEFT TURN,,,,,F,FEMALE,,,CA,H,HISPANIC,22.0,PickupsAndPanels,2002.0,TOYOTA,,,,,,,,,,,,,,
10485284,2849098,1,Driver,True,False,,L,AIR BAG DEPLOYED,B,OCCUPANT UNKNOWN,,,,W,,,B,PROCEEDING STRAIGHT,,,,,F,FEMALE,,F,TN,B,BLACK,1.0,PassengerCarStationWagonJeep,2010.0,INFINITI,,,,,,,,,,,,,,
10485200,2849054,2,Driver,,False,,L,AIR BAG DEPLOYED,G,OCCUPANT LAP SHOULDER HARNESS USED,CELL PHONE NOT IN USE,NONE APPARENT,,N,,,B,PROCEEDING STRAIGHT,G,IMPAIRMENT_NOT_KNOWN,,,F,FEMALE,,,CA,W,WHITE,,,2003.0,HONDA,,,,,,,,,,,,,,
10485199,2849054,1,Driver,True,False,,L,AIR BAG DEPLOYED,G,OCCUPANT LAP SHOULDER HARNESS USED,CELL PHONE NOT IN USE,NONE APPARENT,,E,,,E,MAKING LEFT TURN,G,IMPAIRMENT_NOT_KNOWN,,,F,FEMALE,,C,CA,H,HISPANIC,,,2003.0,HONDA,,,,,,,,,,,,,,
10485198,2849053,2,Driver,,False,,M,AIR BAG NOT DEPLOYED,G,OCCUPANT LAP SHOULDER HARNESS USED,CELL PHONE NOT IN USE,INATTENTION,OTHER,S,,,J,CHANGING LANES,C,HBD-NOT UNDER INFLUENCE,,,M,MALE,,C,CA,O,OTHER,,,1991.0,FORD,,,,,,,,,,,,,,
10485197,2849053,1,Bicyclist,True,False,,,,,,CELL PHONE NOT IN USE,NONE APPARENT,,E,,,B,PROCEEDING STRAIGHT,C,HBD-NOT UNDER INFLUENCE,,,M,MALE,,,,H,HISPANIC,4.0,Bicycle,,,,,,,,,,,,,,,,
10485196,2849052,2,Bicyclist,,False,,,,,,,VC SECTION VIOLATED - 21650 1,,,,,B,PROCEEDING STRAIGHT,A,HAD NOT BEEN DRINKING,,,M,MALE,,,,W,WHITE,4.0,Bicycle,,,,,,,,,,,,,,,,
10485195,2849052,1,Driver,True,False,,,,,,,VISION OBSCUREMENT,,E,,,D,MAKING RIGHT TURN,A,HAD NOT BEEN DRINKING,,,F,FEMALE,,C,CA,B,BLACK,1.0,PassengerCarStationWagonJeep,2004.0,HONDA,,,,,,,,,,,,,,
10485194,2849051,2,Driver,,False,,L,AIR BAG DEPLOYED,G,OCCUPANT LAP SHOULDER HARNESS USED,,NONE APPARENT,,W,,,E,MAKING LEFT TURN,A,HAD NOT BEEN DRINKING,,,F,FEMALE,,C,CA,H,HISPANIC,,,2019.0,TOYOTA,,,,,,,,,,,,,,
10485193,2849051,1,Driver,True,False,,M,AIR BAG NOT DEPLOYED,G,OCCUPANT LAP SHOULDER HARNESS USED,CELL PHONE HANDHELD IN USE,VC SECTION VIOLATED - 22350 / INATTENTION,CELL PHONE HANDHELD,E,,,B,PROCEEDING STRAIGHT,A,HAD NOT BEEN DRINKING,,,F,FEMALE,,U,,H,HISPANIC,,,2006.0,MITSUBISHI,,,,,,,,,,,,,,
10485192,2849050,2,Driver,,False,,L,AIR BAG DEPLOYED,G,OCCUPANT LAP SHOULDER HARNESS USED,,,,E,,,B,PROCEEDING STRAIGHT,A,HAD NOT BEEN DRINKING,,,F,FEMALE,,C,CA,H,HISPANIC,,,2013.0,TOYOTA,,,,,,,,,,,,,,
10485191,2849050,1,Driver,True,False,,L,AIR BAG DEPLOYED,G,OCCUPANT LAP SHOULDER HARNESS USED,,INATTENTION,OTHER,W,,,M,OTHER UNSAFE TURNING,A,HAD NOT BEEN DRINKING,,,F,FEMALE,,F,TX,H,HISPANIC,,,2013.0,KIA,,,,,,,,,,,,,,
10485190,2849049,3,ParkedVehicle,,False,,,,,,,,,,,,O,PARKED,H,NOT APPLICABLE,,,,,,,,,,,,2017.0,TOYOTA,,,,,,,,,,,,,,
10485189,2849049,2,ParkedVehicle,,False,,,,,,,,,,,,O,PARKED,H,NOT APPLICABLE,,,,,,,,,,,,2002.0,TOYOTA,,,,,,,,,,,,,,
10485188,2849049,1,Driver,True,False,,L,AIR BAG DEPLOYED,G,OCCUPANT LAP SHOULDER HARNESS USED,CELL PHONE HANDHELD IN USE,VC SECTION VIOLATED - 21123 5,,N,,,B,PROCEEDING STRAIGHT,C,HBD-NOT UNDER INFLUENCE,,,F,FEMALE,,C,CA,A,ASIAN,,,2013.0,ACURA,,,,,,,,,,,,,,
10485187,2849048,1,Driver,,False,,,,,,,OTHER,,N,,,B,PROCEEDING STRAIGHT,G,IMPAIRMENT_NOT_KNOWN,,,F,FEMALE,,,CA,W,WHITE,,,2016.0,BMW,,,,,,,,,,,,,,
10485186,2849047,4,Driver,,False,,M,AIR BAG NOT DEPLOYED,G,OCCUPANT LAP SHOULDER HARNESS USED,CELL PHONE NOT IN USE,,,N,,,A,STOPPED,A,HAD NOT BEEN DRINKING,,,M,MALE,,,,A,ASIAN,,,2010.0,TOYOTA,,,,,,,,,,,,,,
10485185,2849047,3,Driver,,False,,M,AIR BAG NOT DEPLOYED,G,OCCUPANT LAP SHOULDER HARNESS USED,CELL PHONE NOT IN USE,,,N,,,A,STOPPED,A,HAD NOT BEEN DRINKING,,,M,MALE,,,,O,OTHER,,,2021.0,BMW,,,,,,,,,,,,,,
10485184,2849047,2,Driver,,False,,L,AIR BAG DEPLOYED,G,OCCUPANT LAP SHOULDER HARNESS USED,CELL PHONE NOT IN USE,,,N,,,A,STOPPED,A,HAD NOT BEEN DRINKING,,,F,FEMALE,,,CA,W,WHITE,,,2010.0,ACURA,,,,,,,,,,,,,,
10485183,2849047,1,Driver,True,False,,M,AIR BAG NOT DEPLOYED,G,OCCUPANT LAP SHOULDER HARNESS USED,CELL PHONE NOT IN USE,,,N,,,B,PROCEEDING STRAIGHT,A,HAD NOT BEEN DRINKING,,,M,MALE,,,CA,W,WHITE,,,2019.0,LEXUS,,,,,,,,,,,,,,
10485182,2849046,2,Pedestrian,,False,,,,,,,,,N,,,R,OTHER,G,IMPAIRMENT_NOT_KNOWN,,,F,FEMALE,,,,W,WHITE,60.0,Pedestrian,,,,,,,,,,,,,,,,
10485181,2849046,1,Driver,True,False,,M,AIR BAG NOT DEPLOYED,C,OCCUPANT LAP BELT USED,,OTHER,,E,,,B,PROCEEDING STRAIGHT,G,IMPAIRMENT_NOT_KNOWN,,,M,MALE,,C,CA,H,HISPANIC,,,2007.0,CHEVROLET,,,,,,,,,,,,,,
10485180,2849045,3,Driver,,False,,M,AIR BAG NOT DEPLOYED,G,OCCUPANT LAP SHOULDER HARNESS USED,,,,S,,,O,PARKED,,,,,M,MALE,,,CA,H,HISPANIC,,,2020.0,FORD,,,,,,,,,,,,,,
10485179,2849045,2,Driver,,False,,L,AIR BAG DEPLOYED,G,OCCUPANT LAP SHOULDER HARNESS USED,,,,S,,,A,STOPPED,,,,,M,MALE,,,CA,B,BLACK,,,2007.0,ACURA,,,,,,,,,,,,,,
10485178,2849045,1,Driver,True,False,,L,AIR BAG DEPLOYED,G,OCCUPANT LAP SHOULDER HARNESS USED,,,,W,,,A,STOPPED,,,,,F,FEMALE,,,CA,A,ASIAN,,,2020.0,HONDA,,,,,,,,,,,,,,
10485177,2849044,2,Driver,,False,,B,UNKNOWN,,,CELL PHONE NOT IN USE,,,S,,,B,PROCEEDING STRAIGHT,A,HAD NOT BEEN DRINKING,,,F,FEMALE,,,,H,HISPANIC,,,2016.0,FORD,,,,,,,,,,,,,,
10485176,2849044,1,Driver,,False,,B,UNKNOWN,,,CELL PHONE NOT IN USE,,,N,,,F,MAKING U TURN,A,HAD NOT BEEN DRINKING,,,F,FEMALE,,,CA,H,HISPANIC,,,2017.0,TOYOTA,,,,,,,,,,,,,,
10485175,2849043,3,Driver,,False,,M,AIR BAG NOT DEPLOYED,G,OCCUPANT LAP SHOULDER HARNESS USED,,,,N,,,A,STOPPED,H,NOT APPLICABLE,,,M,MALE,,U,CA,H,HISPANIC,,,2002.0,MITSUBISHI,,,,,,,,,,,,,,
10485174,2849043,2,Driver,,False,,L,AIR BAG DEPLOYED,G,OCCUPANT LAP SHOULDER HARNESS USED,,,,N,,,A,STOPPED,H,NOT APPLICABLE,,,M,MALE,,C,CA,H,HISPANIC,,,2004.0,AUDI,,,,,,,,,,,,,,
10485173,2849043,1,Driver,True,False,,L,AIR BAG DEPLOYED,G,OCCUPANT LAP SHOULDER HARNESS USED,,,,N,,,B,PROCEEDING STRAIGHT,H,NOT APPLICABLE,,,M,MALE,,C,CA,H,HISPANIC,,,2015.0,AUDI,,,,,,,,,,,,,,
10485172,2849042,2,Bicyclist,,False,,,,,,,,,W,,,B,PROCEEDING STRAIGHT,A,HAD NOT BEEN DRINKING,,,M,MALE,,,,,,4.0,Bicycle,,,,,,,,,,,,,,,,
10485171,2849042,1,Driver,True,False,,M,AIR BAG NOT DEPLOYED,C,OCCUPANT LAP BELT USED,,,,E,,,D,MAKING RIGHT TURN,A,HAD NOT BEEN DRINKING,,,M,MALE,,,LA,,,,,2011.0,TOYOTA,,,,,,,,,,,,,,
10485170,2849041,2,Driver,,False,,M,AIR BAG NOT DEPLOYED,G,OCCUPANT LAP SHOULDER HARNESS USED,CELL PHONE NOT IN USE,,,W,,,B,PROCEEDING STRAIGHT,A,HAD NOT BEEN DRINKING,,,F,FEMALE,,,CA,W,WHITE,,,2007.0,NISSAN,,,,,,,,,,,,,,
10485169,2849041,1,Driver,True,False,,M,AIR BAG NOT DEPLOYED,G,OCCUPANT LAP SHOULDER HARNESS USED,CELL PHONE NOT IN USE,VISION OBSCUREMENT,,S,,,E,MAKING LEFT TURN,A,HAD NOT BEEN DRINKING,,,F,FEMALE,,C,CA,W,WHITE,,,2011.0,CHEVROLET,,,,,,,,,,,,,,
10485122,2849017,2,Bicyclist,,False,,,,,,,,,N,,,R,OTHER,C,HBD-NOT UNDER INFLUENCE,,,M,MALE,,,,O,OTHER,4.0,Bicycle,,,,,,,,,,,,,,,,
10485121,2849017,1,Driver,True,False,,M,AIR BAG NOT DEPLOYED,G,OCCUPANT LAP SHOULDER HARNESS USED,,,,W,,,B,PROCEEDING STRAIGHT,C,HBD-NOT UNDER INFLUENCE,,,M,MALE,,,CA,,,,,2018.0,AUDI,,,,,,,,,,,,,,
10484915,2848916,2,Driver,,False,,M,AIR BAG NOT DEPLOYED,C,OCCUPANT LAP BELT USED,,NONE APPARENT,,S,,,B,PROCEEDING STRAIGHT,H,NOT APPLICABLE,,,M,MALE,,,CA,H,HISPANIC,,,2016.0,TOYOTA,,,,,,,,,,,,,,
10484914,2848916,1,Driver,True,False,,M,AIR BAG NOT DEPLOYED,C,OCCUPANT LAP BELT USED,,NONE APPARENT,,W,,,F,MAKING U TURN,H,NOT APPLICABLE,,,M,MALE,,,CA,H,HISPANIC,,,2016.0,FORD,,,,,,,,,,,,,,
10484569,2848753,2,Pedestrian,,False,,,,,,,,,,,,,,D,HBD-IMPAIRMENT UNKNOWN,,,M,MALE,,,,H,HISPANIC,60.0,Pedestrian,,,,,,,,,,,,,,,,
10484568,2848753,1,Driver,True,False,,B,UNKNOWN,,,,,,,,,,,D,HBD-IMPAIRMENT UNKNOWN,,,,,,,,,,99.0,OtherUnknownHitAndRunDriver,,,,,,,,,,,,,,,,
10484567,2848752,2,Driver,,False,,M,AIR BAG NOT DEPLOYED,G,OCCUPANT LAP SHOULDER HARNESS USED,,STOP & GO TRAFFIC,,E,,,B,PROCEEDING STRAIGHT,A,HAD NOT BEEN DRINKING,,,M,MALE,,,CA,W,WHITE,,,2016.0,FORD,,,,,,,,,,,,,,
10484566,2848752,1,Driver,True,False,,L,AIR BAG DEPLOYED,G,OCCUPANT LAP SHOULDER HARNESS USED,CELL PHONE NOT IN USE,VC SECTION VIOLATED / STOP & GO TRAFFIC,,E,,,B,PROCEEDING STRAIGHT,A,HAD NOT BEEN DRINKING,,,F,FEMALE,,,CA,H,HISPANIC,,,2014.0,MAZDA,,,,,,,,,,,,,,
10484565,2848751,2,Driver,,False,,L,AIR BAG DEPLOYED,G,OCCUPANT LAP SHOULDER HARNESS USED,,NONE APPARENT,,W,,,B,PROCEEDING STRAIGHT,A,HAD NOT BEEN DRINKING,,,M,MALE,,,CA,,,,,2019.0,TESLA,,,,,,,,,,,,,,
10484564,2848751,1,Driver,True,False,,L,AIR BAG DEPLOYED,G,OCCUPANT LAP SHOULDER HARNESS USED,,VC SECTION VIOLATED - 22453 C,,N,,,E,MAKING LEFT TURN,A,HAD NOT BEEN DRINKING,,,F,FEMALE,,,CA,A,ASIAN,,,2008.0,TOYOTA,,,,,,,,,,,,,,
10484563,2848750,2,Driver,,False,,M,AIR BAG NOT DEPLOYED,G,OCCUPANT LAP SHOULDER HARNESS USED,CELL PHONE NOT IN USE,NONE APPARENT,,S,,,B,PROCEEDING STRAIGHT,A,HAD NOT BEEN DRINKING,,,F,FEMALE,,,CA,A,ASIAN,1.0,PassengerCarStationWagonJeep,2011.0,TOYOTA,,,,,,,,,,,,,,
10484562,2848750,1,Driver,True,False,,M,AIR BAG NOT DEPLOYED,G,OCCUPANT LAP SHOULDER HARNESS USED,CELL PHONE NOT IN USE,NONE APPARENT,,S,,,J,CHANGING LANES,A,HAD NOT BEEN DRINKING,,,F,FEMALE,,,CA,,,,,2018.0,TESLA,,,,,,,,,,,,,,
10484561,2848749,2,Driver,,False,,L,AIR BAG DEPLOYED,D,OCCUPANT LAP BELT NOT USED,CELL PHONE NOT IN USE,NONE APPARENT,,E,,,B,PROCEEDING STRAIGHT,A,HAD NOT BEEN DRINKING,,,M,MALE,,,CA,W,WHITE,1.0,PassengerCarStationWagonJeep,2010.0,TOY,,,,,,,,,,,,,,
10484560,2848749,1,Driver,True,False,,M,AIR BAG NOT DEPLOYED,G,OCCUPANT LAP SHOULDER HARNESS USED,CELL PHONE NOT IN USE,NONE APPARENT,,E,,,L,ENTERING TRAFFICD,A,HAD NOT BEEN DRINKING,,,M,MALE,,,CA,O,OTHER,,,2009.0,CHEVROLET,,,,,,,,,,,,,,
10484559,2848748,2,Driver,,False,,M,AIR BAG NOT DEPLOYED,C,OCCUPANT LAP BELT USED,,NONE APPARENT,,N,,,B,PROCEEDING STRAIGHT,H,NOT APPLICABLE,,,M,MALE,,F,CO,W,WHITE,,,2014.0,FORD,,,,,,,,,,,,,,
10484558,2848748,1,Driver,True,False,,L,AIR BAG DEPLOYED,C,OCCUPANT LAP BELT USED,,INATTENTION,OTHER,W,,,B,PROCEEDING STRAIGHT,H,NOT APPLICABLE,,,F,FEMALE,,,,,,1.0,PassengerCarStationWagonJeep,2017.0,NISSAN,,,,,,,,,,,,,,
10484557,2848747,2,Bicyclist,,False,,,,,,,NONE APPARENT,,N,,,B,PROCEEDING STRAIGHT,H,NOT APPLICABLE,,,M,MALE,,,,H,HISPANIC,4.0,Bicycle,,,,,,,,,,,,,,,,
10484556,2848747,1,Driver,True,False,,,,,,,NONE APPARENT,,,,,G,BACKING,H,NOT APPLICABLE,,,F,FEMALE,,,CA,W,WHITE,,,2005.0,TOYOTA,,,,,,,,,,,,,,
10484555,2848746,1,Driver,True,False,,B,UNKNOWN,G,OCCUPANT LAP SHOULDER HARNESS USED,,,,E,,,B,PROCEEDING STRAIGHT,A,HAD NOT BEEN DRINKING,,,F,FEMALE,,,CA,,,,,2019.0,HONDA,,,,,,,,,,,,,,
10484446,2848696,2,Driver,,False,,P,NOT REQUIRED,,,,,,N,,,B,PROCEEDING STRAIGHT,A,HAD NOT BEEN DRINKING,,,M,MALE,,,CA,H,HISPANIC,,,1999.0,YAMAHA,,,,,,,,,,,,,,
10484445,2848696,1,Driver,True,False,,M,AIR BAG NOT DEPLOYED,E,OCCUPANT SHOULDER HARNESS USED,,,,E,,,B,PROCEEDING STRAIGHT,A,HAD NOT BEEN DRINKING,,,F,FEMALE,,F,TX,W,WHITE,,,2015.0,FORD,,,,,,,,,,,,,,
10484444,2848695,3,Driver,,False,,M,AIR BAG NOT DEPLOYED,G,OCCUPANT LAP SHOULDER HARNESS USED,,NONE APPARENT,,N,,,B,PROCEEDING STRAIGHT,A,HAD NOT BEEN DRINKING,,,F,FEMALE,,,CA,W,WHITE,,,2018.0,LEXUS,,,,,,,,,,,,,,
10484443,2848695,2,Driver,,False,,L,AIR BAG DEPLOYED,G,OCCUPANT LAP SHOULDER HARNESS USED,,NONE APPARENT,,N,,,B,PROCEEDING STRAIGHT,A,HAD NOT BEEN DRINKING,,,F,FEMALE,,,CA,A,ASIAN,,,2014.0,FORD,,,,,,,,,,,,,,
10484442,2848695,1,Driver,,False,,L,AIR BAG DEPLOYED,G,OCCUPANT LAP SHOULDER HARNESS USED,,VC SECTION VIOLATED - 21651 B / NONE APPARENT,,S,,,N,XING INTO OPPOSING LANE,B,HBD-UNDER INFLUENCE,,,M,MALE,,,CA,H,HISPANIC,,,2004.0,CADILLAC,,,,,,,,,,,,,,
10484437,2848692,2,Driver,,False,,M,AIR BAG NOT DEPLOYED,G,OCCUPANT LAP SHOULDER HARNESS USED,,,,W,,,B,PROCEEDING STRAIGHT,G,IMPAIRMENT_NOT_KNOWN,,,M,MALE,,,CA,,,,,1999.0,ACURA,,,,,,,,,,,,,,
10484436,2848692,1,Pedestrian,True,False,,,,,,,,,,,,B,PROCEEDING STRAIGHT,G,IMPAIRMENT_NOT_KNOWN,,,M,MALE,,,,,,60.0,Pedestrian,,,,,,,,,,,,,,,,
10484435,2848691,1,Driver,True,False,,L,AIR BAG DEPLOYED,B,OCCUPANT UNKNOWN,,NONE APPARENT,,W,,,B,PROCEEDING STRAIGHT,B,HBD-UNDER INFLUENCE,,,F,FEMALE,,,CA,W,WHITE,,,2010.0,FORD,,,,,,,,,,,,,,
10484434,2848690,1,Driver,True,False,,L,AIR BAG DEPLOYED,G,OCCUPANT LAP SHOULDER HARNESS USED,CELL PHONE NOT IN USE,NONE APPARENT,,N,,,B,PROCEEDING STRAIGHT,B,HBD-UNDER INFLUENCE,,,M,MALE,,,,H,HISPANIC,,,2009.0,SCION,,,,,,,,,,,,,,
10484433,2848689,2,Driver,,False,,,,,,,NONE APPARENT,,S,,,B,PROCEEDING STRAIGHT,H,NOT APPLICABLE,,,M,MALE,,,CA,,,,,2015.0,HONDA,,,,,,,,,,,,,,
10484432,2848689,1,Driver,,False,,M,AIR BAG NOT DEPLOYED,C,OCCUPANT LAP BELT USED,,VC SECTION VIOLATED - 20001 / NONE APPARENT,,S,,,B,PROCEEDING STRAIGHT,H,NOT APPLICABLE,,,,,,,,,,,,,TOYOTA,,,,,,,,,,,,,,
10484431,2848688,2,Driver,,False,,M,AIR BAG NOT DEPLOYED,G,OCCUPANT LAP SHOULDER HARNESS USED,,,,W,,,F,MAKING U TURN,A,HAD NOT BEEN DRINKING,,,M,MALE,,,CA,,,,,2017.0,ACURA,,,,,,,,,,,,,,
10484430,2848688,1,Driver,True,False,,L,AIR BAG DEPLOYED,B,OCCUPANT UNKNOWN,,VC SECTION VIOLATED - 22350,,S,,,B,PROCEEDING STRAIGHT,,,,,,,,,,,,,,1998.0,HONDA,,,,,,,,,,,,,,
10484429,2848687,2,Driver,,False,,L,AIR BAG DEPLOYED,G,OCCUPANT LAP SHOULDER HARNESS USED,,NONE APPARENT,,E,,,E,MAKING LEFT TURN,A,HAD NOT BEEN DRINKING,,,M,MALE,,,CA,H,HISPANIC,,,2017.0,NISSAN,,,,,,,,,,,,,,
10484428,2848687,1,Driver,True,False,,L,AIR BAG DEPLOYED,B,OCCUPANT UNKNOWN,,VC SECTION VIOLATED - 24250 / NONE APPARENT,,W,,,B,PROCEEDING STRAIGHT,G,IMPAIRMENT_NOT_KNOWN,,,,,,,,,,,,2006.0,NISSAN,,,,,,,,,,,,,,
10484427,2848686,3,Pedestrian,,False,,,,,,,,,,,,,,,,,,M,MALE,,,,,,60.0,Pedestrian,,,,,,,,,,,,,,,,
10484426,2848686,2,Driver,,False,,L,AIR BAG DEPLOYED,G,OCCUPANT LAP SHOULDER HARNESS USED,,,,N,,,B,PROCEEDING STRAIGHT,A,HAD NOT BEEN DRINKING,,,M,MALE,,,CA,H,HISPANIC,,,2012.0,ACURA,,,,,,,,,,,,,,
10484425,2848686,1,Driver,True,False,,L,AIR BAG DEPLOYED,B,OCCUPANT UNKNOWN,,,,S,,,B,PROCEEDING STRAIGHT,B,HBD-UNDER INFLUENCE,,,M,MALE,,,CA,H,HISPANIC,,,2007.0,CHEVROLET,,,,,,,,,,,,,,
10484424,2848685,2,Pedestrian,,False,,,,,,,NONE APPARENT,,,,,N,XING INTO OPPOSING LANE,G,IMPAIRMENT_NOT_KNOWN,,,F,FEMALE,,,,W,WHITE,60.0,Pedestrian,,,,,,,,,,,,,,,,
10484423,2848685,1,Driver,True,False,,,,,,,NONE APPARENT,,,,,R,OTHER,G,IMPAIRMENT_NOT_KNOWN,,,,,,,,,,,,,,,,,,,,,,,,,,,
10484422,2848684,2,Pedestrian,,False,,,,,,,,,,,,,,,,,,F,FEMALE,,,,,,60.0,Pedestrian,,,,,,,,,,,,,,,,
10484421,2848684,1,Driver,True,False,,,,,,,NONE APPARENT,,S,,,B,PROCEEDING STRAIGHT,G,IMPAIRMENT_NOT_KNOWN,,,F,FEMALE,,,,,,,,,,,,,,,,,,,,,,,
10484420,2848683,3,Driver,,False,,,,,,,NONE APPARENT,,W,,,D,MAKING RIGHT TURN,A,HAD NOT BEEN DRINKING,,,F,FEMALE,,,CA,W,WHITE,,,2019.0,FORD,,,,,,,,,,,,,,
10484419,2848683,2,Driver,,False,,L,AIR BAG DEPLOYED,G,OCCUPANT LAP SHOULDER HARNESS USED,,NONE APPARENT,,N,,,B,PROCEEDING STRAIGHT,A,HAD NOT BEEN DRINKING,,,M,MALE,,,CA,H,HISPANIC,,,1999.0,MERCEDES-BENZ,,,,,,,,,,,,,,
10484418,2848683,1,Driver,True,False,,,,,,,NONE APPARENT,,,,,R,OTHER,G,IMPAIRMENT_NOT_KNOWN,,,,,,,,,,,,,,,,,,,,,,,,,,,
10484417,2848682,2,Pedestrian,,False,,,,,,CELL PHONE NOT IN USE,NONE APPARENT,,S,,,B,PROCEEDING STRAIGHT,A,HAD NOT BEEN DRINKING,,,F,FEMALE,,,,H,HISPANIC,60.0,Pedestrian,,,,,,,,,,,,,,,,
10484416,2848682,1,Driver,True,False,,B,UNKNOWN,,,CELL PHONE NOT IN USE,NONE APPARENT,,E,,,E,MAKING LEFT TURN,D,HBD-IMPAIRMENT UNKNOWN,,,,,,,,,,,,,,,,,,,,,,,,,,,
10484415,2848681,4,ParkedVehicle,,False,,,,,,,,,,,,O,PARKED,H,NOT APPLICABLE,,,,,,,,,,,,2006.0,TOYOTA,,,,,,,,,,,,,,
10484414,2848681,3,Driver,,False,,L,AIR BAG DEPLOYED,G,OCCUPANT LAP SHOULDER HARNESS USED,,,,E,,,B,PROCEEDING STRAIGHT,C,HBD-NOT UNDER INFLUENCE,,,M,MALE,,,CA,H,HISPANIC,,,2010.0,TOYOTA,,,,,,,,,,,,,,
10484413,2848681,2,ParkedVehicle,,False,,,,,,,,,,,,O,PARKED,H,NOT APPLICABLE,,,,,,,,,,,,1999.0,FORD,,,,,,,,,,,,,,
10484412,2848681,1,Driver,True,False,,L,AIR BAG DEPLOYED,G,OCCUPANT LAP SHOULDER HARNESS USED,,VC SECTION VIOLATED - 22350,,S,,,E,MAKING LEFT TURN,C,HBD-NOT UNDER INFLUENCE,,,M,MALE,,,CA,B,BLACK,,,2019.0,TOYOTA,,,,,,,,,,,,,,
10484411,2848680,2,Driver,,False,,M,AIR BAG NOT DEPLOYED,G,OCCUPANT LAP SHOULDER HARNESS USED,,NONE APPARENT,,E,,,B,PROCEEDING STRAIGHT,A,HAD NOT BEEN DRINKING,,,F,FEMALE,,,CA,,,,,2007.0,TOYOTA,,,,,,,,,,,,,,
10484410,2848680,1,Pedestrian,True,False,,,,,,,NONE APPARENT,,,,,R,OTHER,D,HBD-IMPAIRMENT UNKNOWN,,,M,MALE,,,,H,HISPANIC,60.0,Pedestrian,,,,,,,,,,,,,,,,
10484409,2848679,2,Driver,,False,,M,AIR BAG NOT DEPLOYED,P,NOT REQUIRED,CELL PHONE NOT IN USE,,,N,,,B,PROCEEDING STRAIGHT,A,HAD NOT BEEN DRINKING,,,M,MALE,,,CA,A,ASIAN,,,,,,,,,,,,,,,,,,
10484408,2848679,1,Driver,True,False,,M,AIR BAG NOT DEPLOYED,C,OCCUPANT LAP BELT USED,CELL PHONE NOT IN USE,,,W,,,E,MAKING LEFT TURN,A,HAD NOT BEEN DRINKING,,,M,MALE,,,,H,HISPANIC,,,2001.0,HONDA,,,,,,,,,,,,,,
10484407,2848678,2,Driver,,False,,,,,,,,,,,,,,,,,,F,FEMALE,,,CA,H,HISPANIC,,,2021.0,HONDA,,,,,,,,,,,,,,
10484406,2848678,1,Driver,True,False,,L,AIR BAG DEPLOYED,B,OCCUPANT UNKNOWN,,VC SECTION VIOLATED - 20001,,N,,,B,PROCEEDING STRAIGHT,A,HAD NOT BEEN DRINKING,,,M,MALE,,,,H,HISPANIC,,,2002.0,HONDA,,,,,,,,,,,,,,
10484405,2848677,2,Driver,,False,,M,AIR BAG NOT DEPLOYED,G,OCCUPANT LAP SHOULDER HARNESS USED,,,,E,,,B,PROCEEDING STRAIGHT,A,HAD NOT BEEN DRINKING,,,M,MALE,,,CA,H,HISPANIC,1.0,PassengerCarStationWagonJeep,1999.0,INFINITI,,,,,,,,,,,,,,
10484404,2848677,1,Driver,True,False,,M,AIR BAG NOT DEPLOYED,G,OCCUPANT LAP SHOULDER HARNESS USED,,,,S,,,B,PROCEEDING STRAIGHT,A,HAD NOT BEEN DRINKING,,,M,MALE,,,CA,H,HISPANIC,1.0,PassengerCarStationWagonJeep,2002.0,FORD,,,,,,,,,,,,,,
10484403,2848676,2,Driver,,False,,M,AIR BAG NOT DEPLOYED,W,MOTOR BICYCLE DRIVER WITH HELMET,,NONE APPARENT,,N,,,B,PROCEEDING STRAIGHT,G,IMPAIRMENT_NOT_KNOWN,,,M,MALE,,,,A,ASIAN,,,1971.0,HARLEY-DAVIDSON,,,,,,,,,,,,,,
10484402,2848676,1,Driver,True,False,,M,AIR BAG NOT DEPLOYED,E,OCCUPANT SHOULDER HARNESS USED,,NONE APPARENT,,S,,,F,MAKING U TURN,H,NOT APPLICABLE,,,M,MALE,,,CA,H,HISPANIC,,,2017.0,HONDA,,,,,,,,,,,,,,
10484401,2848675,3,ParkedVehicle,,False,,,,,,,NONE APPARENT,,,,,O,PARKED,H,NOT APPLICABLE,,,,,,,,,,,,1997.0,DODGE,,,,,,,,,,,,,,